,Comments,T,P
15 30 54 ,,169.9,749.6
15 30 55 ,,169.9,749.6
15 30 56 ,,169.9,749.6
15 30 57 ,,169.9,749.6
15 30 58 ,,169.9,749.6
15 30 59 ,,169.9,749.6
15 31 00 ,,169.9,749.6
15 31 01 ,,169.9,749.6
15 31 02 ,,169.9,749.6
15 31 03 ,,169.9,749.6
15 31 04 ,,169.9,749.6
15 31 05 ,,169.9,749.6
15 31 06 ,,169.9,749.6
15 31 07 ,,169.9,749.6
15 31 08 ,,169.9,749.6
15 31 09 ,,169.9,749.6
15 31 10 ,,169.9,749.6
15 31 11 ,,169.9,749.6
15 31 12 ,,169.9,749.6
15 31 13 ,,169.9,749.6
15 31 14 ,,169.9,749.6
15 31 15 ,,169.9,749.6
15 31 16 ,,169.9,749.6
15 31 17 ,,169.9,749.6
15 31 18 ,,169.9,749.6
15 31 19 ,,169.9,749.6
15 31 20 ,,169.9,749.6
15 31 21 ,,169.9,749.6
15 31 22 ,,169.9,749.6
15 31 23 ,,169.9,749.6
15 31 24 ,,169.9,749.6
15 31 25 ,,169.9,749.6
15 31 26 ,,169.9,749.6
15 31 27 ,,169.9,749.6
15 31 28 ,,169.9,749.6
15 31 29 ,,169.9,749.6
15 30 57 ,,169.9,749.6
15 30 57 ,,,
15 30 57 ,,,
15 30 57 ,,170.1,748.4
15 30 57 ,,170.1,748.4
15 30 58 ,,170.1,748.4
15 30 59 ,,170.1,748.4
15 31 00 ,,170.1,748.4
15 31 01 ,,170.1,748.4
15 31 02 ,,170.1,748.4
15 31 03 ,,170,748.4
15 31 04 ,,170,748.4
15 31 05 ,,170,748.4
15 31 06 ,,170.1,748.4
15 31 07 ,,170.1,748.4
15 31 08 ,,170.1,748.4
15 31 09 ,,170.1,748.4
15 31 10 ,,170.1,748.4
15 31 11 ,,170.1,748.4
15 31 12 ,,170.1,748.4
15 31 13 ,,170.1,748.4
15 31 14 ,,170.1,748.4
15 31 15 ,,170.1,748.4
15 31 16 ,,170.1,748.4
15 31 17 ,,170.1,748.4
15 31 18 ,,170.1,748.4
15 31 19 ,,170.1,748.4
15 31 20 ,,170.1,748.4
15 31 21 ,,170.1,748.4
15 31 22 ,,170.1,748.4
15 31 23 ,,170.1,748.4
15 31 24 ,,170.1,748.4
15 31 25 ,,170.1,748.4
15 31 26 ,,170.1,748.4
15 31 27 ,,170.1,748.4
15 31 28 ,,170.1,748.4
15 31 29 ,,170.1,748.4
15 31 30 ,,170.1,748.4
15 31 31 ,,170.1,748.4
15 31 32 ,,170.1,748.4
15 31 33 ,,170.1,748.4
15 31 34 ,,170.1,748.4
15 31 35 ,,170.1,748.4
15 31 36 ,,170.1,748.4
15 31 37 ,,170.1,748.4
15 31 38 ,,170.1,748.4
15 31 39 ,,170.1,748.4
15 31 40 ,,170.1,748.4
15 31 41 ,,170.1,748.4
15 31 42 ,,170.1,748.4
15 31 43 ,,170.1,748.4
15 31 44 ,,170.1,748.4
15 31 45 ,,170.1,748.4
15 31 46 ,,170.1,748.4
15 31 47 ,,170.1,748.4
15 31 48 ,,170.1,748.4
15 31 49 ,,170.1,748.4
15 31 50 ,,170.1,748.4
15 31 51 ,,170.1,748.4
15 31 52 ,,170.1,748.4
15 31 53 ,,170.1,748.4
15 31 54 ,,170.1,748.4
15 31 55 ,,170,748.4
15 31 56 ,,170,748.4
15 31 57 ,,170.1,748.4
15 31 58 ,,170.1,748.4
15 31 59 ,,170.1,748.4
15 32 00 ,,170,748.4
15 32 01 ,,170,748.4
15 32 02 ,,170.1,748.4
15 32 03 ,,170.1,748.4
15 32 04 ,,170.1,748.4
15 32 05 ,,170.1,748.4
15 32 06 ,,170.1,748.4
15 32 07 ,,170.1,748.4
15 32 08 ,,170.1,748.4
15 32 09 ,,170.1,748.4
15 32 10 ,,170.1,748.4
15 32 11 ,,170.1,748.4
15 32 12 ,,170.1,748.4
15 32 13 ,,170.1,748.4
15 32 14 ,,170.1,748.4
15 32 15 ,,170.1,748.4
15 32 16 ,,170.1,748.4
15 32 17 ,,170,748.4
15 32 18 ,,170,748.4
15 32 19 ,,170.1,748.4
15 32 20 ,,170.1,748.4
15 32 21 ,,170.1,748.4
15 32 22 ,,170,748.4
15 32 23 ,,170,748.4
15 32 24 ,,170.1,748.4
15 32 25 ,,170.1,748.4
15 32 26 ,,170.1,748.4
15 32 27 ,,170.1,748.4
15 32 28 ,,170.1,748.4
15 32 29 ,,170.1,748.4
15 32 30 ,,170.1,748.4
15 32 31 ,,170,748.4
15 32 32 ,,170,748.4
15 32 33 ,,170,748.4
15 32 34 ,,170,748.4
15 32 35 ,,170,748.4
15 32 36 ,,170.1,748.4
15 32 37 ,,170.1,748.4
15 32 38 ,,170.1,748.4
15 32 39 ,,170.1,748.4
15 32 40 ,,170.1,748.4
15 32 41 ,,170.1,748.4
15 32 42 ,,170.1,748.4
15 32 43 ,,170.1,748.4
15 32 44 ,,170.1,748.4
15 32 45 ,,170.1,748.4
15 32 46 ,,170,748.4
15 32 47 ,,170,748.4
15 32 48 ,,170,748.4
15 32 49 ,,170.1,748.4
15 32 50 ,,170.1,748.4
15 32 51 ,,170.1,748.4
15 32 52 ,,170.1,748.4
15 32 53 ,,170.1,748.4
15 32 54 ,,170.1,748.4
15 32 55 ,,170.1,748.4
15 32 56 ,,170.1,748.4
15 32 57 ,,170.1,748.4
15 32 58 ,,170.1,748.4
15 32 59 ,,170.1,748.4
15 33 00 ,,170.1,748.4
15 33 01 ,,170.1,748.4
15 33 02 ,,170.1,748.4
15 33 03 ,,170.1,748.4
15 33 04 ,,170.1,748.4
15 33 05 ,,170.1,748.4
15 33 06 ,,170.1,748.4
15 33 07 ,,170.1,748.4
15 33 08 ,,170.1,748.4
15 33 09 ,,170.1,748.4
15 33 10 ,,170.1,748.4
15 33 11 ,,170.1,748.4
15 33 12 ,,170.1,748.4
15 33 13 ,,170.1,748.4
15 33 14 ,,170.1,748.4
15 33 15 ,,170.1,748.4
15 33 16 ,,170.1,748.4
15 33 17 ,,170.1,748.4
15 33 18 ,,170.1,748.4
15 33 19 ,,170.1,748.4
15 33 20 ,,170.1,748.4
15 33 21 ,,170.1,748.4
15 33 22 ,,170.1,748.4
15 33 23 ,,170.1,748.4
15 33 24 ,,170.1,748.4
15 33 25 ,,170.1,748.4
15 33 26 ,,170.1,748.4
15 33 27 ,,170.1,748.4
15 33 28 ,,170.1,748.4
15 33 29 ,,170.1,748.4
15 33 30 ,,170.1,748.4
15 33 31 ,,170.1,748.4
15 33 32 ,,170.1,748.4
15 33 33 ,,170.1,748.4
15 33 34 ,,170.1,748.4
15 33 35 ,,170.1,748.4
15 33 36 ,,170.1,748.4
15 33 37 ,,170.1,748.4
15 33 38 ,,170.1,748.4
15 33 39 ,,170.1,748.4
15 33 40 ,,170.1,748.4
15 33 41 ,,170.1,748.4
15 33 42 ,,170.1,748.4
15 33 43 ,,170.1,748.4
15 33 44 ,,170.1,748.4
15 33 45 ,,170.1,748.4
15 33 46 ,,170.1,748.4
15 33 47 ,,170.1,748.4
15 33 48 ,,170.1,748.4
15 33 49 ,,170.1,748.4
15 33 50 ,,170.1,748.4
15 33 51 ,,170.1,748.4
15 33 52 ,,170.1,748.4
15 33 53 ,,170.1,748.4
15 33 54 ,,170.1,748.4
15 33 55 ,,170.1,748.4
15 33 56 ,,170.1,748.4
15 33 57 ,,170.1,748.4
15 33 58 ,,170.1,748.4
15 33 59 ,,170.1,748.4
15 34 00 ,,170.1,748.4
15 34 01 ,,170.1,748.4
15 34 02 ,,170.1,748.4
15 34 03 ,,170.1,748.4
15 34 04 ,,170.1,748.4
15 34 05 ,,170.1,748.4
15 34 06 ,,170.1,748.4
15 34 07 ,,170.1,748.4
15 34 08 ,,170.1,748.4
15 34 09 ,,170.1,748.4
15 34 10 ,,170.1,748.4
15 34 11 ,,170.1,748.4
15 34 12 ,,170.1,748.4
15 34 13 ,,170.1,748.4
15 34 14 ,,170.1,748.4
15 34 15 ,,170.1,748.4
15 34 16 ,,170.1,748.4
15 34 17 ,,170.1,748.4
15 34 18 ,,170.1,748.4
15 34 19 ,,170.1,748.4
15 34 20 ,,170.1,748.4
15 34 21 ,,170.1,748.4
15 34 22 ,,170.1,748.4
15 34 23 ,,170.1,748.4
15 34 24 ,,170.1,748.4
15 34 25 ,,170.1,748.4
15 34 26 ,,170.1,748.4
15 34 27 ,,170.1,748.4
15 34 28 ,,170.1,748.4
15 34 29 ,,170.1,748.4
15 34 30 ,,170.1,748.4
15 34 31 ,,170.1,748.4
15 34 32 ,,170.1,748.4
15 34 33 ,,170.1,748.4
15 34 34 ,,170.1,748.4
15 34 35 ,,170.1,748.4
15 34 36 ,,170.1,748.4
15 34 37 ,,170.1,748.4
15 34 38 ,,170.1,748.4
15 34 39 ,,170.1,748.4
15 34 40 ,,170.1,748.4
15 34 41 ,,170.1,748.4
15 34 42 ,,170.1,748.4
15 34 43 ,,170.1,748.4
15 34 44 ,,170.1,748.4
15 34 45 ,,170.1,748.4
15 34 46 ,,170.1,748.4
15 34 47 ,,170.1,748.4
15 34 48 ,,170.1,748.4
15 34 49 ,,170.1,748.4
15 34 50 ,,170.1,748.4
15 34 51 ,,170.1,748.4
15 34 52 ,,170.1,748.4
15 34 53 ,,170.1,748.4
15 34 54 ,,170.1,748.4
15 34 55 ,,170.1,748.4
15 34 56 ,,170.1,748.4
15 34 57 ,,170.1,748.4
15 34 58 ,,170,748.4
15 34 59 ,,170,748.4
15 35 00 ,,170,748.4
15 35 01 ,,170,748.4
15 35 02 ,,170,748.4
15 35 03 ,,170,748.4
15 35 04 ,,170,748.4
15 35 05 ,,170,748.4
15 35 06 ,,170,748.4
15 35 07 ,,170,748.4
15 35 08 ,,170,748.4
15 35 09 ,,170,748.4
15 35 10 ,,170,748.4
15 35 11 ,,170,748.4
15 35 12 ,,170,748.4
15 35 13 ,,170,748.4
15 35 14 ,,170,748.4
15 35 15 ,,170,748.4
15 35 16 ,,170,748.4
15 35 17 ,,170,748.4
15 35 18 ,,170,748.4
15 35 19 ,,170,748.4
15 35 20 ,,170,748.4
15 35 21 ,,170,748.4
15 35 22 ,,170,748.4
15 35 23 ,,170,748.4
15 35 24 ,,170,748.4
15 35 25 ,,170,748.4
15 35 26 ,,170,748.4
15 35 27 ,,170,748.4
15 35 28 ,,170,748.4
15 35 29 ,,170,748.4
15 35 30 ,,170,748.4
15 35 31 ,,170,748.4
15 35 32 ,,170,748.4
15 35 33 ,,170,748.4
15 35 34 ,,170,748.4
15 35 35 ,,170,748.4
15 35 36 ,,170,748.4
15 35 37 ,,170,748.4
15 35 38 ,,170,748.4
15 35 39 ,,170,748.4
15 35 40 ,,170,748.4
15 35 41 ,,170,748.4
15 35 42 ,,170,748.4
15 35 43 ,,170,748.4
15 35 44 ,,170,748.4
15 35 45 ,,170,748.4
15 35 46 ,,170,748.4
15 35 47 ,,170,748.4
15 35 48 ,,170,748.4
15 35 49 ,,170,748.4
15 35 50 ,,170,748.4
15 35 51 ,,170,748.4
15 35 52 ,,170,748.4
15 35 53 ,,170,748.4
15 35 54 ,,170,748.4
15 35 55 ,,170,748.4
15 35 56 ,,170,748.4
15 35 57 ,,170,748.4
15 35 58 ,,170,748.4
15 35 59 ,,170,748.4
15 36 00 ,,170,748.4
15 36 01 ,,170,748.4
15 36 02 ,,170,748.4
15 36 03 ,,170,748.4
15 36 04 ,,170,748.4
15 36 05 ,,170,748.4
15 36 06 ,,170,748.4
15 36 07 ,,170,748.4
15 36 08 ,,170,748.4
15 36 09 ,,170,748.4
15 36 10 ,,170,748.4
15 36 11 ,,170,748.4
15 36 12 ,,170,748.4
15 36 13 ,,170,748.4
15 36 14 ,,170,748.4
15 36 15 ,,170,748.4
15 36 16 ,,170,748.4
15 36 17 ,,170,748.4
15 36 18 ,,170,748.4
15 36 19 ,,170,748.4
15 36 20 ,,170,748.4
15 36 21 ,,170,748.4
15 36 22 ,,170,748.4
15 36 23 ,,170,748.4
15 36 24 ,,170,748.4
15 36 25 ,,170,748.4
15 36 26 ,,170,748.4
15 36 27 ,,170,748.4
15 36 28 ,,170,748.4
15 36 29 ,,170,748.4
15 36 30 ,,170,748.4
15 36 31 ,,170,748.4
15 36 32 ,,170,748.4
15 36 33 ,,170,748.4
15 36 34 ,,170,748.4
15 36 35 ,,170,748.4
15 36 36 ,,170,748.4
15 36 37 ,,170,748.4
15 36 38 ,,170,748.4
15 36 39 ,,170,748.4
15 36 40 ,,170,748.4
15 36 41 ,,170,748.4
15 36 42 ,,170,748.4
15 36 43 ,,170,748.4
15 36 44 ,,170,748.4
15 36 45 ,,170,748.4
15 36 46 ,,170,748.4
15 36 47 ,,170,748.4
15 36 48 ,,170,748.4
15 36 49 ,,170,748.4
15 36 50 ,,170,748.4
15 36 51 ,,170,748.4
15 36 52 ,,170,748.4
15 36 53 ,,170,748.4
15 36 54 ,,170,748.4
15 36 55 ,,170,748.4
15 36 56 ,,170,748.4
15 36 57 ,,170,748.4
15 36 58 ,,170,748.4
15 36 59 ,,170,748.4
15 37 00 ,,170,748.4
15 37 01 ,,170,748.4
15 37 02 ,,170,748.4
15 37 03 ,,170,748.4
15 37 04 ,,170,748.4
15 37 05 ,,170,748.4
15 37 06 ,,170,748.4
15 37 07 ,,170,748.4
15 37 08 ,,170,748.4
15 37 09 ,,170,748.4
15 37 10 ,,170,748.4
15 37 11 ,,170,748.4
15 37 12 ,,170,748.4
15 37 13 ,,170,748.4
15 37 14 ,,170,748.4
15 37 15 ,,170,748.4
15 37 16 ,,170,748.4
15 37 17 ,,170,748.4
15 37 18 ,,170,748.4
15 37 19 ,,170,748.4
15 37 20 ,,170,748.4
15 37 21 ,,170,748.4
15 37 22 ,,170,748.4
15 37 23 ,,170,748.4
15 37 24 ,,170,748.4
15 37 25 ,,170,748.4
15 37 26 ,,170,748.4
15 37 27 ,,170,748.4
15 37 28 ,,170,748.4
15 37 29 ,,170,748.4
15 37 30 ,,170,748.4
15 37 31 ,,170,748.4
15 37 32 ,,170,748.4
15 37 33 ,,170,748.4
15 37 34 ,,170,748.4
15 37 35 ,,170,748.4
15 37 36 ,,170,748.4
15 37 37 ,,170,748.4
15 37 38 ,,170,748.4
15 37 39 ,,170,748.4
15 37 40 ,,170,748.4
15 37 41 ,,170,748.4
15 37 42 ,,170,748.4
15 37 43 ,,170,748.4
15 37 44 ,,170,748.4
15 37 45 ,,170,748.4
15 37 46 ,,170,748.4
15 37 47 ,,170,748.4
15 37 48 ,,170,748.4
15 37 49 ,,170,748.4
15 37 50 ,,170,748.4
15 37 51 ,,170,748.4
15 37 52 ,,170,748.4
15 37 53 ,,170,748.4
15 37 54 ,,170,748.4
15 37 55 ,,170,748.4
15 37 56 ,,170,748.4
15 37 57 ,,170,748.4
15 37 58 ,,170,748.4
15 37 59 ,,170,748.4
15 38 00 ,,170,748.4
15 38 01 ,,170,748.4
15 38 02 ,,170,748.4
15 38 03 ,,170,748.4
15 38 04 ,,170,748.4
15 38 05 ,,170,748.4
15 38 06 ,,170,748.4
15 38 07 ,,170,748.4
15 38 08 ,,170,748.4
15 38 09 ,,170,748.4
15 38 10 ,,170,748.4
15 38 11 ,,170,748.4
15 38 12 ,,170,748.4
15 38 13 ,,170,748.4
15 38 14 ,,170,748.4
15 38 15 ,,170,748.4
15 38 16 ,,170,748.4
15 38 17 ,,170,748.4
15 38 18 ,,170,748.4
15 38 19 ,,170,748.4
15 38 20 ,,170,748.4
15 38 21 ,,170,748.4
15 38 22 ,,170,748.4
15 38 23 ,,170,748.4
15 38 24 ,,170,748.4
15 38 25 ,,170,748.4
15 38 26 ,,170,748.4
15 38 27 ,,170,748.4
15 38 28 ,,170,748.4
15 38 29 ,,170,748.4
15 38 30 ,,170,748.4
15 38 31 ,,170,748.4
15 38 32 ,,170,748.4
15 38 33 ,,170,748.4
15 38 34 ,,170,748.4
15 38 35 ,,170,748.4
15 38 36 ,,170,748.4
15 38 37 ,,170,748.4
15 38 38 ,,170,748.4
15 38 39 ,,170,748.4
15 38 40 ,,170,748.4
15 38 41 ,,170,748.4
15 38 42 ,,170,748.4
15 38 43 ,,170,748.4
15 38 44 ,,170,748.4
15 38 45 ,,170,748.4
15 38 46 ,,170,748.4
15 38 47 ,,170,748.4
15 38 48 ,,170,748.4
15 38 49 ,,170,748.4
15 38 50 ,,170,748.4
15 38 51 ,,170,748.4
15 38 52 ,,170,748.4
15 38 53 ,,170,748.4
15 38 54 ,,170,748.4
15 38 55 ,,170,748.4
15 38 56 ,,170,748.4
15 38 57 ,,170,748.4
15 38 58 ,,170,748.4
15 38 59 ,,170,748.4
15 39 00 ,,170,748.4
15 39 01 ,,170,748.4
15 39 02 ,,170,748.4
15 39 03 ,,170,748.4
15 39 04 ,,170,748.4
15 39 05 ,,170,748.4
15 39 06 ,,170,748.4
15 39 07 ,,170,748.4
15 39 08 ,,170,748.4
15 39 09 ,,170,748.4
15 39 10 ,,170,748.4
15 39 11 ,,170,748.4
15 39 12 ,,170,748.4
15 39 13 ,,170,748.4
15 39 14 ,,170,748.4
15 39 15 ,,170,748.4
15 39 16 ,,170,748.4
15 39 17 ,,170,748.4
15 39 18 ,,170,748.4
15 39 19 ,,170,748.4
15 39 20 ,,170,748.4
15 39 21 ,,170,748.4
15 39 22 ,,170,748.4
15 39 23 ,,170,748.4
15 39 24 ,,170,748.4
15 39 25 ,,170,748.4
15 39 26 ,,170,748.4
15 39 27 ,,170,748.4
15 39 28 ,,170,748.4
15 39 29 ,,170,748.4
15 39 30 ,,170,748.4
15 39 31 ,,170,748.4
15 39 32 ,,170,748.4
15 39 33 ,,170,748.4
15 39 34 ,,170,748.4
15 39 35 ,,170,748.4
15 39 36 ,,170,748.4
15 39 37 ,,170,748.4
15 39 38 ,,170,748.4
15 39 39 ,,170,748.4
15 39 40 ,,170,748.4
15 39 41 ,,170,748.4
15 39 42 ,,170,748.4
15 39 43 ,,170,748.4
15 39 44 ,,170,748.4
15 39 45 ,,170,748.4
15 39 46 ,,170,748.4
15 39 47 ,,170,748.4
15 39 48 ,,170,748.4
15 39 49 ,,170,748.4
15 39 50 ,,170,748.4
15 39 51 ,,170,748.4
15 39 52 ,,170,748.4
15 39 53 ,,170,748.4
15 39 54 ,,170,748.4
15 39 55 ,,170,748.4
15 39 56 ,,170,748.4
15 39 57 ,,170,748.4
15 39 58 ,,170,748.4
15 39 59 ,,170,748.4
15 40 00 ,,170,748.4
15 40 01 ,,170,748.4
15 40 02 ,,170,748.4
15 40 03 ,,170,748.4
15 40 04 ,,170,748.4
15 40 05 ,,170,748.4
15 40 06 ,,170,748.4
15 40 07 ,,170,748.4
15 40 08 ,,170,748.4
15 40 09 ,,170,748.4
15 40 10 ,,170,748.4
15 40 11 ,,170,748.4
15 40 12 ,,170,748.4
15 40 13 ,,170,748.4
15 40 14 ,,170,748
15 40 15 ,,170,727.3
15 40 16 ,,170,720.9
15 40 17 ,,170,689.7
15 40 18 ,,170,666.8
15 40 19 ,,170,683.5
15 40 20 ,,170,699
15 40 21 ,,170,704.8
15 40 22 ,,170,705.3
15 40 23 ,,170,706.5
15 40 24 ,,170,707.7
15 40 25 ,,170,709
15 40 26 ,,170,710
15 40 27 ,,170,711
15 40 28 ,,170,711.4
15 40 29 ,,170,712
15 40 30 ,,170,712.5
15 40 31 ,,170,712.8
15 40 32 ,,170,713.2
15 40 33 ,,170,713.5
15 40 34 ,,170,713.6
15 40 35 ,,170,713.7
15 40 36 ,,170,713.8
15 40 37 ,,170,713.8
15 40 38 ,,170,713.8
15 40 39 ,,169.9,714
15 40 40 ,,169.9,714
15 40 41 ,,169.9,714
15 40 42 ,,169.9,714
15 40 43 ,,169.9,714.2
15 40 44 ,,169.9,714.2
15 40 45 ,,169.8,714.2
15 40 46 ,,169.8,714.2
15 40 47 ,,169.8,714.2
15 40 48 ,,169.8,714.3
15 40 49 ,,169.8,714.4
15 40 50 ,,169.8,714.5
15 40 51 ,,169.8,714.5
15 40 52 ,,169.8,714.5
15 40 53 ,,169.8,714.5
15 40 54 ,,169.8,714.5
15 40 55 ,,169.8,714.5
15 40 56 ,,169.8,714.6
15 40 57 ,,169.8,714.7
15 40 58 ,,169.8,714.7
15 40 59 ,,169.8,714.7
15 41 00 ,,169.8,714.8
15 41 01 ,,169.7,714.9
15 41 02 ,,169.7,714.9
15 41 03 ,,169.7,714.9
15 41 04 ,,169.7,714.9
15 41 05 ,,169.7,714.9
15 41 06 ,,169.7,714.9
15 41 07 ,,169.7,714.8
15 41 08 ,,169.7,714.4
15 41 09 ,,169.7,713.6
15 41 10 ,,169.7,712.5
15 41 11 ,,169.7,711.5
15 41 12 ,,169.7,710.1
15 41 13 ,,169.7,709.1
15 41 14 ,,169.7,708.5
15 41 15 ,,169.7,707.7
15 41 16 ,,169.7,707.2
15 41 17 ,,169.7,707
15 41 18 ,,169.7,706.9
15 41 19 ,,169.7,706.9
15 41 20 ,,169.7,706.9
15 41 21 ,,169.7,706.9
15 41 22 ,,169.7,707
15 41 23 ,,169.7,707.4
15 41 24 ,,169.7,707.6
15 41 25 ,,169.7,708
15 41 26 ,,169.7,708.5
15 41 27 ,,169.7,708.8
15 41 28 ,,169.7,709.3
15 41 29 ,,169.7,709.6
15 41 30 ,,169.7,709.9
15 41 31 ,,169.7,710
15 41 32 ,,169.7,710
15 41 33 ,,169.7,710.3
15 41 34 ,,169.7,710.7
15 41 35 ,,169.7,710.9
15 41 36 ,,169.7,711
15 41 37 ,,169.7,711.2
15 41 38 ,,169.7,711.2
15 41 39 ,,169.7,711.3
15 41 40 ,,169.7,711.4
15 41 41 ,,169.7,711.6
15 41 42 ,,169.7,711.8
15 41 43 ,,169.7,711.8
15 41 44 ,,169.7,711.8
15 41 45 ,,169.7,711.9
15 41 46 ,,169.7,712
15 41 47 ,,169.7,712
15 41 48 ,,169.7,712
15 41 49 ,,169.7,712
15 41 50 ,,169.7,712.1
15 41 51 ,,169.7,712.1
15 41 52 ,,169.7,712.1
15 41 53 ,,169.7,712.1
15 41 54 ,,169.7,712.1
15 41 55 ,,169.7,712.1
15 41 56 ,,169.7,712.1
15 41 57 ,,169.7,712
15 41 58 ,,169.7,711.8
15 41 59 ,,169.7,711.5
15 42 00 ,,169.7,711.3
15 42 01 ,,169.7,711.3
15 42 02 ,,169.7,711.1
15 42 03 ,,169.7,711
15 42 04 ,,169.7,711
15 42 05 ,,169.7,711
15 42 06 ,,169.7,711
15 42 07 ,,169.7,711
15 42 08 ,,169.7,711
15 42 09 ,,169.7,711
15 42 10 ,,169.7,710.7
15 42 11 ,,169.7,710.1
15 42 12 ,,169.7,709.8
15 42 13 ,,169.7,709.2
15 42 14 ,,169.7,709
15 42 15 ,,169.7,708.8
15 42 16 ,,169.7,708.3
15 42 17 ,,169.7,708
15 42 18 ,,169.7,707.8
15 42 19 ,,169.7,707.7
15 42 20 ,,169.7,707.7
15 42 21 ,,169.7,707.6
15 42 22 ,,169.7,707.6
15 42 23 ,,169.7,707.5
15 42 24 ,,169.7,707.5
15 42 25 ,,169.7,707.5
15 42 26 ,,169.7,707.5
15 42 27 ,,169.7,707.4
15 42 28 ,,169.7,707.2
15 42 29 ,,169.7,707.1
15 42 30 ,,169.7,706.9
15 42 31 ,,169.7,706.8
15 42 32 ,,169.7,706.8
15 42 33 ,,169.7,706.8
15 42 34 ,,169.7,706.8
15 42 35 ,,169.7,706.9
15 42 36 ,,169.7,707.4
15 42 37 ,,169.7,707.8
15 42 38 ,,169.7,708.5
15 42 39 ,,169.7,708.8
15 42 40 ,,169.7,709.3
15 42 41 ,,169.7,709.9
15 42 42 ,,169.7,710.1
15 42 43 ,,169.7,710.8
15 42 44 ,,169.7,711.1
15 42 45 ,,169.7,711.3
15 42 46 ,,169.7,711.6
15 42 47 ,,169.7,711.8
15 42 48 ,,169.7,712
15 42 49 ,,169.7,712.1
15 42 50 ,,169.7,712.3
15 42 51 ,,169.7,712.3
15 42 52 ,,169.7,712.4
15 42 53 ,,169.7,712.4
15 42 54 ,,169.7,712.5
15 42 55 ,,169.7,712.5
15 42 56 ,,169.7,712.6
15 42 57 ,,169.7,712.6
15 42 58 ,,169.7,712.8
15 42 59 ,,169.7,712.8
15 43 00 ,,169.7,712.8
15 43 01 ,,169.7,712.8
15 43 02 ,,169.7,712.8
15 43 03 ,,169.7,712.8
15 43 04 ,,169.7,712.8
15 43 05 ,,169.7,712.8
15 43 06 ,,169.7,712.8
15 43 07 ,,169.7,712.8
15 43 08 ,,169.7,712.8
15 43 09 ,,169.7,712.8
15 43 10 ,,169.7,712.8
15 43 11 ,,169.7,712.8
15 43 12 ,,169.7,712.8
15 43 13 ,,169.7,712.8
15 43 14 ,,169.7,712.8
15 43 15 ,,169.7,712.8
15 43 16 ,,169.7,712.8
15 43 17 ,,169.7,712.8
15 43 18 ,,169.7,712.8
15 43 19 ,,169.7,712.8
15 43 20 ,,169.7,712.8
15 43 21 ,,169.7,712.8
15 43 22 ,,169.7,712.8
15 43 23 ,,169.7,712.8
15 43 24 ,,169.7,712.8
15 43 25 ,,169.7,712.8
15 43 26 ,,169.7,712.8
15 43 27 ,,169.7,712.8
15 43 28 ,,169.7,712.8
15 43 29 ,,169.7,712.8
15 43 30 ,,169.7,712.8
15 43 31 ,,169.7,712.8
15 43 32 ,,169.7,712.8
15 43 33 ,,169.7,712.8
15 43 34 ,,169.7,712.8
15 43 35 ,,169.7,713
15 43 36 ,,169.7,713
15 43 37 ,,169.7,713
15 43 38 ,,169.7,713
15 43 39 ,,169.7,713
15 43 40 ,,169.7,713
15 43 41 ,,169.7,713
15 43 42 ,,169.7,713
15 43 43 ,,169.7,713.1
15 43 44 ,,169.7,713.1
15 43 45 ,,169.7,713.1
15 43 46 ,,169.7,713.2
15 43 47 ,,169.7,713.2
15 43 48 ,,169.7,713.2
15 43 49 ,,169.7,713.2
15 43 50 ,,169.7,713.2
15 43 51 ,,169.7,713.3
15 43 52 ,,169.7,713.3
15 43 53 ,,169.7,713.3
15 43 54 ,,169.7,713.3
15 43 55 ,,169.7,713.3
15 43 56 ,,169.7,713.3
15 43 57 ,,169.7,713.3
15 43 58 ,,169.7,713.3
15 43 59 ,,169.7,713.3
15 44 00 ,,169.7,713.4
15 44 01 ,,169.7,713.4
15 44 02 ,,169.7,713.4
15 44 03 ,,169.7,713.4
15 44 04 ,,169.7,713.4
15 44 05 ,,169.7,713.4
15 44 06 ,,169.7,713.4
15 44 07 ,,169.7,713.4
15 44 08 ,,169.7,713.4
15 44 09 ,,169.7,713.4
15 44 10 ,,169.7,713.4
15 44 11 ,,169.7,713.4
15 44 12 ,,169.8,713.4
15 44 13 ,,169.8,713.4
15 44 14 ,,169.8,713.4
15 44 15 ,,169.8,713.4
15 44 16 ,,169.8,713.4
15 44 17 ,,169.8,713.4
15 44 18 ,,169.8,713.4
15 44 19 ,,169.8,713.4
15 44 20 ,,169.8,713.4
15 44 21 ,,169.8,713.4
15 44 22 ,,169.8,713.4
15 44 23 ,,169.8,713.4
15 44 24 ,,169.8,713.4
15 44 25 ,,169.8,713.4
15 44 26 ,,169.8,713.4
15 44 27 ,,169.8,713.4
15 44 28 ,,169.8,713.4
15 44 29 ,,169.8,713.4
15 44 30 ,,169.8,713.4
15 44 31 ,,169.8,713.4
15 44 32 ,,169.8,713.4
15 44 33 ,,169.8,713.4
15 44 34 ,,169.9,713.4
15 44 35 ,,169.9,713.4
15 44 36 ,,169.9,713.3
15 44 37 ,,169.9,713.2
15 44 38 ,,169.9,713.1
15 44 39 ,,169.9,713.1
15 44 40 ,,169.9,712.8
15 44 41 ,,169.9,712.8
15 44 42 ,,169.9,712.8
15 44 43 ,,169.9,712.8
15 44 44 ,,169.9,712.8
15 44 45 ,,169.9,712.8
15 44 46 ,,169.9,712.8
15 44 47 ,,169.9,712.6
15 44 48 ,,169.9,712.6
15 44 49 ,,169.9,712.6
15 44 50 ,,169.9,712.5
15 44 51 ,,169.9,712.5
15 44 52 ,,169.9,712.3
15 44 53 ,,169.9,712.2
15 44 54 ,,169.9,712.1
15 44 55 ,,169.9,711.8
15 44 56 ,,169.9,711.5
15 44 57 ,,169.9,711.4
15 44 58 ,,169.9,711.3
15 44 59 ,,169.9,711.3
15 45 00 ,,169.9,711.3
15 45 01 ,,169.9,711.3
15 45 02 ,,169.9,711.3
15 45 03 ,,169.9,711.3
15 45 04 ,,169.9,711.3
15 45 05 ,,169.9,711.3
15 45 06 ,,169.9,711.3
15 45 07 ,,169.9,711.3
15 45 08 ,,169.9,711.3
15 45 09 ,,169.9,711.3
15 45 10 ,,169.9,711.3
15 45 11 ,,169.9,711.3
15 45 12 ,,169.9,711.3
15 45 13 ,,169.9,711.3
15 45 14 ,,169.9,711.3
15 45 15 ,,169.9,711.3
15 45 16 ,,169.9,711.3
15 45 17 ,,169.9,711.1
15 45 18 ,,169.9,710.9
15 45 19 ,,169.9,710.7
15 45 20 ,,169.9,710.4
15 45 21 ,,169.9,710.1
15 45 22 ,,169.9,709.8
15 45 23 ,,169.9,709.6
15 45 24 ,,169.9,709.1
15 45 25 ,,169.9,708.8
15 45 26 ,,169.9,708.5
15 45 27 ,,169.9,708.1
15 45 28 ,,169.9,707.9
15 45 29 ,,169.9,707.8
15 45 30 ,,169.9,707.7
15 45 31 ,,169.9,707.7
15 45 32 ,,169.9,707.6
15 45 33 ,,169.9,707.6
15 45 34 ,,169.9,707.5
15 45 35 ,,169.9,707.5
15 45 36 ,,169.9,707.5
15 45 37 ,,169.9,707.5
15 45 38 ,,169.9,707.5
15 45 39 ,,169.9,707.5
15 45 40 ,,169.9,707.5
15 45 41 ,,169.9,707.6
15 45 42 ,,169.9,707.6
15 45 43 ,,169.9,707.6
15 45 44 ,,169.9,707.7
15 45 45 ,,169.9,707.7
15 45 46 ,,169.9,707.8
15 45 47 ,,169.9,707.8
15 45 48 ,,169.9,707.8
15 45 49 ,,169.9,707.8
15 45 50 ,,169.9,707.8
15 45 51 ,,169.9,707.8
15 45 52 ,,169.9,707.8
15 45 53 ,,169.9,707.8
15 45 54 ,,170,707.8
15 45 55 ,,170,707.8
15 45 56 ,,170,707.8
15 45 57 ,,170,707.8
15 45 58 ,,170,707.8
15 45 59 ,,169.9,707.8
15 46 00 ,,169.9,707.9
15 46 01 ,,169.9,707.9
15 46 02 ,,169.9,707.9
15 46 03 ,,169.9,708
15 46 04 ,,169.9,708
15 46 05 ,,169.9,708.3
15 46 06 ,,169.9,708.5
15 46 07 ,,169.9,708.7
15 46 08 ,,169.9,708.8
15 46 09 ,,169.9,708.8
15 46 10 ,,169.9,708.9
15 46 11 ,,169.9,709.1
15 46 12 ,,169.9,709.3
15 46 13 ,,169.9,709.6
15 46 14 ,,169.9,709.7
15 46 15 ,,169.9,709.9
15 46 16 ,,169.9,710
15 46 17 ,,169.9,710
15 46 18 ,,169.9,710
15 46 19 ,,169.9,710
15 46 20 ,,169.9,710.1
15 46 21 ,,169.9,710.1
15 46 22 ,,169.9,710.1
15 46 23 ,,169.9,710.2
15 46 24 ,,169.9,710.3
15 46 25 ,,169.9,710.3
15 46 26 ,,169.9,710.4
15 46 27 ,,169.9,710.4
15 46 28 ,,169.9,710.4
15 46 29 ,,169.9,710.4
15 46 30 ,,169.9,710.4
15 46 31 ,,169.9,710.7
15 46 32 ,,169.9,710.7
15 46 33 ,,169.9,710.7
15 46 34 ,,169.9,710.8
15 46 35 ,,169.9,710.9
15 46 36 ,,169.9,710.9
15 46 37 ,,169.9,710.9
15 46 38 ,,169.9,710.9
15 46 39 ,,169.9,710.9
15 46 40 ,,169.9,710.9
15 46 41 ,,169.9,710.9
15 46 42 ,,169.9,710.9
15 46 43 ,,169.9,710.9
15 46 44 ,,169.9,710.9
15 46 45 ,,169.9,710.9
15 46 46 ,,169.9,710.9
15 46 47 ,,169.9,711
15 46 48 ,,169.9,711.1
15 46 49 ,,169.9,711.2
15 46 50 ,,169.9,711.2
15 46 51 ,,169.9,711.3
15 46 52 ,,169.9,711.3
15 46 53 ,,169.9,711.4
15 46 54 ,,169.9,711.5
15 46 55 ,,169.9,711.6
15 46 56 ,,169.9,711.6
15 46 57 ,,169.9,711.6
15 46 58 ,,169.9,711.6
15 46 59 ,,169.9,711.6
15 47 00 ,,169.9,711.8
15 47 01 ,,169.9,711.9
15 47 02 ,,169.9,711.9
15 47 03 ,,169.9,711.9
15 47 04 ,,169.9,711.9
15 47 05 ,,169.9,711.9
15 47 06 ,,169.9,711.9
15 47 07 ,,169.9,711.9
15 47 08 ,,169.9,711.9
15 47 09 ,,169.9,711.9
15 47 10 ,,169.9,711.9
15 47 11 ,,169.9,711.9
15 47 12 ,,169.9,711.9
15 47 13 ,,169.9,711.9
15 47 14 ,,170,711.9
15 47 15 ,,170,711.9
15 47 16 ,,170,711.9
15 47 17 ,,170,711.9
15 47 18 ,,170,711.9
15 47 19 ,,170,711.9
15 47 20 ,,170,711.9
15 47 21 ,,170,711.9
15 47 22 ,,170,711.9
15 47 23 ,,170,711.9
15 47 24 ,,170,711.8
15 47 25 ,,170,711.8
15 47 26 ,,170,711.6
15 47 27 ,,170,711.6
15 47 28 ,,170,711.5
15 47 29 ,,170,711.5
15 47 30 ,,170,711.3
15 47 31 ,,170,711.2
15 47 32 ,,170,711
15 47 33 ,,170,710.8
15 47 34 ,,170,710.7
15 47 35 ,,170,710.7
15 47 36 ,,170,710.7
15 47 37 ,,170,710.2
15 47 38 ,,170,710.2
15 47 39 ,,170,710.2
15 47 40 ,,170,710.2
15 47 41 ,,170,710.2
15 47 42 ,,170,710.1
15 47 43 ,,170,710.1
15 47 44 ,,170,710
15 47 45 ,,170,710
15 47 46 ,,170,710
15 47 47 ,,170,709.9
15 47 48 ,,170,709.6
15 47 49 ,,170,709.4
15 47 50 ,,170,709.4
15 47 51 ,,170,709.4
15 47 52 ,,170,709.4
15 47 53 ,,170,709.4
15 47 54 ,,170,709.4
15 47 55 ,,170,709.2
15 47 56 ,,170,709.2
15 47 57 ,,170,709.2
15 47 58 ,,170,709.2
15 47 59 ,,170,709.2
15 48 00 ,,170,709.2
15 48 01 ,,170,709.2
15 48 02 ,,170,709.4
15 48 03 ,,170,709.4
15 48 04 ,,170,709.4
15 48 05 ,,170,709.4
15 48 06 ,,170,709.4
15 48 07 ,,170,709.4
15 48 08 ,,170,709.6
15 48 09 ,,170,709.6
15 48 10 ,,170,709.7
15 48 11 ,,170,709.7
15 48 12 ,,170,709.7
15 48 13 ,,170,709.7
15 48 14 ,,170,709.7
15 48 15 ,,170,709.7
15 48 16 ,,170,709.7
15 48 17 ,,170,709.8
15 48 18 ,,170,709.8
15 48 19 ,,170,709.8
15 48 20 ,,170,709.8
15 48 21 ,,170,709.8
15 48 22 ,,170,709.9
15 48 23 ,,170,710
15 48 24 ,,170,710.1
15 48 25 ,,170,710.2
15 48 26 ,,170,710.2
15 48 27 ,,170,710.2
15 48 28 ,,170,710.2
15 48 29 ,,170,710.2
15 48 30 ,,170,710.2
15 48 31 ,,170,710.2
15 48 32 ,,170,710.2
15 48 33 ,,170,710.2
15 48 34 ,,170,710.2
15 48 35 ,,170,710.2
15 48 36 ,,170,710.2
15 48 37 ,,170,710.2
15 48 38 ,,170,710.2
15 48 39 ,,170,710.2
15 48 40 ,,170,710.2
15 48 41 ,,170,710.2
15 48 42 ,,170,710.2
15 48 43 ,,170,710.2
15 48 44 ,,170,710.2
15 48 45 ,,170,710.2
15 48 46 ,,170,710.2
15 48 47 ,,170,710.2
15 48 48 ,,170,710.2
15 48 49 ,,170,710.2
15 48 50 ,,170,710.2
15 48 51 ,,170,710.2
15 48 52 ,,170,710.2
15 48 53 ,,170,710.2
15 48 54 ,,170,710.2
15 48 55 ,,170,710.2
15 48 56 ,,170,710.2
15 48 57 ,,170,710.2
15 48 58 ,,170,710.2
15 48 59 ,,170,710.2
15 49 00 ,,170,710.2
15 49 01 ,,170,710.2
15 49 02 ,,170,710.2
15 49 03 ,,170,710.2
15 49 04 ,,170,710.2
15 49 05 ,,170,710.2
15 49 06 ,,170,710.4
15 49 07 ,,170,710.4
15 49 08 ,,170,710.4
15 49 09 ,,170,710.7
15 49 10 ,,170,710.8
15 49 11 ,,170,710.8
15 49 12 ,,170,710.9
15 49 13 ,,170,711
15 49 14 ,,170,711
15 49 15 ,,170,711.1
15 49 16 ,,170,711.1
15 49 17 ,,170,711.1
15 49 18 ,,170,711.3
15 49 19 ,,170,711.3
15 49 20 ,,170,711.3
15 49 21 ,,170,711.3
15 49 22 ,,170,711.3
15 49 23 ,,170,711.3
15 49 24 ,,170,711.6
15 49 25 ,,170,711.6
15 49 26 ,,170,711.6
15 49 27 ,,170,711.6
15 49 28 ,,170,711.6
15 49 29 ,,170,711.6
15 49 30 ,,170,711.6
15 49 31 ,,170,711.6
15 49 32 ,,170,711.6
15 49 33 ,,170,711.6
15 49 34 ,,170,711.6
15 49 35 ,,170,711.6
15 49 36 ,,170,711.6
15 49 37 ,,170,711.6
15 49 38 ,,170,711.6
15 49 39 ,,170,711.6
15 49 40 ,,170,711.6
15 49 41 ,,170,711.6
15 49 42 ,,170,711.6
15 49 43 ,,170,711.6
15 49 44 ,,170,711.6
15 49 45 ,,170,711.6
15 49 46 ,,170,711.6
15 49 47 ,,170,711.6
15 49 48 ,,170,711.6
15 49 49 ,,170,711.6
15 49 50 ,,170,711.6
15 49 51 ,,170,711.6
15 49 52 ,,170,711.6
15 49 53 ,,170,711.6
15 49 54 ,,170,711.6
15 49 55 ,,170,711.6
15 49 56 ,,170,711.6
15 49 57 ,,170,711.6
15 49 58 ,,170,711.6
15 49 59 ,,170,711.6
15 50 00 ,,170,711.6
15 50 01 ,,170,711.6
15 50 02 ,,170,711.5
15 50 03 ,,170,711.5
15 50 04 ,,170,711.5
15 50 05 ,,170,711.3
15 50 06 ,,170,711.3
15 50 07 ,,170,711.2
15 50 08 ,,170,711
15 50 09 ,,170,710.9
15 50 10 ,,170,710.8
15 50 11 ,,170,710.7
15 50 12 ,,170,710.7
15 50 13 ,,170,710.4
15 50 14 ,,170,710.2
15 50 15 ,,170,710.2
15 50 16 ,,170,710.2
15 50 17 ,,170,710.2
15 50 18 ,,170,710.2
15 50 19 ,,170,710.2
15 50 20 ,,170,710.2
15 50 21 ,,170,710.2
15 50 22 ,,170,710.2
15 50 23 ,,170,710.2
15 50 24 ,,170,710.2
15 50 25 ,,170,710.2
15 50 26 ,,170,710.2
15 50 27 ,,170,710.2
15 50 28 ,,170,710.2
15 50 29 ,,170,710
15 50 30 ,,170,710
15 50 31 ,,170,710
15 50 32 ,,170,710
15 50 33 ,,170,710
15 50 34 ,,170,710
15 50 35 ,,170,710
15 50 36 ,,170,710
15 50 37 ,,170,710
15 50 38 ,,170,710
15 50 39 ,,170,710
15 50 40 ,,170,710
15 50 41 ,,170,710
15 50 42 ,,170,710
15 50 43 ,,170,710
15 50 44 ,,170,710
15 50 45 ,,170,710
15 50 46 ,,170,710
15 50 47 ,,170,710
15 50 48 ,,170,710
15 50 49 ,,170,710
15 50 50 ,,170,710.2
15 50 51 ,,170,710.3
15 50 52 ,,170,710.3
15 50 53 ,,170,710.4
15 50 54 ,,170,710.7
15 50 55 ,,170,710.8
15 50 56 ,,170.1,710.8
15 50 57 ,,170.1,710.9
15 50 58 ,,170.1,710.9
15 50 59 ,,170.1,711
15 51 00 ,,170.1,711.1
15 51 01 ,,170.1,711.1
15 51 02 ,,170.1,711.1
15 51 03 ,,170.1,711.2
15 51 04 ,,170.1,711.2
15 51 05 ,,170.1,711.2
15 51 06 ,,170.1,711.2
15 51 07 ,,170.1,711.2
15 51 08 ,,170.1,711.2
15 51 09 ,,170.1,711.2
15 51 10 ,,170.1,711.2
15 51 11 ,,170.1,711.2
15 51 12 ,,170.1,711.2
15 51 13 ,,170.1,711.2
15 51 14 ,,170.1,711.2
15 51 15 ,,170.1,711.2
15 51 16 ,,170.1,711.2
15 51 17 ,,170.1,711.2
15 51 18 ,,170.1,711.2
15 51 19 ,,170.1,711.2
15 51 20 ,,170.1,711.2
15 51 21 ,,170.1,711.2
15 51 22 ,,170.1,711.2
15 51 23 ,,170.1,711.2
15 51 24 ,,170.1,711.2
15 51 25 ,,170.1,711.2
15 51 26 ,,170.1,711.2
15 51 27 ,,170.1,711.2
15 51 28 ,,170.1,711.2
15 51 29 ,,170.1,711.2
15 51 30 ,,170.1,711.2
15 51 31 ,,170.1,711.2
15 51 32 ,,170.1,711.2
15 51 33 ,,170.1,711.2
15 51 34 ,,170.1,711.2
15 51 35 ,,170.1,711.2
15 51 36 ,,170.1,711.2
15 51 37 ,,170.1,711.2
15 51 38 ,,170.1,711.2
15 51 39 ,,170.1,711.2
15 51 40 ,,170.1,711.2
15 51 41 ,,170.1,711.2
15 51 42 ,,170.1,711.2
15 51 43 ,,170.1,711.2
15 51 44 ,,170.1,711.3
15 51 45 ,,170.1,711.3
15 51 46 ,,170.1,711.3
15 51 47 ,,170.1,711.3
15 51 48 ,,170.1,711.3
15 51 49 ,,170.1,711.3
15 51 50 ,,170.1,711.3
15 51 51 ,,170.1,711.3
15 51 52 ,,170.1,711.3
15 51 53 ,,170.1,711.3
15 51 54 ,,170.1,711.3
15 51 55 ,,170.1,711.3
15 51 56 ,,170.1,711.4
15 51 57 ,,170.1,711.4
15 51 58 ,,170.1,711.4
15 51 59 ,,170.1,711.4
15 52 00 ,,170.1,711.5
15 52 01 ,,170.1,711.5
15 52 02 ,,170.1,711.5
15 52 03 ,,170.1,711.6
15 52 04 ,,170.1,711.6
15 52 05 ,,170.1,711.6
15 52 06 ,,170.1,711.9
15 52 07 ,,170.1,711.9
15 52 08 ,,170.1,711.9
15 52 09 ,,170.1,712
15 52 10 ,,170.1,712
15 52 11 ,,170.1,712
15 52 12 ,,170.1,712
15 52 13 ,,170.1,712.1
15 52 14 ,,170.1,712.1
15 52 15 ,,170.1,712.1
15 52 16 ,,170.1,712.1
15 52 17 ,,170.1,712.1
15 52 18 ,,170.1,712.1
15 52 19 ,,170.1,712.1
15 52 20 ,,170.1,712.1
15 52 21 ,,170.1,712.1
15 52 22 ,,170.1,712.1
15 52 23 ,,170.1,712.1
15 52 24 ,,170.1,712.1
15 52 25 ,,170.1,712.1
15 52 26 ,,170.1,712.2
15 52 27 ,,170.1,712.2
15 52 28 ,,170.1,712.2
15 52 29 ,,170.1,712.2
15 52 30 ,,170.1,712.2
15 52 31 ,,170.1,712.2
15 52 32 ,,170.1,712.2
15 52 33 ,,170.1,712.2
15 52 34 ,,170.1,712.2
15 52 35 ,,170.1,712.2
15 52 36 ,,170.1,712.2
15 52 37 ,,170.1,712.2
15 52 38 ,,170.1,712.3
15 52 39 ,,170.1,712.4
15 52 40 ,,170.1,712.4
15 52 41 ,,170.1,712.4
15 52 42 ,,170.1,712.4
15 52 43 ,,170.1,712.4
15 52 44 ,,170.1,712.4
15 52 45 ,,170.1,712.4
15 52 46 ,,170.1,712.4
15 52 47 ,,170.1,712.4
15 52 48 ,,170,712.5
15 52 49 ,,170,712.5
15 52 50 ,,170,712.5
15 52 51 ,,170,712.5
15 52 52 ,,170,712.5
15 52 53 ,,170,712.5
15 52 54 ,,170,712.5
15 52 55 ,,170,712.5
15 52 56 ,,170,712.5
15 52 57 ,,170,712.5
15 52 58 ,,170,712.5
15 52 59 ,,170,712.5
15 53 00 ,,170,712.5
15 53 01 ,,170,712.5
15 53 02 ,,170,712.5
15 53 03 ,,170,712.5
15 53 04 ,,170,712.5
15 53 05 ,,170,712.5
15 53 06 ,,170,712.5
15 53 07 ,,170,712.5
15 53 08 ,,170,712.5
15 53 09 ,,170,712.5
15 53 10 ,,170,712.5
15 53 11 ,,170,712.5
15 53 12 ,,170,712.5
15 53 13 ,,170,712.5
15 53 14 ,,170,712.5
15 53 15 ,,170,712.5
15 53 16 ,,170,712.5
15 53 17 ,,170,712.5
15 53 18 ,,170,712.5
15 53 19 ,,170,712.5
15 53 20 ,,170,712.5
15 53 21 ,,170,712.5
15 53 22 ,,170,712.5
15 53 23 ,,170,712.5
15 53 24 ,,170,712.5
15 53 25 ,,170,712.5
15 53 26 ,,170,712.5
15 53 27 ,,170,712.5
15 53 28 ,,170,712.5
15 53 29 ,,170,712.5
15 53 30 ,,170,712.5
15 53 31 ,,170,712.5
15 53 32 ,,170,712.5
15 53 33 ,,170,712.5
15 53 34 ,,170,712.5
15 53 35 ,,170,712.5
15 53 36 ,,170,712.5
15 53 37 ,,170,712.5
15 53 38 ,,170,712.5
15 53 39 ,,170,712.6
15 53 40 ,,170,712.6
15 53 41 ,,170,712.6
15 53 42 ,,170,712.6
15 53 43 ,,170,712.8
15 53 44 ,,170,712.8
15 53 45 ,,170,712.8
15 53 46 ,,170,712.8
15 53 47 ,,170,712.8
15 53 48 ,,170,712.8
15 53 49 ,,170,712.8
15 53 50 ,,170,712.8
15 53 51 ,,170,712.8
15 53 52 ,,170,712.8
15 53 53 ,,170,712.8
15 53 54 ,,170,712.8
15 53 55 ,,170,712.8
15 53 56 ,,170,712.8
15 53 57 ,,170,712.8
15 53 58 ,,170,712.8
15 53 59 ,,170,712.8
15 54 00 ,,170,712.8
15 54 01 ,,170,712.8
15 54 02 ,,170,712.8
15 54 03 ,,170,712.8
15 54 04 ,,170,712.8
15 54 05 ,,170,712.8
15 54 06 ,,170,712.8
15 54 07 ,,170,712.8
15 54 08 ,,170,712.8
15 54 09 ,,170,712.8
15 54 10 ,,170,712.8
15 54 11 ,,170,712.8
15 54 12 ,,170,712.8
15 54 13 ,,170,712.8
15 54 14 ,,170,712.8
15 54 15 ,,170,712.8
15 54 16 ,,170,712.8
15 54 17 ,,170,712.8
15 54 18 ,,170,712.8
15 54 19 ,,170,712.8
15 54 20 ,,170,712.8
15 54 21 ,,170,712.6
15 54 22 ,,170,712.6
15 54 23 ,,170,712.6
15 54 24 ,,170,712.6
15 54 25 ,,170,712.6
15 54 26 ,,170,712.5
15 54 27 ,,170,712.5
15 54 28 ,,170.1,712.5
15 54 29 ,,170.1,712.4
15 54 30 ,,170.1,712.4
15 54 31 ,,170.1,712.3
15 54 32 ,,170.1,712.3
15 54 33 ,,170.1,712.3
15 54 34 ,,170.1,712.3
15 54 35 ,,170.1,712.3
15 54 36 ,,170.1,712.3
15 54 37 ,,170.1,712.2
15 54 38 ,,170.1,712.1
15 54 39 ,,170.1,712.1
15 54 40 ,,170.1,712.1
15 54 41 ,,170.1,712.1
15 54 42 ,,170.1,712.1
15 54 43 ,,170.1,712.1
15 54 44 ,,170.1,712.1
15 54 45 ,,170.1,712.1
15 54 46 ,,170.1,712.1
15 54 47 ,,170.1,712.1
15 54 48 ,,170.1,712.1
15 54 49 ,,170.1,712.1
15 54 50 ,,170.1,712.1
15 54 51 ,,170.1,712.1
15 54 52 ,,170.1,712.1
15 54 53 ,,170.1,712.1
15 54 54 ,,170.1,712
15 54 55 ,,170.1,712
15 54 56 ,,170.1,712
15 54 57 ,,170.1,712
15 54 58 ,,170.1,712
15 54 59 ,,170.1,712
15 55 00 ,,170.1,712
15 55 01 ,,170.1,711.9
15 55 02 ,,170.1,711.9
15 55 03 ,,170.1,711.9
15 55 04 ,,170.1,711.8
15 55 05 ,,170.1,711.8
15 55 06 ,,170.1,711.8
15 55 07 ,,170.1,711.8
15 55 08 ,,170.1,711.6
15 55 09 ,,170.1,711.6
15 55 10 ,,170.1,711.6
15 55 11 ,,170.1,711.6
15 55 12 ,,170.1,711.5
15 55 13 ,,170.1,711.5
15 55 14 ,,170.1,711.4
15 55 15 ,,170.1,711.4
15 55 16 ,,170.1,711.4
15 55 17 ,,170.1,711.3
15 55 18 ,,170.1,711.3
15 55 19 ,,170.1,711.3
15 55 20 ,,170.1,711.3
15 55 21 ,,170.1,711.3
15 55 22 ,,170.1,711.3
15 55 23 ,,170.1,711.3
15 55 24 ,,170,711.3
15 55 25 ,,170,711.3
15 55 26 ,,170,711.3
15 55 27 ,,170,711.3
15 55 28 ,,170,711.3
15 55 29 ,,170,711.3
15 55 30 ,,170,711.3
15 55 31 ,,170,711.3
15 55 32 ,,170,711.3
15 55 33 ,,170,711.3
15 55 34 ,,170,711.3
15 55 35 ,,170,711.3
15 55 36 ,,170,711.2
15 55 37 ,,170,711.2
15 55 38 ,,170,711.2
15 55 39 ,,170,711
15 55 40 ,,170,711
15 55 41 ,,170,710.9
15 55 42 ,,170,710.8
15 55 43 ,,170,710.7
15 55 44 ,,170,710.7
15 55 45 ,,170,710.3
15 55 46 ,,170,710.3
15 55 47 ,,170,710.2
15 55 48 ,,170,710.2
15 55 49 ,,170,710.2
15 55 50 ,,170,710.1
15 55 51 ,,170,710.1
15 55 52 ,,170,710
15 55 53 ,,170,710
15 55 54 ,,170,710
15 55 55 ,,170,710
15 55 56 ,,170,709.8
15 55 57 ,,170,709.7
15 55 58 ,,170,709.6
15 55 59 ,,170,709.4
15 56 00 ,,170,709.3
15 56 01 ,,170,709.2
15 56 02 ,,170,709
15 56 03 ,,170,708.9
15 56 04 ,,170,708.9
15 56 05 ,,170,708.9
15 56 06 ,,170,708.8
15 56 07 ,,170,708.8
15 56 08 ,,170,708.8
15 56 09 ,,170,708.8
15 56 10 ,,170,708.8
15 56 11 ,,170,708.8
15 56 12 ,,170,708.8
15 56 13 ,,170,708.8
15 56 14 ,,170,708.8
15 56 15 ,,170,708.8
15 56 16 ,,170,708.8
15 56 17 ,,170,708.8
15 56 18 ,,170,708.8
15 56 19 ,,170,708.8
15 56 20 ,,170,708.8
15 56 21 ,,170,708.8
15 56 22 ,,170,708.8
15 56 23 ,,170,708.8
15 56 24 ,,170,708.8
15 56 25 ,,170,708.8
15 56 26 ,,170,708.8
15 56 27 ,,170,708.8
15 56 28 ,,170,708.8
15 56 29 ,,170,708.7
15 56 30 ,,170,708.7
15 56 31 ,,170,708.7
15 56 32 ,,170,708.7
15 56 33 ,,170,708.7
15 56 34 ,,170,708.7
15 56 35 ,,170,708.7
15 56 36 ,,170,708.6
15 56 37 ,,170,708.6
15 56 38 ,,170,708.6
15 56 39 ,,170,708.6
15 56 40 ,,170,708.6
15 56 41 ,,170,708.6
15 56 42 ,,170,708.6
15 56 43 ,,170,708.6
15 56 44 ,,170,708.6
15 56 45 ,,170,708.6
15 56 46 ,,170,708.6
15 56 47 ,,170,708.7
15 56 48 ,,170,708.8
15 56 49 ,,170,708.9
15 56 50 ,,170,709
15 56 51 ,,170,709.3
15 56 52 ,,170,709.4
15 56 53 ,,170,709.7
15 56 54 ,,170,709.9
15 56 55 ,,170,710
15 56 56 ,,170,710.2
15 56 57 ,,170,710.4
15 56 58 ,,170.1,710.7
15 56 59 ,,170.1,711
15 57 00 ,,170.1,711.2
15 57 01 ,,170.1,711.3
15 57 02 ,,170.1,711.4
15 57 03 ,,170.1,711.5
15 57 04 ,,170.1,711.8
15 57 05 ,,170.1,711.8
15 57 06 ,,170.1,712.1
15 57 07 ,,170.1,712.1
15 57 08 ,,170.1,712.1
15 57 09 ,,170.1,712.2
15 57 10 ,,170.1,712.3
15 57 11 ,,170.1,712.3
15 57 12 ,,170.1,712.4
15 57 13 ,,170.1,712.4
15 57 14 ,,170.1,712.4
15 57 15 ,,170.1,712.5
15 57 16 ,,170.1,712.5
15 57 17 ,,170.1,712.5
15 57 18 ,,170.1,712.5
15 57 19 ,,170.1,712.5
15 57 20 ,,170.1,712.6
15 57 21 ,,170.1,712.6
15 57 22 ,,170.1,712.6
15 57 23 ,,170.1,712.6
15 57 24 ,,170.1,712.6
15 57 25 ,,170.1,712.6
15 57 26 ,,170.1,712.6
15 57 27 ,,170.1,712.8
15 57 28 ,,170.1,712.8
15 57 29 ,,170.1,712.8
15 57 30 ,,170.1,712.8
15 57 31 ,,170.1,712.8
15 57 32 ,,170.1,713
15 57 33 ,,170.1,713
15 57 34 ,,170.1,713
15 57 35 ,,170.1,713
15 57 36 ,,170.1,713
15 57 37 ,,170.1,713
15 57 38 ,,170.1,713
15 57 39 ,,170.1,713
15 57 40 ,,170.1,713
15 57 41 ,,170.1,713
15 57 42 ,,170.1,713
15 57 43 ,,170.1,713
15 57 44 ,,170.1,713
15 57 45 ,,170.1,713
15 57 46 ,,170.1,713
15 57 47 ,,170.1,713.1
15 57 48 ,,170.1,713.1
15 57 49 ,,170.1,713.1
15 57 50 ,,170.1,713.1
15 57 51 ,,170.1,713.1
15 57 52 ,,170.1,713.1
15 57 53 ,,170.1,713.1
15 57 54 ,,170.1,713.2
15 57 55 ,,170.1,713.2
15 57 56 ,,170.1,713.2
15 57 57 ,,170.1,713.2
15 57 58 ,,170.1,713.2
15 57 59 ,,170.1,713.2
15 58 00 ,,170.1,713.2
15 58 01 ,,170.1,713.2
15 58 02 ,,170.1,713.2
15 58 03 ,,170.1,713.2
15 58 04 ,,170.1,713.2
15 58 05 ,,170.1,713.2
15 58 06 ,,170.1,713.2
15 58 07 ,,170.1,713.2
15 58 08 ,,170.1,713.2
15 58 09 ,,170.1,713.2
15 58 10 ,,170.1,713.2
15 58 11 ,,170.1,713.2
15 58 12 ,,170.1,713.2
15 58 13 ,,170.1,713.2
15 58 14 ,,170.1,713.2
15 58 15 ,,170.1,713.2
15 58 16 ,,170.1,713.2
15 58 17 ,,170.1,713.2
15 58 18 ,,170.1,713.2
15 58 19 ,,170.1,713.2
15 58 20 ,,170.1,713.3
15 58 21 ,,170.1,713.3
15 58 22 ,,170.1,713.3
15 58 23 ,,170.1,713.3
15 58 24 ,,170.1,713.3
15 58 25 ,,170.1,713.3
15 58 26 ,,170.1,713.3
15 58 27 ,,170.1,713.3
15 58 28 ,,170.1,713.3
15 58 29 ,,170.1,713.3
15 58 30 ,,170.1,713.3
15 58 31 ,,170.1,713.3
15 58 32 ,,170.1,713.4
15 58 33 ,,170.1,713.4
15 58 34 ,,170.1,713.4
15 58 35 ,,170.1,713.4
15 58 36 ,,170.1,713.4
15 58 37 ,,170.1,713.4
15 58 38 ,,170.1,713.4
15 58 39 ,,170.1,713.4
15 58 40 ,,170,713.4
15 58 41 ,,170,713.4
15 58 42 ,,170,713.4
15 58 43 ,,170,713.4
15 58 44 ,,170,713.4
15 58 45 ,,170,713.4
15 58 46 ,,170,713.4
15 58 47 ,,170,713.4
15 58 48 ,,170,713.4
15 58 49 ,,170,713.4
15 58 50 ,,170,713.4
15 58 51 ,,170,713.4
15 58 52 ,,170,713.4
15 58 53 ,,170,713.4
15 58 54 ,,170,713.4
15 58 55 ,,170,713.4
15 58 56 ,,170,713.4
15 58 57 ,,170,713.4
15 58 58 ,,170,713.4
15 58 59 ,,170,713.4
15 59 00 ,,170,713.4
15 59 01 ,,170,713.4
15 59 02 ,,170,713.4
15 59 03 ,,170,713.4
15 59 04 ,,170,713.4
15 59 05 ,,170,713.4
15 59 06 ,,170,713.4
15 59 07 ,,170,713.4
15 59 08 ,,170,713.4
15 59 09 ,,170,713.4
15 59 10 ,,170,713.5
15 59 11 ,,170,713.5
15 59 12 ,,170,713.5
15 59 13 ,,170,713.5
15 59 14 ,,170,713.5
15 59 15 ,,170,713.5
15 59 16 ,,170,713.5
15 59 17 ,,170,713.5
15 59 18 ,,170,713.5
15 59 19 ,,170,713.5
15 59 20 ,,170,713.5
15 59 21 ,,170,713.5
15 59 22 ,,170,713.5
15 59 23 ,,170,713.5
15 59 24 ,,170,713.6
15 59 25 ,,170,713.6
15 59 26 ,,170,713.6
15 59 27 ,,170,713.6
15 59 28 ,,170,713.6
15 59 29 ,,170,713.6
15 59 30 ,,170,718.9
15 59 31 ,,170,745
15 59 32 ,,170,745.7
15 59 33 ,,170,746.4
15 59 34 ,,170,747.1
15 59 35 ,,170,747.5
15 59 36 ,,170,747.8
15 59 37 ,,170,747.9
15 59 38 ,,170,748
15 59 39 ,,170,748
15 59 40 ,,170,748
15 59 41 ,,170,748
15 59 42 ,,170,748
15 59 43 ,,170,748.3
15 59 44 ,,170,748.3
15 59 45 ,,170,748.3
15 59 46 ,,170,748.3
15 59 47 ,,170,748.3
15 59 48 ,,170,748.3
15 59 49 ,,170,748.3
15 59 50 ,,170.1,748.3
15 59 51 ,,170.1,748.3
15 59 52 ,,170.1,748.3
15 59 53 ,,170.1,748.3
15 59 54 ,,170.2,748.3
15 59 55 ,,170.2,748.3
15 59 56 ,,170.2,748.3
15 59 57 ,,170.2,748.3
15 59 58 ,,170.2,748.3
15 59 59 ,,170.2,748.3
16 00 00 ,,170.2,748.3
16 00 01 ,,170.2,748.3
16 00 02 ,,170.2,748.3
16 00 03 ,,170.2,748.3
16 00 04 ,,170.2,748.3
16 00 05 ,,170.2,748.3
16 00 06 ,,170.3,748.3
16 00 07 ,,170.3,748.3
16 00 08 ,,170.3,748.3
16 00 09 ,,170.3,748.3
16 00 10 ,,170.3,748.3
16 00 11 ,,170.3,748.3
16 00 12 ,,170.3,748.3
16 00 13 ,,170.3,748.3
16 00 14 ,,170.4,748.3
16 00 15 ,,170.4,748.3
16 00 16 ,,170.4,748.3
16 00 17 ,,170.4,748.3
16 00 18 ,,170.4,748.3
16 00 19 ,,170.4,748.3
16 00 20 ,,170.4,748.3
16 00 21 ,,170.4,748.3
16 00 22 ,,170.4,748.3
16 00 23 ,,170.4,748.3
16 00 24 ,,170.4,767.8
16 00 25 ,,170.4,769.7
16 00 26 ,,170.4,770.7
16 00 27 ,,170.4,771.3
16 00 28 ,,170.4,771.7
16 00 29 ,,170.4,772.1
16 00 30 ,,170.4,772.3
16 00 31 ,,170.4,772.5
16 00 32 ,,170.4,772.5
16 00 33 ,,170.4,772.5
16 00 34 ,,170.4,772.5
16 00 35 ,,170.4,772.5
16 00 36 ,,170.4,772.9
16 00 37 ,,170.4,778.9
16 00 38 ,,170.4,779.3
16 00 39 ,,170.4,779.7
16 00 40 ,,170.4,779.7
16 00 41 ,,170.4,779.7
16 00 42 ,,170.3,779.7
16 00 43 ,,170.3,779.7
16 00 44 ,,170.3,779.7
16 00 45 ,,170.3,779.7
16 00 46 ,,170.3,779.7
16 00 47 ,,170.3,779.7
16 00 48 ,,170.3,779.7
16 00 49 ,,170.3,779.7
16 00 50 ,,170.3,779.7
16 00 51 ,,170.3,779.7
16 00 52 ,,170.2,779.7
16 00 53 ,,170.2,779.7
16 00 54 ,,170.2,779.7
16 00 55 ,,170.2,779.7
16 00 56 ,,170.1,779.7
16 00 57 ,,170.1,779.7
16 00 58 ,,170.1,779.7
16 00 59 ,,170,779.7
16 01 00 ,,170,779.7
16 01 01 ,,170,779.7
16 01 02 ,,170,779.7
16 01 03 ,,170,779.7
16 01 04 ,,169.9,779.7
16 01 05 ,,169.9,779.7
16 01 06 ,,169.9,779.7
16 01 07 ,,169.9,779.7
16 01 08 ,,169.9,779.7
16 01 09 ,,169.9,779.7
16 01 10 ,,169.8,779.7
16 01 11 ,,169.8,779.7
16 01 12 ,,169.8,779.7
16 01 13 ,,169.8,779.7
16 01 14 ,,169.8,779.7
16 01 15 ,,169.8,779.7
16 01 16 ,,169.8,779.7
16 01 17 ,,169.8,779.7
16 01 18 ,,169.8,779.7
16 01 19 ,,169.8,779.7
16 01 20 ,,169.7,779.7
16 01 21 ,,169.7,779.7
16 01 22 ,,169.7,779.7
16 01 23 ,,169.7,779.7
16 01 24 ,,169.7,779.7
16 01 25 ,,169.7,779.7
16 01 26 ,,169.7,779.7
16 01 27 ,,169.7,779.7
16 01 28 ,,169.7,779.7
16 01 29 ,,169.7,779.7
16 01 30 ,,169.7,779.7
16 01 31 ,,169.7,779.7
16 01 32 ,,169.7,779.7
16 01 33 ,,169.7,779.7
16 01 34 ,,169.7,779.7
16 01 35 ,,169.7,779.7
16 01 36 ,,169.7,779.7
16 01 37 ,,169.7,779.7
16 01 38 ,,169.7,779.7
16 01 39 ,,169.7,779.7
16 01 40 ,,169.7,779.7
16 01 41 ,,169.7,779.7
16 01 42 ,,169.7,779.7
16 01 43 ,,169.7,779.7
16 01 44 ,,169.7,779.7
16 01 45 ,,169.7,779.7
16 01 46 ,,169.7,779.7
16 01 47 ,,169.7,779.7
16 01 48 ,,169.7,779.7
16 01 49 ,,169.7,779.7
16 01 50 ,,169.7,779.7
16 01 51 ,,169.7,779.7
16 01 52 ,,169.7,779.7
16 01 53 ,,169.7,779.7
16 01 54 ,,169.7,779.7
16 01 55 ,,169.7,779.7
16 01 56 ,,169.7,779.7
16 01 57 ,,169.7,779.7
16 01 58 ,,169.7,779.7
16 01 59 ,,169.7,779.7
16 02 00 ,,169.7,779.7
16 02 01 ,,169.7,779.7
16 02 02 ,,169.7,779.7
16 02 03 ,,169.7,779.6
16 02 04 ,,169.7,779.5
16 02 05 ,,169.7,779.5
16 02 06 ,,169.7,779.5
16 02 07 ,,169.7,779.5
16 02 08 ,,169.7,779.5
16 02 09 ,,169.7,779.5
16 02 10 ,,169.7,779.5
16 02 11 ,,169.7,779.5
16 02 12 ,,169.7,779.5
16 02 13 ,,169.7,779.5
16 02 14 ,,169.7,779.5
16 02 15 ,,169.7,779.5
16 02 16 ,,169.7,779.5
16 02 17 ,,169.7,779.5
16 02 18 ,,169.7,779.5
16 02 19 ,,169.7,779.5
16 02 20 ,,169.7,779.5
16 02 21 ,,169.7,779.5
16 02 22 ,,169.7,779.5
16 02 23 ,,169.7,779.5
16 02 24 ,,169.7,779.5
16 02 25 ,,169.7,779.5
16 02 26 ,,169.7,779.5
16 02 27 ,,169.7,779.5
16 02 28 ,,169.7,779.4
16 02 29 ,,169.7,779.4
16 02 30 ,,169.7,779.4
16 02 31 ,,169.7,779.4
16 02 32 ,,169.7,779.4
16 02 33 ,,169.7,779.4
16 02 34 ,,169.7,779.4
16 02 35 ,,169.7,779.4
16 02 36 ,,169.7,779.3
16 02 37 ,,169.7,779.3
16 02 38 ,,169.7,779.3
16 02 39 ,,169.7,779.3
16 02 40 ,,169.7,779.3
16 02 41 ,,169.7,779.3
16 02 42 ,,169.7,779.3
16 02 43 ,,169.7,779.3
16 02 44 ,,169.7,779.3
16 02 45 ,,169.7,779.3
16 02 46 ,,169.7,779.3
16 02 47 ,,169.7,779.3
16 02 48 ,,169.7,779.3
16 02 49 ,,169.7,779.3
16 02 50 ,,169.7,779.3
16 02 51 ,,169.7,779.3
16 02 52 ,,169.7,779.3
16 02 53 ,,169.7,779.3
16 02 54 ,,169.7,779.3
16 02 55 ,,169.7,779.3
16 02 56 ,,169.7,779.3
16 02 57 ,,169.7,779.3
16 02 58 ,,169.7,779.3
16 02 59 ,,169.7,779.3
16 03 00 ,,169.7,779.3
16 03 01 ,,169.7,779.3
16 03 02 ,,169.7,779.3
16 03 03 ,,169.7,779.3
16 03 04 ,,169.7,779.3
16 03 05 ,,169.7,779.3
16 03 06 ,,169.7,779.3
16 03 07 ,,169.7,779.3
16 03 08 ,,169.7,779.3
16 03 09 ,,169.7,779.3
16 03 10 ,,169.7,779.3
16 03 11 ,,169.7,779.3
16 03 12 ,,169.7,779.3
16 03 13 ,,169.7,779.3
16 03 14 ,,169.7,779.3
16 03 15 ,,169.7,779.3
16 03 16 ,,169.7,779.3
16 03 17 ,,169.7,779.3
16 03 18 ,,169.7,779.3
16 03 19 ,,169.7,779.3
16 03 20 ,,169.7,779.2
16 03 21 ,,169.7,779.2
16 03 22 ,,169.7,779.2
16 03 23 ,,169.7,779.2
16 03 24 ,,169.7,779.2
16 03 25 ,,169.7,779.2
16 03 26 ,,169.7,779.2
16 03 27 ,,169.7,779.2
16 03 28 ,,169.7,779.2
16 03 29 ,,169.7,779.2
16 03 30 ,,169.7,779.2
16 03 31 ,,169.7,779.2
16 03 32 ,,169.7,779.2
16 03 33 ,,169.7,779.2
16 03 34 ,,169.7,779.1
16 03 35 ,,169.7,779.1
16 03 36 ,,169.7,779.1
16 03 37 ,,169.7,779.1
16 03 38 ,,169.7,779.1
16 03 39 ,,169.7,779.1
16 03 40 ,,169.7,779.1
16 03 41 ,,169.7,779.1
16 03 42 ,,169.7,779.1
16 03 43 ,,169.7,779.1
16 03 44 ,,169.7,779.1
16 03 45 ,,169.7,779.1
16 03 46 ,,169.7,779.1
16 03 47 ,,169.7,779.1
16 03 48 ,,169.7,779.1
16 03 49 ,,169.7,779.1
16 03 50 ,,169.7,779.1
16 03 51 ,,169.7,779.1
16 03 52 ,,169.7,779.1
16 03 53 ,,169.7,779.1
16 03 54 ,,169.7,779.1
16 03 55 ,,169.7,779.1
16 03 56 ,,169.7,779.1
16 03 57 ,,169.7,779.1
16 03 58 ,,169.7,779.1
16 03 59 ,,169.7,779.1
16 04 00 ,,169.7,779.1
16 04 01 ,,169.7,779.1
16 04 02 ,,169.7,779.1
16 04 03 ,,169.7,779.1
16 04 04 ,,169.7,779.1
16 04 05 ,,169.7,778.9
16 04 06 ,,169.7,778.9
16 04 07 ,,169.7,778.9
16 04 08 ,,169.7,778.9
16 04 09 ,,169.7,778.9
16 04 10 ,,169.7,778.9
16 04 11 ,,169.7,778.9
16 04 12 ,,169.7,778.9
16 04 13 ,,169.7,778.9
16 04 14 ,,169.7,778.9
16 04 15 ,,169.7,778.9
16 04 16 ,,169.7,778.9
16 04 17 ,,169.7,778.9
16 04 18 ,,169.7,778.9
16 04 19 ,,169.7,778.9
16 04 20 ,,169.7,778.9
16 04 21 ,,169.7,778.9
16 04 22 ,,169.7,778.9
16 04 23 ,,169.7,778.9
16 04 24 ,,169.7,778.9
16 04 25 ,,169.7,778.9
16 04 26 ,,169.7,778.9
16 04 27 ,,169.7,778.9
16 04 28 ,,169.7,778.9
16 04 29 ,,169.7,778.9
16 04 30 ,,169.7,778.9
16 04 31 ,,169.7,778.9
16 04 32 ,,169.7,778.9
16 04 33 ,,169.7,778.9
16 04 34 ,,169.7,778.9
16 04 35 ,,169.7,778.9
16 04 36 ,,169.7,778.9
16 04 37 ,,169.7,778.9
16 04 38 ,,169.7,778.9
16 04 39 ,,169.7,778.9
16 04 40 ,,169.7,778.9
16 04 41 ,,169.7,778.9
16 04 42 ,,169.7,778.9
16 04 43 ,,169.7,778.9
16 04 44 ,,169.7,778.9
16 04 45 ,,169.7,778.9
16 04 46 ,,169.7,778.9
16 04 47 ,,169.7,778.9
16 04 48 ,,169.7,778.8
16 04 49 ,,169.7,778.8
16 04 50 ,,169.7,778.8
16 04 51 ,,169.7,778.8
16 04 52 ,,169.7,778.8
16 04 53 ,,169.8,778.8
16 04 54 ,,169.8,778.8
16 04 55 ,,169.7,778.8
16 04 56 ,,169.7,778.8
16 04 57 ,,169.7,778.8
16 04 58 ,,169.8,778.8
16 04 59 ,,169.8,778.8
16 05 00 ,,169.8,778.8
16 05 01 ,,169.8,778.8
16 05 02 ,,169.8,778.8
16 05 03 ,,169.7,778.8
16 05 04 ,,169.7,778.8
16 05 05 ,,169.8,778.8
16 05 06 ,,169.8,778.8
16 05 07 ,,169.8,778.8
16 05 08 ,,169.8,778.8
16 05 09 ,,169.8,778.8
16 05 10 ,,169.8,778.8
16 05 11 ,,169.8,778.8
16 05 12 ,,169.8,778.8
16 05 13 ,,169.8,778.8
16 05 14 ,,169.8,778.8
16 05 15 ,,169.8,778.8
16 05 16 ,,169.8,778.8
16 05 17 ,,169.8,778.8
16 05 18 ,,169.8,778.8
16 05 19 ,,169.8,778.8
16 05 20 ,,169.8,778.8
16 05 21 ,,169.8,778.8
16 05 22 ,,169.8,778.8
16 05 23 ,,169.8,778.8
16 05 24 ,,169.8,778.8
16 05 25 ,,169.8,778.8
16 05 26 ,,169.8,778.8
16 05 27 ,,169.8,778.8
16 05 28 ,,169.8,778.6
16 05 29 ,,169.8,778.6
16 05 30 ,,169.8,778.6
16 05 31 ,,169.8,778.6
16 05 32 ,,169.8,778.6
16 05 33 ,,169.8,778.6
16 05 34 ,,169.8,778.6
16 05 35 ,,169.7,778.6
16 05 36 ,,169.7,778.6
16 05 37 ,,169.7,778.6
16 05 38 ,,169.7,778.6
16 05 39 ,,169.7,778.6
16 05 40 ,,169.7,778.6
16 05 41 ,,169.7,778.6
16 05 42 ,,169.8,778.6
16 05 43 ,,169.8,778.6
16 05 44 ,,169.8,778.6
16 05 45 ,,169.8,778.6
16 05 46 ,,169.8,778.6
16 05 47 ,,169.8,778.6
16 05 48 ,,169.8,778.6
16 05 49 ,,169.8,778.6
16 05 50 ,,169.8,778.6
16 05 51 ,,169.8,778.6
16 05 52 ,,169.8,778.6
16 05 53 ,,169.8,778.6
16 05 54 ,,169.8,778.6
16 05 55 ,,169.8,778.6
16 05 56 ,,169.8,778.6
16 05 57 ,,169.8,778.6
16 05 58 ,,169.8,778.6
16 05 59 ,,169.8,778.6
16 06 00 ,,169.8,778.6
16 06 01 ,,169.8,778.6
16 06 02 ,,169.8,778.6
16 06 03 ,,169.8,778.6
16 06 04 ,,169.8,778.6
16 06 05 ,,169.8,778.6
16 06 06 ,,169.8,778.6
16 06 07 ,,169.8,778.6
16 06 08 ,,169.8,778.6
16 06 09 ,,169.8,778.6
16 06 10 ,,169.8,778.6
16 06 11 ,,169.8,778.6
16 06 12 ,,169.8,778.6
16 06 13 ,,169.8,778.6
16 06 14 ,,169.8,778.6
16 06 15 ,,169.8,778.6
16 06 16 ,,169.8,778.6
16 06 17 ,,169.8,778.6
16 06 18 ,,169.8,778.6
16 06 19 ,,169.8,778.6
16 06 20 ,,169.8,778.6
16 06 21 ,,169.8,778.6
16 06 22 ,,169.8,778.5
16 06 23 ,,169.8,778.5
16 06 24 ,,169.8,778.5
16 06 25 ,,169.8,778.5
16 06 26 ,,169.8,778.5
16 06 27 ,,169.8,778.5
16 06 28 ,,169.8,778.5
16 06 29 ,,169.8,778.5
16 06 30 ,,169.8,778.5
16 06 31 ,,169.8,778.5
16 06 32 ,,169.8,778.5
16 06 33 ,,169.8,778.5
16 06 34 ,,169.8,778.5
16 06 35 ,,169.8,778.5
16 06 36 ,,169.8,778.5
16 06 37 ,,169.8,778.5
16 06 38 ,,169.8,778.5
16 06 39 ,,169.8,778.5
16 06 40 ,,169.8,778.5
16 06 41 ,,169.8,778.5
16 06 42 ,,169.8,778.5
16 06 43 ,,169.8,778.5
16 06 44 ,,169.8,778.5
16 06 45 ,,169.8,778.5
16 06 46 ,,169.8,778.5
16 06 47 ,,169.8,778.5
16 06 48 ,,169.8,778.5
16 06 49 ,,169.8,778.5
16 06 50 ,,169.8,778.5
16 06 51 ,,169.8,778.5
16 06 52 ,,169.8,778.5
16 06 53 ,,169.8,778.5
16 06 54 ,,169.8,778.5
16 06 55 ,,169.8,778.5
16 06 56 ,,169.8,778.5
16 06 57 ,,169.8,778.5
16 06 58 ,,169.8,778.5
16 06 59 ,,169.8,778.5
16 07 00 ,,169.8,778.5
16 07 01 ,,169.8,778.5
16 07 02 ,,169.8,778.5
16 07 03 ,,169.8,778.5
16 07 04 ,,169.8,778.5
16 07 05 ,,169.8,778.5
16 07 06 ,,169.8,778.5
16 07 07 ,,169.8,778.5
16 07 08 ,,169.8,778.5
16 07 09 ,,169.8,778.5
16 07 10 ,,169.8,778.5
16 07 11 ,,169.8,778.5
16 07 12 ,,169.8,778.5
16 07 13 ,,169.8,778.5
16 07 14 ,,169.8,778.5
16 07 15 ,,169.8,778.5
16 07 16 ,,169.8,778.5
16 07 17 ,,169.8,778.5
16 07 18 ,,169.8,778.5
16 07 19 ,,169.8,778.5
16 07 20 ,,169.8,778.5
16 07 21 ,,169.8,778.5
16 07 22 ,,169.8,778.5
16 07 23 ,,169.8,778.5
16 07 24 ,,169.8,778.5
16 07 25 ,,169.8,778.5
16 07 26 ,,169.8,778.5
16 07 27 ,,169.8,778.5
16 07 28 ,,169.8,778.5
16 07 29 ,,169.8,778.5
16 07 30 ,,169.8,778.4
16 07 31 ,,169.8,778.4
16 07 32 ,,169.8,778.4
16 07 33 ,,169.8,778.4
16 07 34 ,,169.8,778.4
16 07 35 ,,169.8,778.4
16 07 36 ,,169.8,778.4
16 07 37 ,,169.8,778.4
16 07 38 ,,169.8,778.4
16 07 39 ,,169.8,778.4
16 07 40 ,,169.8,778.4
16 07 41 ,,169.8,778.4
16 07 42 ,,169.8,778.4
16 07 43 ,,169.8,778.4
16 07 44 ,,169.8,778.4
16 07 45 ,,169.8,778.4
16 07 46 ,,169.8,778.4
16 07 47 ,,169.8,778.4
16 07 48 ,,169.8,778.4
16 07 49 ,,169.8,778.4
16 07 50 ,,169.8,778.4
16 07 51 ,,169.8,778.4
16 07 52 ,,169.8,778.4
16 07 53 ,,169.8,778.4
16 07 54 ,,169.9,778.4
16 07 55 ,,169.9,778.4
16 07 56 ,,169.9,778.4
16 07 57 ,,169.9,778.4
16 07 58 ,,169.9,778.4
16 07 59 ,,169.9,778.4
16 08 00 ,,169.9,778.4
16 08 01 ,,169.9,778.4
16 08 02 ,,169.9,778.4
16 08 03 ,,169.9,778.4
16 08 04 ,,169.9,778.4
16 08 05 ,,169.9,778.4
16 08 06 ,,169.9,778.4
16 08 07 ,,169.9,778.4
16 08 08 ,,169.9,778.4
16 08 09 ,,169.9,778.4
16 08 10 ,,169.9,778.4
16 08 11 ,,169.9,778.4
16 08 12 ,,169.9,778.4
16 08 13 ,,169.9,778.4
16 08 14 ,,169.9,778.4
16 08 15 ,,169.9,778.4
16 08 16 ,,169.9,778.4
16 08 17 ,,169.9,778.4
16 08 18 ,,169.9,778.4
16 08 19 ,,169.9,778.4
16 08 20 ,,169.9,778.4
16 08 21 ,,169.9,778.4
16 08 22 ,,169.9,778.4
16 08 23 ,,169.9,778.4
16 08 24 ,,169.9,778.4
16 08 25 ,,169.9,778.4
16 08 26 ,,169.9,778.4
16 08 27 ,,169.9,778.4
16 08 28 ,,169.9,778.4
16 08 29 ,,169.9,778.4
16 08 30 ,,169.9,778.4
16 08 31 ,,169.9,778.4
16 08 32 ,,169.9,778.4
16 08 33 ,,169.9,778.4
16 08 34 ,,169.9,778.4
16 08 35 ,,169.9,778.4
16 08 36 ,,169.9,778.4
16 08 37 ,,169.9,778.4
16 08 38 ,,169.9,778.4
16 08 39 ,,169.9,778.4
16 08 40 ,,169.9,778.4
16 08 41 ,,169.9,778.4
16 08 42 ,,169.9,778.4
16 08 43 ,,169.9,778.4
16 08 44 ,,169.9,778.4
16 08 45 ,,169.9,778.4
16 08 46 ,,169.9,778.4
16 08 47 ,,169.9,778.4
16 08 48 ,,169.9,778.4
16 08 49 ,,169.9,778.4
16 08 50 ,,169.9,778.3
16 08 51 ,,169.9,778.3
16 08 52 ,,169.9,778.3
16 08 53 ,,169.9,778.3
16 08 54 ,,169.9,778.3
16 08 55 ,,169.9,778.3
16 08 56 ,,169.9,778.3
16 08 57 ,,169.9,778.3
16 08 58 ,,169.9,778.3
16 08 59 ,,169.9,778.3
16 09 00 ,,169.9,778.3
16 09 01 ,,169.9,778.3
16 09 02 ,,169.9,778.3
16 09 03 ,,169.9,778.3
16 09 04 ,,169.9,778.3
16 09 05 ,,169.9,778.3
16 09 06 ,,169.9,778.3
16 09 07 ,,169.9,778.3
16 09 08 ,,169.9,778.3
16 09 09 ,,169.9,778.3
16 09 10 ,,169.9,778.3
16 09 11 ,,169.9,778.2
16 09 12 ,,169.9,778.2
16 09 13 ,,169.9,778.2
16 09 14 ,,169.9,778.2
16 09 15 ,,169.9,778.2
16 09 16 ,,169.9,778.2
16 09 17 ,,169.9,778.2
16 09 18 ,,169.9,778.2
16 09 19 ,,169.9,778.2
16 09 20 ,,169.9,778.2
16 09 21 ,,169.9,778.2
16 09 22 ,,169.9,778.2
16 09 23 ,,169.9,778.2
16 09 24 ,,169.9,778.2
16 09 25 ,,169.8,778.2
16 09 26 ,,169.8,778.2
16 09 27 ,,169.8,778.2
16 09 28 ,,169.8,778.2
16 09 29 ,,169.8,778.2
16 09 30 ,,169.8,778.2
16 09 31 ,,169.8,778.2
16 09 32 ,,169.8,778.2
16 09 33 ,,169.8,778.1
16 09 34 ,,169.8,778.1
16 09 35 ,,169.8,778.1
16 09 36 ,,169.8,778.1
16 09 37 ,,169.8,778.1
16 09 38 ,,169.8,778.1
16 09 39 ,,169.8,778.1
16 09 40 ,,169.8,778.1
16 09 41 ,,169.8,778.1
16 09 42 ,,169.8,778.1
16 09 43 ,,169.8,778.1
16 09 44 ,,169.8,778.1
16 09 45 ,,169.8,778.1
16 09 46 ,,169.8,778.1
16 09 47 ,,169.8,778.1
16 09 48 ,,169.8,778.1
16 09 49 ,,169.8,778.1
16 09 50 ,,169.8,778.1
16 09 51 ,,169.8,778.1
16 09 52 ,,169.8,778.1
16 09 53 ,,169.8,778.1
16 09 54 ,,169.8,778.1
16 09 55 ,,169.8,778.1
16 09 56 ,,169.8,778.1
16 09 57 ,,169.8,778.1
16 09 58 ,,169.8,778.1
16 09 59 ,,169.8,778.1
16 10 00 ,,169.8,778.1
16 10 01 ,,169.8,778.1
16 10 02 ,,169.8,778.1
16 10 03 ,,169.8,778.1
16 10 04 ,,169.8,778.1
16 10 05 ,,169.8,778.1
16 10 06 ,,169.8,778.1
16 10 07 ,,169.8,778.1
16 10 08 ,,169.8,778.1
16 10 09 ,,169.8,778.1
16 10 09 ,,169.8,778.1
