Time,P2,P3,P4,P5,P6,P7,P8,P9,P10,P11,P12,P13
0,356.0,328.0,228.0,282.0,202.0,166.0,128.0,110.0,0.0,42.0,62.0,0.0
1,356.0,328.0,228.0,282.0,202.0,166.0,128.0,110.0,0.0,42.0,62.0,0.0
2,356.0,328.0,228.0,282.0,202.0,166.0,128.0,110.0,0.0,42.0,62.0,0.0
3,355.0,325.0,227.0,281.0,198.0,163.0,125.0,107.0,-2.0,39.0,59.0,0.0
4,355.0,325.0,227.0,281.0,198.0,163.0,125.0,107.0,-2.0,39.0,59.0,0.0
5,355.0,325.0,227.0,281.0,198.0,163.0,125.0,107.0,-2.0,39.0,59.0,0.0
6,355.0,325.0,227.0,281.0,198.0,163.0,125.0,107.0,-2.0,39.0,59.0,0.0
7,354.0,324.0,224.0,279.0,198.0,163.0,124.0,106.0,-1.0,39.0,58.0,0.0
8,354.0,324.0,224.0,279.0,198.0,163.0,124.0,106.0,-1.0,39.0,58.0,0.0
9,354.0,324.0,224.0,279.0,198.0,163.0,124.0,106.0,-1.0,39.0,58.0,0.0
10,354.0,324.0,224.0,279.0,198.0,163.0,124.0,106.0,-1.0,39.0,58.0,0.0
11,350.0,321.0,223.0,277.0,195.0,160.0,122.0,104.0,-3.0,36.0,55.0,0.0
12,350.0,321.0,223.0,277.0,195.0,160.0,122.0,104.0,-3.0,36.0,55.0,0.0
13,350.0,321.0,223.0,277.0,195.0,160.0,122.0,104.0,-3.0,36.0,55.0,0.0
14,350.0,321.0,223.0,277.0,195.0,160.0,122.0,104.0,-3.0,36.0,55.0,0.0
15,350.0,320.0,220.0,275.0,194.0,158.0,119.0,101.0,-3.0,34.0,53.0,0.0
16,350.0,320.0,220.0,275.0,194.0,158.0,119.0,101.0,-3.0,34.0,53.0,0.0
17,350.0,320.0,220.0,275.0,194.0,158.0,119.0,101.0,-3.0,34.0,53.0,0.0
18,350.0,320.0,220.0,275.0,194.0,158.0,119.0,101.0,-3.0,34.0,53.0,0.0
19,347.0,317.0,217.0,273.0,191.0,155.0,117.0,99.0,-4.0,31.0,51.0,0.0
20,347.0,317.0,217.0,273.0,191.0,155.0,117.0,99.0,-4.0,31.0,51.0,0.0
21,347.0,317.0,217.0,273.0,191.0,155.0,117.0,99.0,-4.0,31.0,51.0,0.0
22,347.0,317.0,217.0,273.0,191.0,155.0,117.0,99.0,-4.0,31.0,51.0,0.0
23,343.0,315.0,215.0,271.0,188.0,152.0,114.0,96.0,-4.0,28.0,48.0,0.0
24,343.0,315.0,215.0,271.0,188.0,152.0,114.0,96.0,-4.0,28.0,48.0,0.0
25,343.0,315.0,215.0,271.0,188.0,152.0,114.0,96.0,-4.0,28.0,48.0,0.0
26,343.0,315.0,215.0,271.0,188.0,152.0,114.0,96.0,-4.0,28.0,48.0,0.0
27,344.0,314.0,213.0,269.0,188.0,153.0,114.0,95.0,-4.0,29.0,48.0,0.0
28,344.0,314.0,213.0,269.0,188.0,153.0,114.0,95.0,-4.0,29.0,48.0,0.0
29,344.0,314.0,213.0,269.0,188.0,153.0,114.0,95.0,-4.0,29.0,48.0,0.0
30,344.0,314.0,213.0,269.0,188.0,153.0,114.0,95.0,-4.0,29.0,48.0,0.0
31,342.0,312.0,214.0,269.0,186.0,150.0,112.0,94.0,-5.0,27.0,46.0,0.0
32,342.0,312.0,214.0,269.0,186.0,150.0,112.0,94.0,-5.0,27.0,46.0,0.0
33,342.0,312.0,214.0,269.0,186.0,150.0,112.0,94.0,-5.0,27.0,46.0,0.0
34,340.0,311.0,210.0,264.0,184.0,148.0,109.0,90.0,-3.0,24.0,43.0,0.0
35,340.0,311.0,210.0,264.0,184.0,148.0,109.0,90.0,-3.0,24.0,43.0,0.0
36,340.0,311.0,210.0,264.0,184.0,148.0,109.0,90.0,-3.0,24.0,43.0,0.0
37,340.0,311.0,210.0,264.0,184.0,148.0,109.0,90.0,-3.0,24.0,43.0,0.0
38,337.0,309.0,209.0,263.0,181.0,146.0,106.0,88.0,-4.0,22.0,41.0,0.0
39,337.0,309.0,209.0,263.0,181.0,146.0,106.0,88.0,-4.0,22.0,41.0,0.0
40,337.0,309.0,209.0,263.0,181.0,146.0,106.0,88.0,-4.0,22.0,41.0,0.0
41,336.0,308.0,207.0,262.0,180.0,144.0,105.0,87.0,-4.0,21.0,40.0,0.0
42,336.0,308.0,207.0,262.0,180.0,144.0,105.0,87.0,-4.0,21.0,40.0,0.0
43,336.0,308.0,207.0,262.0,180.0,144.0,105.0,87.0,-4.0,21.0,40.0,0.0
44,336.0,308.0,207.0,262.0,180.0,144.0,105.0,87.0,-4.0,21.0,40.0,0.0
45,333.0,302.0,203.0,259.0,175.0,140.0,101.0,84.0,-8.0,16.0,36.0,0.0
46,333.0,302.0,203.0,259.0,175.0,140.0,101.0,84.0,-8.0,16.0,36.0,0.0
47,333.0,302.0,203.0,259.0,175.0,140.0,101.0,84.0,-8.0,16.0,36.0,0.0
48,332.0,304.0,202.0,258.0,176.0,139.0,101.0,83.0,-5.0,16.0,35.0,0.0
49,332.0,304.0,202.0,258.0,176.0,139.0,101.0,83.0,-5.0,16.0,35.0,0.0
50,332.0,304.0,202.0,258.0,176.0,139.0,101.0,83.0,-5.0,16.0,35.0,0.0
51,332.0,304.0,202.0,258.0,176.0,139.0,101.0,83.0,-5.0,16.0,35.0,0.0
52,331.0,300.0,200.0,256.0,173.0,137.0,98.0,80.0,-5.0,14.0,34.0,0.0
53,331.0,300.0,200.0,256.0,173.0,137.0,98.0,80.0,-5.0,14.0,34.0,0.0
54,331.0,300.0,200.0,256.0,173.0,137.0,98.0,80.0,-5.0,14.0,34.0,0.0
55,331.0,300.0,200.0,256.0,173.0,137.0,98.0,80.0,-5.0,14.0,34.0,0.0
56,330.0,300.0,200.0,256.0,173.0,137.0,98.0,80.0,-4.0,14.0,34.0,0.0
57,330.0,300.0,200.0,256.0,173.0,137.0,98.0,80.0,-4.0,14.0,34.0,0.0
58,330.0,300.0,200.0,256.0,173.0,137.0,98.0,80.0,-4.0,14.0,34.0,0.0
59,327.0,298.0,197.0,252.0,171.0,135.0,96.0,78.0,-4.0,12.0,31.0,0.0
60,327.0,298.0,197.0,252.0,171.0,135.0,96.0,78.0,-4.0,12.0,31.0,0.0
61,327.0,298.0,197.0,252.0,171.0,135.0,96.0,78.0,-4.0,12.0,31.0,0.0
62,327.0,298.0,197.0,252.0,171.0,135.0,96.0,78.0,-4.0,12.0,31.0,0.0
63,327.0,298.0,197.0,253.0,171.0,134.0,95.0,77.0,-4.0,13.0,31.0,0.0
64,327.0,298.0,197.0,253.0,171.0,134.0,95.0,77.0,-4.0,13.0,31.0,0.0
65,327.0,298.0,197.0,253.0,171.0,134.0,95.0,77.0,-4.0,13.0,31.0,0.0
66,327.0,298.0,197.0,253.0,171.0,134.0,95.0,77.0,-4.0,13.0,31.0,0.0
67,325.0,296.0,195.0,251.0,171.0,133.0,93.0,75.0,-2.0,11.0,30.0,0.0
68,325.0,296.0,195.0,251.0,171.0,133.0,93.0,75.0,-2.0,11.0,30.0,0.0
69,325.0,296.0,195.0,251.0,171.0,133.0,93.0,75.0,-2.0,11.0,30.0,0.0
70,324.0,296.0,194.0,249.0,167.0,131.0,92.0,74.0,-5.0,10.0,28.0,0.0
71,324.0,296.0,194.0,249.0,167.0,131.0,92.0,74.0,-5.0,10.0,28.0,0.0
72,324.0,296.0,194.0,249.0,167.0,131.0,92.0,74.0,-5.0,10.0,28.0,0.0
73,324.0,296.0,194.0,249.0,167.0,131.0,92.0,74.0,-5.0,10.0,28.0,0.0
74,322.0,292.0,192.0,247.0,164.0,127.0,89.0,71.0,-6.0,6.0,25.0,0.0
75,322.0,292.0,192.0,247.0,164.0,127.0,89.0,71.0,-6.0,6.0,25.0,0.0
76,322.0,292.0,192.0,247.0,164.0,127.0,89.0,71.0,-6.0,6.0,25.0,0.0
77,322.0,292.0,192.0,247.0,164.0,127.0,89.0,71.0,-6.0,6.0,25.0,0.0
78,320.0,291.0,190.0,246.0,163.0,126.0,88.0,70.0,-7.0,6.0,23.0,0.0
79,320.0,291.0,190.0,246.0,163.0,126.0,88.0,70.0,-7.0,6.0,23.0,0.0
80,320.0,291.0,190.0,246.0,163.0,126.0,88.0,70.0,-7.0,6.0,23.0,0.0
81,320.0,289.0,189.0,245.0,163.0,126.0,86.0,68.0,-3.0,6.0,22.0,0.0
82,320.0,289.0,189.0,245.0,163.0,126.0,86.0,68.0,-3.0,6.0,22.0,0.0
83,320.0,289.0,189.0,245.0,163.0,126.0,86.0,68.0,-3.0,6.0,22.0,0.0
84,320.0,289.0,189.0,245.0,163.0,126.0,86.0,68.0,-3.0,6.0,22.0,0.0
85,318.0,289.0,189.0,245.0,162.0,124.0,86.0,68.0,-4.0,5.0,21.0,0.0
86,318.0,289.0,189.0,245.0,162.0,124.0,86.0,68.0,-4.0,5.0,21.0,0.0
87,318.0,289.0,189.0,245.0,162.0,124.0,86.0,68.0,-4.0,5.0,21.0,0.0
88,318.0,289.0,189.0,245.0,162.0,124.0,86.0,68.0,-4.0,5.0,21.0,0.0
89,314.0,285.0,185.0,241.0,157.0,120.0,82.0,64.0,-6.0,1.0,17.0,0.0
90,314.0,285.0,185.0,241.0,157.0,120.0,82.0,64.0,-6.0,1.0,17.0,0.0
91,314.0,285.0,185.0,241.0,157.0,120.0,82.0,64.0,-6.0,1.0,17.0,0.0
92,315.0,286.0,185.0,239.0,157.0,121.0,82.0,63.0,-5.0,2.0,17.0,0.0
93,315.0,286.0,185.0,239.0,157.0,121.0,82.0,63.0,-5.0,2.0,17.0,0.0
94,315.0,286.0,185.0,239.0,157.0,121.0,82.0,63.0,-5.0,2.0,17.0,0.0
95,315.0,286.0,185.0,239.0,157.0,121.0,82.0,63.0,-5.0,2.0,17.0,0.0
96,314.0,283.0,182.0,239.0,156.0,119.0,81.0,62.0,-4.0,2.0,15.0,0.0
97,314.0,283.0,182.0,239.0,156.0,119.0,81.0,62.0,-4.0,2.0,15.0,0.0
98,314.0,283.0,182.0,239.0,156.0,119.0,81.0,62.0,-4.0,2.0,15.0,0.0
99,314.0,283.0,182.0,239.0,156.0,119.0,81.0,62.0,-4.0,2.0,15.0,0.0
100,313.0,285.0,183.0,238.0,155.0,118.0,79.0,61.0,-4.0,1.0,14.0,0.0
101,313.0,285.0,183.0,238.0,155.0,118.0,79.0,61.0,-4.0,1.0,14.0,0.0
102,313.0,285.0,183.0,238.0,155.0,118.0,79.0,61.0,-4.0,1.0,14.0,0.0
103,312.0,283.0,180.0,237.0,155.0,117.0,78.0,60.0,-3.0,2.0,13.0,0.0
104,312.0,283.0,180.0,237.0,155.0,117.0,78.0,60.0,-3.0,2.0,13.0,0.0
105,312.0,283.0,180.0,237.0,155.0,117.0,78.0,60.0,-3.0,2.0,13.0,0.0
106,312.0,283.0,180.0,237.0,155.0,117.0,78.0,60.0,-3.0,2.0,13.0,0.0
107,310.0,279.0,177.0,233.0,154.0,114.0,76.0,57.0,-4.0,1.0,10.0,0.0
108,310.0,279.0,177.0,233.0,154.0,114.0,76.0,57.0,-4.0,1.0,10.0,0.0
109,310.0,279.0,177.0,233.0,154.0,114.0,76.0,57.0,-4.0,1.0,10.0,0.0
110,306.0,277.0,176.0,232.0,149.0,110.0,72.0,54.0,-7.0,-3.0,6.0,0.0
111,306.0,277.0,176.0,232.0,149.0,110.0,72.0,54.0,-7.0,-3.0,6.0,0.0
112,306.0,277.0,176.0,232.0,149.0,110.0,72.0,54.0,-7.0,-3.0,6.0,0.0
113,306.0,277.0,176.0,232.0,149.0,110.0,72.0,54.0,-7.0,-3.0,6.0,0.0
114,304.0,276.0,174.0,230.0,147.0,108.0,70.0,52.0,-6.0,-2.0,4.0,0.0
115,304.0,276.0,174.0,230.0,147.0,108.0,70.0,52.0,-6.0,-2.0,4.0,0.0
116,304.0,276.0,174.0,230.0,147.0,108.0,70.0,52.0,-6.0,-2.0,4.0,0.0
117,304.0,276.0,174.0,230.0,147.0,108.0,70.0,52.0,-6.0,-2.0,4.0,0.0
118,301.0,272.0,172.0,227.0,145.0,106.0,68.0,50.0,-6.0,-3.0,3.0,0.0
119,301.0,272.0,172.0,227.0,145.0,106.0,68.0,50.0,-6.0,-3.0,3.0,0.0
120,301.0,272.0,172.0,227.0,145.0,106.0,68.0,50.0,-6.0,-3.0,3.0,0.0
121,301.0,272.0,172.0,227.0,145.0,106.0,68.0,50.0,-6.0,-3.0,3.0,0.0
122,302.0,273.0,172.0,227.0,145.0,106.0,67.0,50.0,-5.0,1.0,6.0,0.0
123,302.0,273.0,172.0,227.0,145.0,106.0,67.0,50.0,-5.0,1.0,6.0,0.0
124,302.0,273.0,172.0,227.0,145.0,106.0,67.0,50.0,-5.0,1.0,6.0,0.0
125,299.0,270.0,169.0,222.0,141.0,102.0,63.0,46.0,-7.0,-3.0,0.0,0.0
126,299.0,270.0,169.0,222.0,141.0,102.0,63.0,46.0,-7.0,-3.0,0.0,0.0
127,299.0,270.0,169.0,222.0,141.0,102.0,63.0,46.0,-7.0,-3.0,0.0,0.0
128,299.0,270.0,169.0,222.0,141.0,102.0,63.0,46.0,-7.0,-3.0,0.0,0.0
129,297.0,267.0,167.0,223.0,141.0,102.0,63.0,46.0,-4.0,-1.0,2.0,0.0
130,297.0,267.0,167.0,223.0,141.0,102.0,63.0,46.0,-4.0,-1.0,2.0,0.0
131,297.0,267.0,167.0,223.0,141.0,102.0,63.0,46.0,-4.0,-1.0,2.0,0.0
132,295.0,264.0,163.0,221.0,139.0,100.0,60.0,44.0,-3.0,-1.0,1.0,0.0
133,295.0,264.0,163.0,221.0,139.0,100.0,60.0,44.0,-3.0,-1.0,1.0,0.0
134,295.0,264.0,163.0,221.0,139.0,100.0,60.0,44.0,-3.0,-1.0,1.0,0.0
135,295.0,264.0,163.0,221.0,139.0,100.0,60.0,44.0,-3.0,-1.0,1.0,0.0
136,295.0,262.0,161.0,217.0,138.0,97.0,58.0,42.0,-2.0,0.0,2.0,0.0
137,295.0,262.0,161.0,217.0,138.0,97.0,58.0,42.0,-2.0,0.0,2.0,0.0
138,295.0,262.0,161.0,217.0,138.0,97.0,58.0,42.0,-2.0,0.0,2.0,0.0
139,295.0,262.0,161.0,217.0,138.0,97.0,58.0,42.0,-2.0,0.0,2.0,0.0
140,290.0,261.0,159.0,215.0,134.0,93.0,54.0,39.0,-4.0,-1.0,2.0,0.0
141,290.0,261.0,159.0,215.0,134.0,93.0,54.0,39.0,-4.0,-1.0,2.0,0.0
142,290.0,261.0,159.0,215.0,134.0,93.0,54.0,39.0,-4.0,-1.0,2.0,0.0
143,288.0,257.0,154.0,210.0,130.0,89.0,50.0,34.0,-6.0,-4.0,-3.0,0.0
144,288.0,257.0,154.0,210.0,130.0,89.0,50.0,34.0,-6.0,-4.0,-3.0,0.0
145,288.0,257.0,154.0,210.0,130.0,89.0,50.0,34.0,-6.0,-4.0,-3.0,0.0
146,288.0,257.0,154.0,210.0,130.0,89.0,50.0,34.0,-6.0,-4.0,-3.0,0.0
147,285.0,254.0,153.0,211.0,130.0,89.0,49.0,33.0,-2.0,1.0,-2.0,0.0
148,285.0,254.0,153.0,211.0,130.0,89.0,49.0,33.0,-2.0,1.0,-2.0,0.0
149,285.0,254.0,153.0,211.0,130.0,89.0,49.0,33.0,-2.0,1.0,-2.0,0.0
150,281.0,252.0,150.0,207.0,127.0,85.0,46.0,33.0,-2.0,-2.0,-2.0,0.0
151,281.0,252.0,150.0,207.0,127.0,85.0,46.0,33.0,-2.0,-2.0,-2.0,0.0
152,281.0,252.0,150.0,207.0,127.0,85.0,46.0,33.0,-2.0,-2.0,-2.0,0.0
153,281.0,252.0,150.0,207.0,127.0,85.0,46.0,33.0,-2.0,-2.0,-2.0,0.0
154,275.0,245.0,140.0,197.0,123.0,80.0,39.0,28.0,-5.0,-1.0,-3.0,0.0
155,275.0,245.0,140.0,197.0,123.0,80.0,39.0,28.0,-5.0,-1.0,-3.0,0.0
156,275.0,245.0,140.0,197.0,123.0,80.0,39.0,28.0,-5.0,-1.0,-3.0,0.0
157,275.0,245.0,140.0,197.0,123.0,80.0,39.0,28.0,-5.0,-1.0,-3.0,0.0
158,276.0,246.0,144.0,200.0,119.0,76.0,38.0,27.0,-6.0,-1.0,-3.0,0.0
159,276.0,246.0,144.0,200.0,119.0,76.0,38.0,27.0,-6.0,-1.0,-3.0,0.0
160,276.0,246.0,144.0,200.0,119.0,76.0,38.0,27.0,-6.0,-1.0,-3.0,0.0
161,275.0,245.0,143.0,199.0,116.0,74.0,34.0,24.0,-5.0,-3.0,-4.0,0.0
162,275.0,245.0,143.0,199.0,116.0,74.0,34.0,24.0,-5.0,-3.0,-4.0,0.0
163,275.0,245.0,143.0,199.0,116.0,74.0,34.0,24.0,-5.0,-3.0,-4.0,0.0
164,275.0,245.0,143.0,199.0,116.0,74.0,34.0,24.0,-5.0,-3.0,-4.0,0.0
165,268.0,238.0,136.0,193.0,115.0,73.0,34.0,21.0,-4.0,-1.0,-3.0,0.0
166,268.0,238.0,136.0,193.0,115.0,73.0,34.0,21.0,-4.0,-1.0,-3.0,0.0
167,268.0,238.0,136.0,193.0,115.0,73.0,34.0,21.0,-4.0,-1.0,-3.0,0.0
168,268.0,238.0,136.0,193.0,115.0,73.0,34.0,21.0,-4.0,-1.0,-3.0,0.0
169,264.0,234.0,132.0,190.0,110.0,67.0,30.0,20.0,-4.0,-2.0,-4.0,0.0
170,264.0,234.0,132.0,190.0,110.0,67.0,30.0,20.0,-4.0,-2.0,-4.0,0.0
171,264.0,234.0,132.0,190.0,110.0,67.0,30.0,20.0,-4.0,-2.0,-4.0,0.0
172,260.0,232.0,129.0,187.0,108.0,65.0,28.0,19.0,-1.0,0.0,-2.0,0.0
173,260.0,232.0,129.0,187.0,108.0,65.0,28.0,19.0,-1.0,0.0,-2.0,0.0
174,260.0,232.0,129.0,187.0,108.0,65.0,28.0,19.0,-1.0,0.0,-2.0,0.0
175,260.0,232.0,129.0,187.0,108.0,65.0,28.0,19.0,-1.0,0.0,-2.0,0.0
176,259.0,231.0,128.0,185.0,107.0,64.0,27.0,20.0,-1.0,0.0,-1.0,0.0
177,259.0,231.0,128.0,185.0,107.0,64.0,27.0,20.0,-1.0,0.0,-1.0,0.0
178,259.0,231.0,128.0,185.0,107.0,64.0,27.0,20.0,-1.0,0.0,-1.0,0.0
179,259.0,231.0,128.0,185.0,107.0,64.0,27.0,20.0,-1.0,0.0,-1.0,0.0
180,256.0,226.0,123.0,182.0,104.0,59.0,26.0,17.0,0.0,0.0,0.0,0.0
181,256.0,226.0,123.0,182.0,104.0,59.0,26.0,17.0,0.0,0.0,0.0,0.0
182,256.0,226.0,123.0,182.0,104.0,59.0,26.0,17.0,0.0,0.0,0.0,0.0
183,253.0,224.0,120.0,178.0,100.0,54.0,24.0,17.0,-1.0,0.0,0.0,0.0
184,253.0,224.0,120.0,178.0,100.0,54.0,24.0,17.0,-1.0,0.0,0.0,0.0
185,253.0,224.0,120.0,178.0,100.0,54.0,24.0,17.0,-1.0,0.0,0.0,0.0
186,253.0,224.0,120.0,178.0,100.0,54.0,24.0,17.0,-1.0,0.0,0.0,0.0
187,251.0,223.0,118.0,177.0,98.0,50.0,22.0,15.0,0.0,0.0,-1.0,0.0
188,251.0,223.0,118.0,177.0,98.0,50.0,22.0,15.0,0.0,0.0,-1.0,0.0
189,251.0,223.0,118.0,177.0,98.0,50.0,22.0,15.0,0.0,0.0,-1.0,0.0
190,251.0,223.0,118.0,177.0,98.0,50.0,22.0,15.0,0.0,0.0,-1.0,0.0
191,250.0,219.0,114.0,175.0,95.0,47.0,19.0,14.0,0.0,0.0,0.0,0.0
192,250.0,219.0,114.0,175.0,95.0,47.0,19.0,14.0,0.0,0.0,0.0,0.0
193,250.0,219.0,114.0,175.0,95.0,47.0,19.0,14.0,0.0,0.0,0.0,0.0
194,248.0,220.0,115.0,173.0,92.0,45.0,18.0,12.0,0.0,0.0,-1.0,0.0
195,248.0,220.0,115.0,173.0,92.0,45.0,18.0,12.0,0.0,0.0,-1.0,0.0
196,248.0,220.0,115.0,173.0,92.0,45.0,18.0,12.0,0.0,0.0,-1.0,0.0
197,248.0,220.0,115.0,173.0,92.0,45.0,18.0,12.0,0.0,0.0,-1.0,0.0
198,245.0,218.0,111.0,170.0,92.0,41.0,16.0,11.0,0.0,0.0,0.0,0.0
199,245.0,218.0,111.0,170.0,92.0,41.0,16.0,11.0,0.0,0.0,0.0,0.0
200,245.0,218.0,111.0,170.0,92.0,41.0,16.0,11.0,0.0,0.0,0.0,0.0
201,244.0,215.0,110.0,169.0,88.0,39.0,14.0,10.0,0.0,0.0,0.0,0.0
202,244.0,215.0,110.0,169.0,88.0,39.0,14.0,10.0,0.0,0.0,0.0,0.0
203,244.0,215.0,110.0,169.0,88.0,39.0,14.0,10.0,0.0,0.0,0.0,0.0
204,244.0,215.0,110.0,169.0,88.0,39.0,14.0,10.0,0.0,0.0,0.0,0.0
205,242.0,212.0,107.0,166.0,87.0,37.0,11.0,8.0,0.0,0.0,0.0,0.0
206,242.0,212.0,107.0,166.0,87.0,37.0,11.0,8.0,0.0,0.0,0.0,0.0
207,242.0,212.0,107.0,166.0,87.0,37.0,11.0,8.0,0.0,0.0,0.0,0.0
208,242.0,212.0,107.0,166.0,87.0,37.0,11.0,8.0,0.0,0.0,0.0,0.0
209,239.0,212.0,106.0,164.0,84.0,36.0,8.0,7.0,0.0,0.0,0.0,0.0
210,239.0,212.0,106.0,164.0,84.0,36.0,8.0,7.0,0.0,0.0,0.0,0.0
211,239.0,212.0,106.0,164.0,84.0,36.0,8.0,7.0,0.0,0.0,0.0,0.0
212,239.0,212.0,106.0,164.0,84.0,36.0,8.0,7.0,0.0,0.0,0.0,0.0
213,236.0,210.0,104.0,163.0,82.0,31.0,4.0,4.0,0.0,0.0,0.0,0.0
214,236.0,210.0,104.0,163.0,82.0,31.0,4.0,4.0,0.0,0.0,0.0,0.0
215,236.0,210.0,104.0,163.0,82.0,31.0,4.0,4.0,0.0,0.0,0.0,0.0
216,236.0,208.0,102.0,160.0,82.0,32.0,3.0,5.0,0.0,0.0,0.0,0.0
217,236.0,208.0,102.0,160.0,82.0,32.0,3.0,5.0,0.0,0.0,0.0,0.0
218,236.0,208.0,102.0,160.0,82.0,32.0,3.0,5.0,0.0,0.0,0.0,0.0
219,236.0,208.0,102.0,160.0,82.0,32.0,3.0,5.0,0.0,0.0,0.0,0.0
220,235.0,207.0,100.0,159.0,82.0,30.0,2.0,4.0,0.0,0.0,0.0,0.0
221,235.0,207.0,100.0,159.0,82.0,30.0,2.0,4.0,0.0,0.0,0.0,0.0
222,235.0,207.0,100.0,159.0,82.0,30.0,2.0,4.0,0.0,0.0,0.0,0.0
223,235.0,207.0,100.0,159.0,82.0,30.0,2.0,4.0,0.0,0.0,0.0,0.0
224,232.0,205.0,100.0,158.0,80.0,26.0,0.0,1.0,-1.0,0.0,0.0,0.0
225,232.0,205.0,100.0,158.0,80.0,26.0,0.0,1.0,-1.0,0.0,0.0,0.0
226,232.0,205.0,100.0,158.0,80.0,26.0,0.0,1.0,-1.0,0.0,0.0,0.0
227,232.0,205.0,100.0,158.0,80.0,26.0,0.0,1.0,-1.0,0.0,0.0,0.0
228,229.0,201.0,95.0,154.0,76.0,24.0,0.0,0.0,0.0,0.0,0.0,0.0
229,229.0,201.0,95.0,154.0,76.0,24.0,0.0,0.0,0.0,0.0,0.0,0.0
230,229.0,201.0,95.0,154.0,76.0,24.0,0.0,0.0,0.0,0.0,0.0,0.0
231,227.0,199.0,93.0,151.0,75.0,19.0,0.0,0.0,0.0,0.0,0.0,0.0
232,227.0,199.0,93.0,151.0,75.0,19.0,0.0,0.0,0.0,0.0,0.0,0.0
233,227.0,199.0,93.0,151.0,75.0,19.0,0.0,0.0,0.0,0.0,0.0,0.0
234,227.0,199.0,93.0,151.0,75.0,19.0,0.0,0.0,0.0,0.0,0.0,0.0
235,223.0,196.0,92.0,149.0,71.0,18.0,0.0,0.0,0.0,0.0,-1.0,0.0
236,223.0,196.0,92.0,149.0,71.0,18.0,0.0,0.0,0.0,0.0,-1.0,0.0
237,223.0,196.0,92.0,149.0,71.0,18.0,0.0,0.0,0.0,0.0,-1.0,0.0
238,221.0,195.0,89.0,146.0,71.0,17.0,0.0,0.0,0.0,0.0,-1.0,0.0
239,221.0,195.0,89.0,146.0,71.0,17.0,0.0,0.0,0.0,0.0,-1.0,0.0
240,221.0,195.0,89.0,146.0,71.0,17.0,0.0,0.0,0.0,0.0,-1.0,0.0
241,221.0,195.0,89.0,146.0,71.0,17.0,0.0,0.0,0.0,0.0,-1.0,0.0
242,219.0,190.0,85.0,143.0,70.0,16.0,0.0,0.0,0.0,0.0,-1.0,0.0
243,219.0,190.0,85.0,143.0,70.0,16.0,0.0,0.0,0.0,0.0,-1.0,0.0
244,219.0,190.0,85.0,143.0,70.0,16.0,0.0,0.0,0.0,0.0,-1.0,0.0
245,216.0,190.0,84.0,141.0,69.0,14.0,0.0,0.0,0.0,0.0,-1.0,0.0
246,216.0,190.0,84.0,141.0,69.0,14.0,0.0,0.0,0.0,0.0,-1.0,0.0
247,216.0,190.0,84.0,141.0,69.0,14.0,0.0,0.0,0.0,0.0,-1.0,0.0
248,216.0,190.0,84.0,141.0,69.0,14.0,0.0,0.0,0.0,0.0,-1.0,0.0
249,214.0,187.0,82.0,138.0,66.0,14.0,0.0,0.0,0.0,0.0,-1.0,0.0
250,214.0,187.0,82.0,138.0,66.0,14.0,0.0,0.0,0.0,0.0,-1.0,0.0
251,214.0,187.0,82.0,138.0,66.0,14.0,0.0,0.0,0.0,0.0,-1.0,0.0
252,210.0,184.0,79.0,135.0,65.0,13.0,0.0,0.0,0.0,0.0,-1.0,0.0
253,210.0,184.0,79.0,135.0,65.0,13.0,0.0,0.0,0.0,0.0,-1.0,0.0
254,210.0,184.0,79.0,135.0,65.0,13.0,0.0,0.0,0.0,0.0,-1.0,0.0
255,210.0,184.0,79.0,135.0,65.0,13.0,0.0,0.0,0.0,0.0,-1.0,0.0
256,210.0,183.0,78.0,132.0,64.0,11.0,0.0,0.0,0.0,0.0,0.0,0.0
257,210.0,183.0,78.0,132.0,64.0,11.0,0.0,0.0,0.0,0.0,0.0,0.0
258,210.0,183.0,78.0,132.0,64.0,11.0,0.0,0.0,0.0,0.0,0.0,0.0
259,210.0,183.0,78.0,132.0,64.0,11.0,0.0,0.0,0.0,0.0,0.0,0.0
260,207.0,182.0,79.0,130.0,60.0,9.0,0.0,0.0,0.0,0.0,0.0,0.0
261,207.0,182.0,79.0,130.0,60.0,9.0,0.0,0.0,0.0,0.0,0.0,0.0
262,207.0,182.0,79.0,130.0,60.0,9.0,0.0,0.0,0.0,0.0,0.0,0.0
263,204.0,182.0,79.0,130.0,62.0,10.0,0.0,0.0,0.0,0.0,0.0,0.0
264,204.0,178.0,75.0,126.0,62.0,10.0,0.0,0.0,0.0,0.0,0.0,0.0
265,204.0,178.0,75.0,126.0,62.0,10.0,0.0,0.0,0.0,0.0,0.0,0.0
266,204.0,178.0,75.0,126.0,62.0,10.0,0.0,0.0,0.0,0.0,0.0,0.0
267,204.0,178.0,75.0,126.0,62.0,10.0,0.0,0.0,0.0,0.0,0.0,0.0
268,202.0,177.0,72.0,124.0,57.0,6.0,0.0,0.0,0.0,0.0,0.0,0.0
269,202.0,177.0,72.0,124.0,57.0,6.0,0.0,0.0,0.0,0.0,0.0,0.0
270,202.0,177.0,72.0,124.0,57.0,6.0,0.0,0.0,0.0,0.0,0.0,0.0
271,202.0,177.0,72.0,124.0,57.0,6.0,0.0,0.0,0.0,0.0,0.0,0.0
272,197.0,171.0,69.0,119.0,58.0,7.0,0.0,0.0,0.0,0.0,0.0,0.0
273,197.0,171.0,69.0,119.0,58.0,7.0,0.0,0.0,0.0,0.0,0.0,0.0
274,197.0,171.0,69.0,119.0,58.0,7.0,0.0,0.0,0.0,0.0,0.0,0.0
275,194.0,168.0,65.0,115.0,55.0,5.0,0.0,0.0,0.0,0.0,0.0,0.0
276,194.0,168.0,65.0,115.0,55.0,5.0,0.0,0.0,0.0,0.0,0.0,0.0
277,194.0,168.0,65.0,115.0,55.0,5.0,0.0,0.0,0.0,0.0,0.0,0.0
278,194.0,168.0,65.0,115.0,55.0,5.0,0.0,0.0,0.0,0.0,0.0,0.0
279,193.0,168.0,65.0,111.0,52.0,3.0,0.0,0.0,0.0,0.0,0.0,0.0
280,193.0,168.0,65.0,111.0,52.0,3.0,0.0,0.0,0.0,0.0,0.0,0.0
281,193.0,168.0,65.0,111.0,52.0,3.0,0.0,0.0,0.0,0.0,0.0,0.0
282,188.0,162.0,61.0,106.0,51.0,0.0,0.0,0.0,0.0,0.0,0.0,0.0
283,188.0,162.0,61.0,106.0,51.0,0.0,0.0,0.0,0.0,0.0,0.0,0.0
284,188.0,162.0,61.0,106.0,51.0,0.0,0.0,0.0,0.0,0.0,0.0,0.0
285,188.0,162.0,61.0,106.0,51.0,0.0,0.0,0.0,0.0,0.0,0.0,0.0
286,184.0,161.0,61.0,100.0,50.0,1.0,0.0,0.0,0.0,0.0,0.0,0.0
287,184.0,161.0,61.0,100.0,50.0,1.0,0.0,0.0,0.0,0.0,0.0,0.0
288,184.0,161.0,61.0,100.0,50.0,1.0,0.0,0.0,0.0,0.0,0.0,0.0
289,184.0,161.0,61.0,100.0,50.0,1.0,0.0,0.0,0.0,0.0,0.0,0.0
290,181.0,158.0,60.0,98.0,48.0,0.0,0.0,0.0,0.0,0.0,0.0,0.0
291,181.0,158.0,60.0,98.0,48.0,0.0,0.0,0.0,0.0,0.0,0.0,0.0
292,181.0,158.0,60.0,98.0,48.0,0.0,0.0,0.0,0.0,0.0,0.0,0.0
293,177.0,153.0,55.0,92.0,52.0,1.0,0.0,0.0,0.0,0.0,0.0,0.0
294,177.0,153.0,55.0,92.0,52.0,1.0,0.0,0.0,0.0,0.0,0.0,0.0
295,177.0,153.0,55.0,92.0,52.0,1.0,0.0,0.0,0.0,0.0,0.0,0.0
296,177.0,153.0,55.0,92.0,52.0,1.0,0.0,0.0,0.0,0.0,0.0,0.0
297,173.0,149.0,53.0,88.0,47.0,0.0,0.0,0.0,0.0,0.0,0.0,0.0
298,173.0,149.0,53.0,88.0,47.0,0.0,0.0,0.0,0.0,0.0,0.0,0.0
299,173.0,149.0,53.0,88.0,47.0,0.0,0.0,0.0,0.0,0.0,0.0,0.0
300,173.0,149.0,53.0,88.0,47.0,0.0,0.0,0.0,0.0,0.0,0.0,0.0
301,170.0,145.0,49.0,83.0,47.0,0.0,0.0,0.0,0.0,0.0,0.0,0.0
302,170.0,145.0,49.0,83.0,47.0,0.0,0.0,0.0,0.0,0.0,0.0,0.0
303,170.0,145.0,49.0,83.0,47.0,0.0,0.0,0.0,0.0,0.0,0.0,0.0
304,167.0,145.0,50.0,81.0,44.0,0.0,0.0,0.0,0.0,0.0,0.0,0.0
305,167.0,145.0,50.0,81.0,44.0,0.0,0.0,0.0,0.0,0.0,0.0,0.0
306,167.0,145.0,50.0,81.0,44.0,0.0,0.0,0.0,0.0,0.0,0.0,0.0
307,167.0,145.0,50.0,81.0,44.0,0.0,0.0,0.0,0.0,0.0,0.0,0.0
308,163.0,141.0,47.0,76.0,41.0,0.0,0.0,0.0,0.0,0.0,0.0,0.0
309,163.0,141.0,47.0,76.0,41.0,0.0,0.0,0.0,0.0,0.0,0.0,0.0
310,163.0,141.0,47.0,76.0,41.0,0.0,0.0,0.0,0.0,0.0,0.0,0.0
311,163.0,141.0,47.0,76.0,41.0,0.0,0.0,0.0,0.0,0.0,0.0,0.0
312,161.0,140.0,46.0,73.0,42.0,0.0,0.0,0.0,0.0,0.0,0.0,0.0
313,161.0,140.0,46.0,73.0,42.0,0.0,0.0,0.0,0.0,0.0,0.0,0.0
314,161.0,140.0,46.0,73.0,42.0,0.0,0.0,0.0,0.0,0.0,0.0,0.0
315,161.0,140.0,46.0,73.0,42.0,0.0,0.0,0.0,0.0,0.0,0.0,0.0
316,159.0,137.0,43.0,70.0,42.0,0.0,0.0,0.0,0.0,0.0,0.0,0.0
317,159.0,137.0,43.0,70.0,42.0,0.0,0.0,0.0,0.0,0.0,0.0,0.0
318,159.0,137.0,43.0,70.0,42.0,0.0,0.0,0.0,0.0,0.0,0.0,0.0
319,159.0,137.0,43.0,70.0,42.0,0.0,0.0,0.0,0.0,0.0,0.0,0.0
320,156.0,133.0,41.0,69.0,40.0,0.0,0.0,0.0,0.0,0.0,0.0,0.0
321,156.0,133.0,41.0,69.0,40.0,0.0,0.0,0.0,0.0,0.0,0.0,0.0
322,156.0,133.0,41.0,69.0,40.0,0.0,0.0,0.0,0.0,0.0,0.0,0.0
323,153.0,133.0,41.0,67.0,39.0,0.0,0.0,0.0,0.0,0.0,0.0,0.0
324,153.0,133.0,41.0,67.0,39.0,0.0,0.0,0.0,0.0,0.0,0.0,0.0
325,153.0,133.0,41.0,67.0,39.0,0.0,0.0,0.0,0.0,0.0,0.0,0.0
326,153.0,133.0,41.0,67.0,39.0,0.0,0.0,0.0,0.0,0.0,0.0,0.0
327,153.0,131.0,37.0,64.0,40.0,0.0,0.0,0.0,0.0,0.0,0.0,0.0
328,153.0,131.0,37.0,64.0,40.0,0.0,0.0,0.0,0.0,0.0,0.0,0.0
329,153.0,131.0,37.0,64.0,40.0,0.0,0.0,0.0,0.0,0.0,0.0,0.0
330,153.0,131.0,37.0,64.0,40.0,0.0,0.0,0.0,0.0,0.0,0.0,0.0
331,148.0,127.0,36.0,62.0,39.0,0.0,0.0,0.0,0.0,0.0,0.0,0.0
332,148.0,127.0,36.0,62.0,39.0,0.0,0.0,0.0,0.0,0.0,0.0,0.0
333,148.0,127.0,36.0,62.0,39.0,0.0,0.0,0.0,0.0,0.0,0.0,0.0
334,148.0,128.0,36.0,60.0,38.0,0.0,0.0,0.0,0.0,0.0,0.0,0.0
335,148.0,128.0,36.0,60.0,38.0,0.0,0.0,0.0,0.0,0.0,0.0,0.0
336,148.0,128.0,36.0,60.0,38.0,0.0,0.0,0.0,0.0,0.0,0.0,0.0
337,148.0,128.0,36.0,60.0,38.0,0.0,0.0,0.0,0.0,0.0,0.0,0.0
338,146.0,126.0,35.0,58.0,37.0,0.0,0.0,0.0,0.0,0.0,0.0,0.0
339,146.0,126.0,35.0,58.0,37.0,0.0,0.0,0.0,0.0,0.0,0.0,0.0
340,146.0,126.0,35.0,58.0,37.0,0.0,0.0,0.0,0.0,0.0,0.0,0.0
341,146.0,126.0,35.0,58.0,37.0,0.0,0.0,0.0,0.0,0.0,0.0,0.0
342,144.0,123.0,31.0,55.0,35.0,0.0,0.0,0.0,0.0,0.0,-1.0,0.0
343,144.0,123.0,31.0,55.0,35.0,0.0,0.0,0.0,0.0,0.0,-1.0,0.0
344,144.0,123.0,31.0,55.0,35.0,0.0,0.0,0.0,0.0,0.0,-1.0,0.0
345,142.0,121.0,30.0,54.0,32.0,0.0,0.0,0.0,0.0,0.0,0.0,0.0
346,142.0,121.0,30.0,54.0,32.0,0.0,0.0,0.0,0.0,0.0,0.0,0.0
347,142.0,121.0,30.0,54.0,32.0,0.0,0.0,0.0,0.0,0.0,0.0,0.0
348,142.0,121.0,30.0,54.0,32.0,0.0,0.0,0.0,0.0,0.0,0.0,0.0
349,140.0,121.0,31.0,53.0,32.0,0.0,0.0,0.0,0.0,0.0,0.0,0.0
350,140.0,121.0,31.0,53.0,32.0,0.0,0.0,0.0,0.0,0.0,0.0,0.0
351,140.0,121.0,31.0,53.0,32.0,0.0,0.0,0.0,0.0,0.0,0.0,0.0
352,140.0,121.0,31.0,53.0,32.0,0.0,0.0,0.0,0.0,0.0,0.0,0.0
353,140.0,120.0,30.0,51.0,31.0,0.0,0.0,0.0,0.0,0.0,0.0,0.0
354,140.0,120.0,30.0,51.0,31.0,0.0,0.0,0.0,0.0,0.0,0.0,0.0
355,140.0,120.0,30.0,51.0,31.0,0.0,0.0,0.0,0.0,0.0,0.0,0.0
356,138.0,117.0,27.0,48.0,26.0,0.0,0.0,0.0,0.0,0.0,0.0,0.0
357,138.0,117.0,27.0,48.0,26.0,0.0,0.0,0.0,0.0,0.0,0.0,0.0
358,138.0,117.0,27.0,48.0,26.0,0.0,0.0,0.0,0.0,0.0,0.0,0.0
359,138.0,117.0,27.0,48.0,26.0,0.0,0.0,0.0,0.0,0.0,0.0,0.0
360,136.0,116.0,29.0,46.0,26.0,0.0,0.0,0.0,0.0,0.0,0.0,0.0
361,136.0,116.0,29.0,46.0,26.0,0.0,0.0,0.0,0.0,0.0,0.0,0.0
362,136.0,116.0,29.0,46.0,26.0,0.0,0.0,0.0,0.0,0.0,0.0,0.0
363,136.0,116.0,29.0,46.0,26.0,0.0,0.0,0.0,0.0,0.0,0.0,0.0
364,135.0,116.0,29.0,43.0,18.0,0.0,0.0,0.0,0.0,0.0,0.0,0.0
365,135.0,116.0,29.0,43.0,18.0,0.0,0.0,0.0,0.0,0.0,0.0,0.0
366,135.0,116.0,29.0,43.0,18.0,0.0,0.0,0.0,0.0,0.0,0.0,0.0
367,131.0,112.0,25.0,42.0,14.0,0.0,0.0,0.0,0.0,0.0,0.0,0.0
368,131.0,112.0,25.0,42.0,14.0,0.0,0.0,0.0,0.0,0.0,0.0,0.0
369,131.0,112.0,25.0,42.0,14.0,0.0,0.0,0.0,0.0,0.0,0.0,0.0
370,131.0,112.0,25.0,42.0,14.0,0.0,0.0,0.0,0.0,0.0,0.0,0.0
371,131.0,113.0,27.0,40.0,16.0,0.0,0.0,0.0,0.0,0.0,0.0,0.0
372,131.0,113.0,27.0,40.0,16.0,0.0,0.0,0.0,0.0,0.0,0.0,0.0
373,131.0,113.0,27.0,40.0,16.0,0.0,0.0,0.0,0.0,0.0,0.0,0.0
374,128.0,110.0,26.0,38.0,14.0,0.0,0.0,0.0,0.0,0.0,0.0,0.0
375,128.0,110.0,26.0,38.0,14.0,0.0,0.0,0.0,0.0,0.0,0.0,0.0
376,128.0,110.0,26.0,38.0,14.0,0.0,0.0,0.0,0.0,0.0,0.0,0.0
377,128.0,110.0,26.0,38.0,14.0,0.0,0.0,0.0,0.0,0.0,0.0,0.0
378,127.0,109.0,24.0,33.0,14.0,0.0,0.0,0.0,0.0,0.0,0.0,0.0
379,127.0,109.0,24.0,33.0,14.0,0.0,0.0,0.0,0.0,0.0,0.0,0.0
380,127.0,109.0,24.0,33.0,14.0,0.0,0.0,0.0,0.0,0.0,0.0,0.0
381,127.0,109.0,24.0,33.0,14.0,0.0,0.0,0.0,0.0,0.0,0.0,0.0
382,125.0,106.0,24.0,30.0,11.0,0.0,0.0,0.0,0.0,0.0,0.0,0.0
383,125.0,106.0,24.0,30.0,11.0,0.0,0.0,0.0,0.0,0.0,0.0,0.0
384,125.0,106.0,24.0,30.0,11.0,0.0,0.0,0.0,0.0,0.0,0.0,0.0
385,125.0,106.0,24.0,30.0,11.0,0.0,0.0,0.0,0.0,0.0,0.0,0.0
386,124.0,107.0,24.0,21.0,12.0,0.0,0.0,0.0,0.0,0.0,0.0,0.0
387,124.0,107.0,24.0,21.0,12.0,0.0,0.0,0.0,0.0,0.0,0.0,0.0
388,124.0,107.0,24.0,21.0,12.0,0.0,0.0,0.0,0.0,0.0,0.0,0.0
389,122.0,104.0,22.0,19.0,10.0,0.0,0.0,0.0,0.0,0.0,0.0,0.0
390,122.0,104.0,22.0,19.0,10.0,0.0,0.0,0.0,0.0,0.0,0.0,0.0
391,122.0,104.0,22.0,19.0,10.0,0.0,0.0,0.0,0.0,0.0,0.0,0.0
392,122.0,104.0,22.0,19.0,10.0,0.0,0.0,0.0,0.0,0.0,0.0,0.0
393,120.0,102.0,21.0,19.0,11.0,0.0,0.0,0.0,0.0,0.0,0.0,0.0
394,120.0,102.0,21.0,19.0,11.0,0.0,0.0,0.0,0.0,0.0,0.0,0.0
395,120.0,102.0,21.0,19.0,11.0,0.0,0.0,0.0,0.0,0.0,0.0,0.0
396,118.0,99.0,20.0,16.0,7.0,0.0,0.0,0.0,0.0,0.0,0.0,0.0
397,118.0,99.0,20.0,16.0,7.0,0.0,0.0,0.0,0.0,0.0,0.0,0.0
398,118.0,99.0,20.0,16.0,7.0,0.0,0.0,0.0,0.0,0.0,0.0,0.0
399,118.0,99.0,20.0,16.0,7.0,0.0,0.0,0.0,0.0,0.0,0.0,0.0
400,118.0,99.0,22.0,15.0,3.0,0.0,0.0,0.0,0.0,0.0,0.0,0.0
401,118.0,99.0,22.0,15.0,3.0,0.0,0.0,0.0,0.0,0.0,0.0,0.0
402,118.0,99.0,22.0,15.0,3.0,0.0,0.0,0.0,0.0,0.0,0.0,0.0
403,118.0,99.0,22.0,15.0,3.0,0.0,0.0,0.0,0.0,0.0,0.0,0.0
404,118.0,99.0,21.0,13.0,0.0,0.0,0.0,0.0,0.0,0.0,0.0,0.0
405,118.0,99.0,21.0,13.0,0.0,0.0,0.0,0.0,0.0,0.0,0.0,0.0
406,118.0,99.0,21.0,13.0,0.0,0.0,0.0,0.0,0.0,0.0,0.0,0.0
407,116.0,98.0,21.0,11.0,0.0,0.0,0.0,0.0,-1.0,0.0,0.0,0.0
408,116.0,98.0,21.0,11.0,0.0,0.0,0.0,0.0,-1.0,0.0,0.0,0.0
409,116.0,98.0,21.0,11.0,0.0,0.0,0.0,0.0,-1.0,0.0,0.0,0.0
410,116.0,98.0,21.0,11.0,0.0,0.0,0.0,0.0,-1.0,0.0,0.0,0.0
411,116.0,98.0,21.0,10.0,0.0,0.0,0.0,0.0,-1.0,0.0,0.0,0.0
412,116.0,98.0,21.0,10.0,0.0,0.0,0.0,0.0,-1.0,0.0,0.0,0.0
413,116.0,98.0,21.0,10.0,0.0,0.0,0.0,0.0,-1.0,0.0,0.0,0.0
414,116.0,98.0,21.0,10.0,0.0,0.0,0.0,0.0,-1.0,0.0,0.0,0.0
415,114.0,94.0,19.0,9.0,0.0,0.0,0.0,0.0,0.0,0.0,0.0,0.0
416,114.0,94.0,19.0,9.0,0.0,0.0,0.0,0.0,0.0,0.0,0.0,0.0
417,114.0,94.0,19.0,9.0,0.0,0.0,0.0,0.0,0.0,0.0,0.0,0.0
418,112.0,92.0,18.0,9.0,1.0,0.0,0.0,0.0,0.0,0.0,0.0,0.0
419,112.0,92.0,18.0,9.0,1.0,0.0,0.0,0.0,0.0,0.0,0.0,0.0
420,112.0,92.0,18.0,9.0,1.0,0.0,0.0,0.0,0.0,0.0,0.0,0.0
421,112.0,92.0,18.0,9.0,1.0,0.0,0.0,0.0,0.0,0.0,0.0,0.0
422,112.0,93.0,18.0,6.0,0.0,0.0,0.0,0.0,0.0,0.0,0.0,0.0
423,112.0,93.0,18.0,6.0,0.0,0.0,0.0,0.0,0.0,0.0,0.0,0.0
424,112.0,93.0,18.0,6.0,0.0,0.0,0.0,0.0,0.0,0.0,0.0,0.0
425,112.0,93.0,18.0,6.0,0.0,0.0,0.0,0.0,0.0,0.0,0.0,0.0
426,109.0,90.0,17.0,5.0,0.0,0.0,0.0,0.0,0.0,0.0,0.0,0.0
427,109.0,90.0,17.0,5.0,0.0,0.0,0.0,0.0,0.0,0.0,0.0,0.0
428,109.0,90.0,17.0,5.0,0.0,0.0,0.0,0.0,0.0,0.0,0.0,0.0
429,108.0,88.0,16.0,6.0,0.0,0.0,0.0,0.0,0.0,0.0,0.0,0.0
430,108.0,88.0,16.0,6.0,0.0,0.0,0.0,0.0,0.0,0.0,0.0,0.0
431,108.0,88.0,16.0,6.0,0.0,0.0,0.0,0.0,0.0,0.0,0.0,0.0
432,108.0,88.0,16.0,6.0,0.0,0.0,0.0,0.0,0.0,0.0,0.0,0.0
433,107.0,86.0,15.0,5.0,0.0,0.0,0.0,0.0,0.0,0.0,0.0,0.0
434,107.0,86.0,15.0,5.0,0.0,0.0,0.0,0.0,0.0,0.0,0.0,0.0
435,107.0,86.0,15.0,5.0,0.0,0.0,0.0,0.0,0.0,0.0,0.0,0.0
436,107.0,86.0,15.0,5.0,0.0,0.0,0.0,0.0,0.0,0.0,0.0,0.0
437,107.0,87.0,17.0,7.0,0.0,0.0,0.0,0.0,0.0,0.0,0.0,0.0
438,107.0,87.0,17.0,7.0,0.0,0.0,0.0,0.0,0.0,0.0,0.0,0.0
439,107.0,87.0,17.0,7.0,0.0,0.0,0.0,0.0,0.0,0.0,0.0,0.0
440,105.0,84.0,16.0,7.0,0.0,0.0,0.0,0.0,0.0,0.0,0.0,0.0
441,105.0,84.0,16.0,7.0,0.0,0.0,0.0,0.0,0.0,0.0,0.0,0.0
442,105.0,84.0,16.0,7.0,0.0,0.0,0.0,0.0,0.0,0.0,0.0,0.0
443,105.0,84.0,16.0,7.0,0.0,0.0,0.0,0.0,0.0,0.0,0.0,0.0
444,105.0,84.0,15.0,5.0,0.0,0.0,0.0,0.0,0.0,0.0,0.0,0.0
445,105.0,84.0,15.0,5.0,0.0,0.0,0.0,0.0,0.0,0.0,0.0,0.0
446,105.0,84.0,15.0,5.0,0.0,0.0,0.0,0.0,0.0,0.0,0.0,0.0
447,105.0,84.0,15.0,5.0,0.0,0.0,0.0,0.0,0.0,0.0,0.0,0.0
448,103.0,80.0,11.0,4.0,0.0,0.0,0.0,0.0,0.0,0.0,0.0,0.0
449,103.0,80.0,11.0,4.0,0.0,0.0,0.0,0.0,0.0,0.0,0.0,0.0
450,103.0,80.0,11.0,4.0,0.0,0.0,0.0,0.0,0.0,0.0,0.0,0.0
451,103.0,80.0,11.0,4.0,0.0,0.0,0.0,0.0,0.0,0.0,0.0,0.0
452,100.0,79.0,12.0,5.0,0.0,0.0,0.0,0.0,0.0,0.0,0.0,0.0
453,100.0,79.0,12.0,5.0,0.0,0.0,0.0,0.0,0.0,0.0,0.0,0.0
454,100.0,79.0,12.0,5.0,0.0,0.0,0.0,0.0,0.0,0.0,0.0,0.0
455,100.0,78.0,12.0,4.0,0.0,0.0,0.0,0.0,0.0,0.0,-1.0,0.0
456,100.0,78.0,12.0,4.0,0.0,0.0,0.0,0.0,0.0,0.0,-1.0,0.0
457,100.0,78.0,12.0,4.0,0.0,0.0,0.0,0.0,0.0,0.0,-1.0,0.0
458,100.0,78.0,12.0,4.0,0.0,0.0,0.0,0.0,0.0,0.0,-1.0,0.0
459,98.0,76.0,12.0,4.0,0.0,0.0,0.0,0.0,-1.0,0.0,-1.0,0.0
460,98.0,76.0,12.0,4.0,0.0,0.0,0.0,0.0,-1.0,0.0,-1.0,0.0
461,98.0,76.0,12.0,4.0,0.0,0.0,0.0,0.0,-1.0,0.0,-1.0,0.0
462,98.0,76.0,12.0,4.0,0.0,0.0,0.0,0.0,-1.0,0.0,-1.0,0.0
463,96.0,72.0,8.0,2.0,0.0,0.0,0.0,0.0,0.0,0.0,0.0,0.0
464,96.0,72.0,8.0,2.0,0.0,0.0,0.0,0.0,0.0,0.0,0.0,0.0
465,96.0,72.0,8.0,2.0,0.0,0.0,0.0,0.0,0.0,0.0,0.0,0.0
466,93.0,70.0,10.0,3.0,0.0,0.0,0.0,0.0,0.0,0.0,0.0,0.0
467,93.0,70.0,10.0,3.0,0.0,0.0,0.0,0.0,0.0,0.0,0.0,0.0
468,93.0,70.0,10.0,3.0,0.0,0.0,0.0,0.0,0.0,0.0,0.0,0.0
469,93.0,70.0,10.0,3.0,0.0,0.0,0.0,0.0,0.0,0.0,0.0,0.0
470,91.0,68.0,9.0,2.0,0.0,0.0,0.0,0.0,0.0,0.0,0.0,0.0
471,91.0,68.0,9.0,2.0,0.0,0.0,0.0,0.0,0.0,0.0,0.0,0.0
472,91.0,68.0,9.0,2.0,0.0,0.0,0.0,0.0,0.0,0.0,0.0,0.0
473,87.0,62.0,6.0,1.0,0.0,0.0,0.0,0.0,0.0,0.0,0.0,0.0
474,87.0,62.0,6.0,1.0,0.0,0.0,0.0,0.0,0.0,0.0,0.0,0.0
475,87.0,62.0,6.0,1.0,0.0,0.0,0.0,0.0,0.0,0.0,0.0,0.0
476,87.0,62.0,6.0,1.0,0.0,0.0,0.0,0.0,0.0,0.0,0.0,0.0
477,86.0,62.0,8.0,2.0,0.0,0.0,0.0,0.0,0.0,0.0,0.0,0.0
478,86.0,62.0,8.0,2.0,0.0,0.0,0.0,0.0,0.0,0.0,0.0,0.0
479,86.0,62.0,8.0,2.0,0.0,0.0,0.0,0.0,0.0,0.0,0.0,0.0
480,86.0,62.0,8.0,2.0,0.0,0.0,0.0,0.0,0.0,0.0,0.0,0.0
481,82.0,58.0,6.0,1.0,0.0,0.0,0.0,0.0,0.0,0.0,0.0,0.0
482,82.0,58.0,6.0,1.0,0.0,0.0,0.0,0.0,0.0,0.0,0.0,0.0
483,82.0,58.0,6.0,1.0,0.0,0.0,0.0,0.0,0.0,0.0,0.0,0.0
484,79.0,53.0,2.0,0.0,0.0,0.0,0.0,0.0,0.0,0.0,0.0,0.0
485,79.0,53.0,2.0,0.0,0.0,0.0,0.0,0.0,0.0,0.0,0.0,0.0
486,79.0,53.0,2.0,0.0,0.0,0.0,0.0,0.0,0.0,0.0,0.0,0.0
487,79.0,53.0,2.0,0.0,0.0,0.0,0.0,0.0,0.0,0.0,0.0,0.0
488,75.0,51.0,3.0,1.0,0.0,0.0,0.0,0.0,0.0,0.0,0.0,0.0
489,75.0,51.0,3.0,1.0,0.0,0.0,0.0,0.0,0.0,0.0,0.0,0.0
490,75.0,51.0,3.0,1.0,0.0,0.0,0.0,0.0,0.0,0.0,0.0,0.0
491,75.0,51.0,3.0,1.0,0.0,0.0,0.0,0.0,0.0,0.0,0.0,0.0
492,74.0,48.0,1.0,0.0,0.0,0.0,0.0,0.0,0.0,0.0,0.0,0.0
493,74.0,48.0,1.0,0.0,0.0,0.0,0.0,0.0,0.0,0.0,0.0,0.0
494,74.0,48.0,1.0,0.0,0.0,0.0,0.0,0.0,0.0,0.0,0.0,0.0
495,71.0,47.0,2.0,1.0,0.0,0.0,0.0,0.0,0.0,0.0,0.0,0.0
496,71.0,47.0,2.0,1.0,0.0,0.0,0.0,0.0,0.0,0.0,0.0,0.0
497,71.0,47.0,2.0,1.0,0.0,0.0,0.0,0.0,0.0,0.0,0.0,0.0
498,71.0,47.0,2.0,1.0,0.0,0.0,0.0,0.0,0.0,0.0,0.0,0.0
499,69.0,44.0,0.0,0.0,0.0,0.0,0.0,0.0,0.0,0.0,0.0,0.0
500,69.0,44.0,0.0,0.0,0.0,0.0,0.0,0.0,0.0,0.0,0.0,0.0
501,69.0,44.0,0.0,0.0,0.0,0.0,0.0,0.0,0.0,0.0,0.0,0.0
502,69.0,44.0,0.0,0.0,0.0,0.0,0.0,0.0,0.0,0.0,0.0,0.0
503,64.0,38.0,0.0,0.0,0.0,0.0,0.0,0.0,0.0,0.0,0.0,0.0
504,64.0,38.0,0.0,0.0,0.0,0.0,0.0,0.0,0.0,0.0,0.0,0.0
505,64.0,38.0,0.0,0.0,0.0,0.0,0.0,0.0,0.0,0.0,0.0,0.0
506,62.0,37.0,0.0,0.0,0.0,0.0,0.0,0.0,0.0,0.0,0.0,0.0
507,62.0,37.0,0.0,0.0,0.0,0.0,0.0,0.0,0.0,0.0,0.0,0.0
508,62.0,37.0,0.0,0.0,0.0,0.0,0.0,0.0,0.0,0.0,0.0,0.0
509,62.0,37.0,0.0,0.0,0.0,0.0,0.0,0.0,0.0,0.0,0.0,0.0
510,60.0,35.0,0.0,0.0,0.0,0.0,0.0,0.0,0.0,0.0,0.0,0.0
511,60.0,35.0,0.0,0.0,0.0,0.0,0.0,0.0,0.0,0.0,0.0,0.0
512,60.0,35.0,0.0,0.0,0.0,0.0,0.0,0.0,0.0,0.0,0.0,0.0
513,60.0,35.0,0.0,0.0,0.0,0.0,0.0,0.0,0.0,0.0,0.0,0.0
514,56.0,29.0,0.0,0.0,0.0,0.0,0.0,0.0,0.0,0.0,0.0,0.0
515,56.0,29.0,0.0,0.0,0.0,0.0,0.0,0.0,0.0,0.0,0.0,0.0
516,56.0,29.0,0.0,0.0,0.0,0.0,0.0,0.0,0.0,0.0,0.0,0.0
517,56.0,29.0,0.0,0.0,0.0,0.0,0.0,0.0,0.0,0.0,0.0,0.0
518,55.0,27.0,0.0,0.0,0.0,0.0,0.0,0.0,0.0,0.0,0.0,0.0
519,55.0,27.0,0.0,0.0,0.0,0.0,0.0,0.0,0.0,0.0,0.0,0.0
520,55.0,27.0,0.0,0.0,0.0,0.0,0.0,0.0,0.0,0.0,0.0,0.0
521,50.0,22.0,0.0,0.0,0.0,0.0,0.0,0.0,0.0,0.0,0.0,0.0
522,50.0,22.0,0.0,0.0,0.0,0.0,0.0,0.0,0.0,0.0,0.0,0.0
523,50.0,22.0,0.0,0.0,0.0,0.0,0.0,0.0,0.0,0.0,0.0,0.0
524,50.0,22.0,0.0,0.0,0.0,0.0,0.0,0.0,0.0,0.0,0.0,0.0
525,46.0,18.0,0.0,0.0,0.0,0.0,0.0,0.0,0.0,0.0,0.0,0.0
526,46.0,18.0,0.0,0.0,0.0,0.0,0.0,0.0,0.0,0.0,0.0,0.0
527,46.0,18.0,0.0,0.0,0.0,0.0,0.0,0.0,0.0,0.0,0.0,0.0
528,46.0,18.0,0.0,0.0,0.0,0.0,0.0,0.0,0.0,0.0,0.0,0.0
529,43.0,15.0,0.0,0.0,0.0,0.0,0.0,0.0,0.0,0.0,0.0,0.0
530,43.0,15.0,0.0,0.0,0.0,0.0,0.0,0.0,0.0,0.0,0.0,0.0
531,43.0,15.0,0.0,0.0,0.0,0.0,0.0,0.0,0.0,0.0,0.0,0.0
532,43.0,15.0,0.0,0.0,0.0,0.0,0.0,0.0,0.0,0.0,0.0,0.0
533,40.0,13.0,0.0,0.0,0.0,0.0,0.0,0.0,0.0,0.0,0.0,0.0
534,40.0,13.0,0.0,0.0,0.0,0.0,0.0,0.0,0.0,0.0,0.0,0.0
535,40.0,13.0,0.0,0.0,0.0,0.0,0.0,0.0,0.0,0.0,0.0,0.0
536,36.0,10.0,0.0,0.0,0.0,0.0,0.0,0.0,0.0,0.0,0.0,0.0
537,36.0,10.0,0.0,0.0,0.0,0.0,0.0,0.0,0.0,0.0,0.0,0.0
538,36.0,10.0,0.0,0.0,0.0,0.0,0.0,0.0,0.0,0.0,0.0,0.0
539,36.0,10.0,0.0,0.0,0.0,0.0,0.0,0.0,0.0,0.0,0.0,0.0
540,29.0,8.0,0.0,0.0,0.0,0.0,0.0,0.0,0.0,0.0,0.0,0.0
541,29.0,8.0,0.0,0.0,0.0,0.0,0.0,0.0,0.0,0.0,0.0,0.0
542,29.0,8.0,0.0,0.0,0.0,0.0,0.0,0.0,0.0,0.0,0.0,0.0
543,28.0,5.0,0.0,0.0,0.0,0.0,0.0,0.0,0.0,0.0,0.0,0.0
544,28.0,5.0,0.0,0.0,0.0,0.0,0.0,0.0,0.0,0.0,0.0,0.0
545,28.0,5.0,0.0,0.0,0.0,0.0,0.0,0.0,0.0,0.0,0.0,0.0
546,28.0,5.0,0.0,0.0,0.0,0.0,0.0,0.0,0.0,0.0,0.0,0.0
547,23.0,4.0,0.0,0.0,0.0,0.0,0.0,0.0,0.0,0.0,0.0,0.0
548,23.0,4.0,0.0,0.0,0.0,0.0,0.0,0.0,0.0,0.0,0.0,0.0
549,23.0,4.0,0.0,0.0,0.0,0.0,0.0,0.0,0.0,0.0,0.0,0.0
550,23.0,4.0,0.0,0.0,0.0,0.0,0.0,0.0,0.0,0.0,0.0,0.0
551,18.0,3.0,0.0,0.0,0.0,0.0,0.0,0.0,0.0,0.0,0.0,0.0
552,18.0,3.0,0.0,0.0,0.0,0.0,0.0,0.0,0.0,0.0,0.0,0.0
553,18.0,3.0,0.0,0.0,0.0,0.0,0.0,0.0,0.0,0.0,0.0,0.0
554,13.0,0.0,0.0,0.0,0.0,0.0,0.0,0.0,0.0,0.0,0.0,0.0
555,13.0,0.0,0.0,0.0,0.0,0.0,0.0,0.0,0.0,0.0,0.0,0.0
556,13.0,0.0,0.0,0.0,0.0,0.0,0.0,0.0,0.0,0.0,0.0,0.0
557,13.0,0.0,0.0,0.0,0.0,0.0,0.0,0.0,0.0,0.0,0.0,0.0
558,8.0,1.0,0.0,0.0,0.0,0.0,0.0,0.0,0.0,0.0,0.0,0.0
559,8.0,1.0,0.0,0.0,0.0,0.0,0.0,0.0,0.0,0.0,0.0,0.0
560,8.0,1.0,0.0,0.0,0.0,0.0,0.0,0.0,0.0,0.0,0.0,0.0
561,7.0,0.0,0.0,0.0,0.0,0.0,0.0,0.0,0.0,0.0,0.0,0.0
562,7.0,0.0,0.0,0.0,0.0,0.0,0.0,0.0,0.0,0.0,0.0,0.0
563,7.0,0.0,0.0,0.0,0.0,0.0,0.0,0.0,0.0,0.0,0.0,0.0
564,7.0,0.0,0.0,0.0,0.0,0.0,0.0,0.0,0.0,0.0,0.0,0.0
565,3.0,0.0,0.0,0.0,0.0,0.0,0.0,0.0,0.0,0.0,0.0,0.0
566,3.0,0.0,0.0,0.0,0.0,0.0,0.0,0.0,0.0,0.0,0.0,0.0
567,3.0,0.0,0.0,0.0,0.0,0.0,0.0,0.0,0.0,0.0,0.0,0.0
568,3.0,0.0,0.0,0.0,0.0,0.0,0.0,0.0,0.0,0.0,0.0,0.0
569,3.0,0.0,0.0,0.0,0.0,0.0,0.0,0.0,0.0,0.0,0.0,0.0
570,3.0,0.0,0.0,0.0,0.0,0.0,0.0,0.0,0.0,0.0,0.0,0.0
571,3.0,0.0,0.0,0.0,0.0,0.0,0.0,0.0,0.0,0.0,0.0,0.0
572,2.0,0.0,0.0,0.0,0.0,0.0,0.0,0.0,0.0,0.0,0.0,0.0
573,2.0,0.0,0.0,0.0,0.0,0.0,0.0,0.0,0.0,0.0,0.0,0.0
574,2.0,0.0,0.0,0.0,0.0,0.0,0.0,0.0,0.0,0.0,0.0,0.0
575,2.0,0.0,0.0,0.0,0.0,0.0,0.0,0.0,0.0,0.0,0.0,0.0
576,0.0,0.0,0.0,0.0,0.0,0.0,0.0,0.0,-1.0,0.0,0.0,0.0
577,0.0,0.0,0.0,0.0,0.0,0.0,0.0,0.0,-1.0,0.0,0.0,0.0
578,0.0,0.0,0.0,0.0,0.0,0.0,0.0,0.0,-1.0,0.0,0.0,0.0
579,0.0,0.0,0.0,0.0,0.0,0.0,0.0,0.0,-1.0,0.0,0.0,0.0
580,0.0,0.0,0.0,0.0,0.0,0.0,0.0,0.0,0.0,0.0,0.0,0.0
581,0.0,0.0,0.0,0.0,0.0,0.0,0.0,0.0,0.0,0.0,0.0,0.0
582,0.0,0.0,0.0,0.0,0.0,0.0,0.0,0.0,0.0,0.0,0.0,0.0
583,0.0,0.0,0.0,0.0,0.0,0.0,0.0,0.0,0.0,0.0,0.0,0.0
584,0.0,0.0,0.0,0.0,0.0,0.0,0.0,0.0,0.0,0.0,0.0,0.0
585,0.0,0.0,0.0,0.0,0.0,0.0,0.0,0.0,0.0,0.0,0.0,0.0
586,0.0,0.0,0.0,0.0,0.0,0.0,0.0,0.0,0.0,0.0,0.0,0.0
587,0.0,0.0,0.0,0.0,0.0,0.0,0.0,0.0,0.0,0.0,0.0,0.0
588,0.0,0.0,0.0,0.0,0.0,0.0,0.0,0.0,0.0,0.0,0.0,0.0
589,0.0,0.0,0.0,0.0,0.0,0.0,0.0,0.0,0.0,0.0,0.0,0.0
590,0.0,0.0,0.0,0.0,0.0,0.0,0.0,0.0,0.0,0.0,0.0,0.0
591,0.0,0.0,0.0,0.0,0.0,0.0,0.0,0.0,0.0,0.0,0.0,0.0
592,0.0,0.0,0.0,0.0,0.0,0.0,0.0,0.0,0.0,0.0,0.0,0.0
593,0.0,0.0,0.0,0.0,0.0,0.0,0.0,0.0,0.0,0.0,0.0,0.0
594,0.0,0.0,0.0,0.0,0.0,0.0,0.0,0.0,0.0,0.0,0.0,0.0
595,0.0,0.0,0.0,0.0,0.0,0.0,0.0,0.0,0.0,0.0,0.0,0.0
596,0.0,0.0,0.0,0.0,0.0,0.0,0.0,0.0,0.0,0.0,0.0,0.0
597,0.0,0.0,0.0,0.0,0.0,0.0,0.0,0.0,0.0,0.0,0.0,0.0
598,0.0,0.0,0.0,0.0,0.0,0.0,0.0,0.0,0.0,0.0,0.0,0.0
599,0.0,0.0,0.0,0.0,0.0,0.0,0.0,0.0,0.0,0.0,0.0,0.0
600,0.0,0.0,0.0,0.0,0.0,0.0,0.0,0.0,0.0,0.0,0.0,0.0
601,0.0,0.0,0.0,0.0,0.0,0.0,0.0,0.0,0.0,0.0,0.0,0.0
602,0.0,0.0,0.0,1.0,0.0,0.0,0.0,0.0,0.0,0.0,0.0,0.0
603,0.0,0.0,0.0,1.0,0.0,0.0,0.0,0.0,0.0,0.0,0.0,0.0
604,0.0,0.0,0.0,1.0,0.0,0.0,0.0,0.0,0.0,0.0,0.0,0.0
605,0.0,0.0,0.0,0.0,0.0,0.0,0.0,0.0,0.0,0.0,0.0,0.0
606,0.0,0.0,0.0,0.0,0.0,0.0,0.0,0.0,0.0,0.0,0.0,0.0
607,0.0,0.0,0.0,0.0,0.0,0.0,0.0,0.0,0.0,0.0,0.0,0.0
608,0.0,0.0,0.0,0.0,0.0,0.0,0.0,0.0,0.0,0.0,0.0,0.0
609,0.0,0.0,0.0,0.0,0.0,0.0,0.0,0.0,-1.0,0.0,0.0,0.0
610,0.0,0.0,0.0,0.0,0.0,0.0,0.0,0.0,-1.0,0.0,0.0,0.0
611,0.0,0.0,0.0,0.0,0.0,0.0,0.0,0.0,-1.0,0.0,0.0,0.0
612,0.0,0.0,0.0,0.0,0.0,0.0,0.0,0.0,-1.0,0.0,0.0,0.0
613,0.0,0.0,0.0,0.0,0.0,0.0,0.0,0.0,0.0,0.0,0.0,0.0
614,0.0,0.0,0.0,0.0,0.0,0.0,0.0,0.0,0.0,0.0,0.0,0.0
615,0.0,0.0,0.0,0.0,0.0,0.0,0.0,0.0,0.0,0.0,0.0,0.0
616,0.0,0.0,0.0,0.0,0.0,0.0,0.0,0.0,0.0,0.0,0.0,0.0
617,0.0,0.0,0.0,0.0,0.0,0.0,0.0,0.0,0.0,0.0,0.0,0.0
618,0.0,0.0,0.0,0.0,0.0,0.0,0.0,0.0,0.0,0.0,0.0,0.0
619,0.0,0.0,0.0,0.0,0.0,0.0,0.0,0.0,0.0,0.0,0.0,0.0
620,0.0,0.0,0.0,0.0,0.0,0.0,0.0,0.0,0.0,0.0,-1.0,0.0
621,0.0,0.0,0.0,0.0,0.0,0.0,0.0,0.0,0.0,0.0,-1.0,0.0
622,0.0,0.0,0.0,0.0,0.0,0.0,0.0,0.0,0.0,0.0,-1.0,0.0
623,0.0,0.0,0.0,0.0,0.0,0.0,0.0,0.0,0.0,0.0,0.0,0.0
624,0.0,0.0,0.0,0.0,0.0,0.0,0.0,0.0,0.0,0.0,0.0,0.0
625,0.0,0.0,0.0,0.0,0.0,0.0,0.0,0.0,0.0,0.0,0.0,0.0
626,0.0,0.0,0.0,0.0,0.0,0.0,0.0,0.0,0.0,0.0,0.0,0.0
627,0.0,0.0,0.0,0.0,0.0,0.0,0.0,0.0,0.0,0.0,0.0,0.0
628,0.0,0.0,0.0,0.0,0.0,0.0,0.0,0.0,0.0,0.0,0.0,0.0
629,0.0,0.0,0.0,0.0,0.0,0.0,0.0,0.0,0.0,0.0,0.0,0.0
630,0.0,0.0,0.0,0.0,0.0,0.0,0.0,0.0,0.0,0.0,0.0,0.0
631,0.0,0.0,0.0,0.0,0.0,0.0,0.0,0.0,0.0,0.0,0.0,0.0
632,0.0,0.0,0.0,0.0,0.0,0.0,0.0,0.0,0.0,0.0,0.0,0.0
633,0.0,0.0,0.0,0.0,0.0,0.0,0.0,0.0,0.0,0.0,0.0,0.0
634,0.0,0.0,0.0,0.0,0.0,0.0,0.0,0.0,0.0,0.0,0.0,0.0
635,0.0,0.0,0.0,0.0,0.0,0.0,0.0,0.0,0.0,0.0,0.0,0.0
636,0.0,0.0,0.0,0.0,0.0,0.0,0.0,0.0,0.0,0.0,0.0,0.0
637,0.0,0.0,0.0,0.0,0.0,0.0,0.0,0.0,0.0,0.0,0.0,0.0
638,0.0,0.0,0.0,0.0,0.0,0.0,0.0,0.0,0.0,0.0,0.0,0.0
639,0.0,0.0,0.0,0.0,0.0,0.0,0.0,0.0,0.0,0.0,0.0,0.0
640,0.0,0.0,0.0,0.0,0.0,0.0,0.0,0.0,0.0,0.0,0.0,0.0
641,0.0,0.0,0.0,0.0,0.0,0.0,0.0,0.0,0.0,0.0,0.0,0.0
642,0.0,0.0,0.0,0.0,0.0,0.0,0.0,0.0,0.0,0.0,0.0,0.0
643,0.0,0.0,0.0,0.0,0.0,0.0,0.0,0.0,0.0,0.0,0.0,0.0
644,0.0,0.0,0.0,0.0,0.0,0.0,0.0,0.0,0.0,0.0,0.0,0.0
645,0.0,0.0,0.0,0.0,0.0,0.0,0.0,0.0,0.0,0.0,0.0,0.0
646,0.0,0.0,0.0,0.0,0.0,0.0,0.0,0.0,0.0,0.0,0.0,0.0
647,0.0,0.0,0.0,0.0,0.0,0.0,0.0,0.0,0.0,0.0,0.0,0.0
648,0.0,0.0,0.0,0.0,0.0,0.0,0.0,0.0,0.0,0.0,0.0,0.0
649,0.0,0.0,0.0,0.0,0.0,0.0,0.0,0.0,0.0,0.0,0.0,0.0
650,0.0,0.0,0.0,0.0,0.0,0.0,0.0,0.0,0.0,0.0,0.0,0.0
651,0.0,0.0,0.0,0.0,0.0,0.0,0.0,0.0,0.0,0.0,0.0,0.0
652,0.0,0.0,0.0,0.0,0.0,0.0,0.0,0.0,0.0,0.0,0.0,0.0
653,0.0,0.0,0.0,0.0,0.0,0.0,0.0,0.0,0.0,0.0,0.0,0.0
654,0.0,0.0,0.0,0.0,0.0,0.0,0.0,0.0,0.0,0.0,0.0,0.0
655,0.0,0.0,0.0,0.0,0.0,0.0,0.0,0.0,0.0,0.0,0.0,0.0
656,0.0,0.0,0.0,0.0,0.0,0.0,0.0,0.0,0.0,0.0,0.0,0.0
657,0.0,0.0,0.0,0.0,0.0,0.0,0.0,0.0,0.0,0.0,0.0,0.0
658,0.0,0.0,0.0,0.0,0.0,0.0,0.0,0.0,0.0,0.0,0.0,0.0
659,0.0,0.0,0.0,0.0,0.0,0.0,0.0,0.0,0.0,0.0,0.0,0.0
660,0.0,0.0,0.0,0.0,0.0,0.0,0.0,0.0,0.0,0.0,0.0,0.0
661,0.0,0.0,0.0,0.0,0.0,0.0,0.0,0.0,0.0,0.0,0.0,0.0
662,0.0,0.0,0.0,0.0,0.0,0.0,0.0,0.0,0.0,0.0,0.0,0.0
663,0.0,0.0,0.0,0.0,0.0,0.0,0.0,0.0,0.0,0.0,0.0,0.0
664,0.0,0.0,0.0,0.0,0.0,0.0,0.0,0.0,0.0,0.0,0.0,0.0
665,0.0,0.0,0.0,0.0,0.0,0.0,0.0,0.0,0.0,0.0,0.0,0.0
666,0.0,0.0,0.0,0.0,0.0,0.0,0.0,0.0,0.0,0.0,0.0,0.0
667,0.0,0.0,0.0,0.0,0.0,0.0,0.0,0.0,0.0,0.0,0.0,0.0
668,0.0,0.0,0.0,0.0,0.0,0.0,0.0,0.0,0.0,0.0,0.0,0.0
669,0.0,0.0,0.0,0.0,0.0,0.0,0.0,0.0,0.0,0.0,0.0,0.0
670,0.0,0.0,0.0,0.0,0.0,0.0,0.0,0.0,0.0,0.0,0.0,0.0
671,0.0,0.0,0.0,0.0,0.0,0.0,0.0,0.0,0.0,0.0,0.0,0.0
672,0.0,0.0,0.0,0.0,0.0,0.0,0.0,0.0,0.0,0.0,0.0,0.0
673,0.0,0.0,0.0,0.0,0.0,0.0,0.0,0.0,0.0,0.0,0.0,0.0
674,0.0,0.0,0.0,0.0,0.0,0.0,0.0,0.0,0.0,0.0,0.0,0.0
675,0.0,0.0,0.0,0.0,0.0,0.0,0.0,0.0,0.0,0.0,0.0,0.0
676,0.0,0.0,0.0,0.0,0.0,0.0,0.0,0.0,0.0,0.0,0.0,0.0
677,0.0,0.0,0.0,0.0,0.0,0.0,0.0,0.0,0.0,0.0,0.0,0.0
678,0.0,0.0,0.0,0.0,0.0,0.0,0.0,0.0,0.0,0.0,0.0,0.0
679,0.0,0.0,0.0,0.0,0.0,0.0,0.0,0.0,0.0,0.0,0.0,0.0
680,0.0,0.0,0.0,0.0,0.0,0.0,0.0,0.0,0.0,0.0,0.0,0.0
681,0.0,0.0,0.0,0.0,0.0,0.0,0.0,0.0,0.0,0.0,0.0,0.0
682,0.0,0.0,0.0,0.0,0.0,0.0,0.0,0.0,0.0,0.0,0.0,0.0
683,0.0,0.0,0.0,0.0,0.0,0.0,0.0,0.0,0.0,0.0,0.0,0.0
684,0.0,0.0,0.0,0.0,0.0,0.0,0.0,0.0,0.0,0.0,0.0,0.0
685,0.0,0.0,0.0,0.0,0.0,0.0,0.0,0.0,0.0,0.0,0.0,0.0
686,0.0,0.0,0.0,0.0,0.0,0.0,0.0,0.0,0.0,0.0,0.0,0.0
687,0.0,0.0,0.0,0.0,0.0,0.0,0.0,0.0,0.0,0.0,0.0,0.0
688,0.0,0.0,0.0,0.0,0.0,0.0,0.0,0.0,0.0,0.0,0.0,0.0
689,0.0,0.0,0.0,0.0,0.0,0.0,0.0,0.0,0.0,0.0,0.0,0.0
690,0.0,0.0,0.0,0.0,0.0,0.0,0.0,0.0,0.0,0.0,0.0,0.0
691,0.0,0.0,0.0,0.0,0.0,0.0,0.0,0.0,0.0,0.0,0.0,0.0
692,0.0,0.0,0.0,0.0,0.0,0.0,0.0,0.0,0.0,0.0,0.0,0.0
693,0.0,0.0,0.0,0.0,0.0,0.0,0.0,0.0,0.0,0.0,-1.0,0.0
694,0.0,0.0,0.0,0.0,0.0,0.0,0.0,0.0,0.0,0.0,-1.0,0.0
695,0.0,0.0,0.0,0.0,0.0,0.0,0.0,0.0,0.0,0.0,-1.0,0.0
696,0.0,0.0,0.0,0.0,0.0,0.0,0.0,0.0,0.0,0.0,0.0,0.0
697,0.0,0.0,0.0,0.0,0.0,0.0,0.0,0.0,0.0,0.0,0.0,0.0
698,0.0,0.0,0.0,0.0,0.0,0.0,0.0,0.0,0.0,0.0,0.0,0.0
699,0.0,0.0,0.0,0.0,0.0,0.0,0.0,0.0,0.0,0.0,0.0,0.0
700,0.0,0.0,0.0,0.0,0.0,0.0,0.0,0.0,0.0,0.0,0.0,0.0
701,0.0,0.0,0.0,0.0,0.0,0.0,0.0,0.0,0.0,0.0,0.0,0.0
702,0.0,0.0,0.0,0.0,0.0,0.0,0.0,0.0,0.0,0.0,0.0,0.0
703,0.0,0.0,0.0,0.0,0.0,0.0,0.0,0.0,0.0,0.0,0.0,0.0
704,0.0,0.0,0.0,0.0,0.0,0.0,0.0,0.0,0.0,0.0,0.0,0.0
705,0.0,0.0,0.0,0.0,0.0,0.0,0.0,0.0,0.0,0.0,0.0,0.0
706,0.0,0.0,0.0,0.0,0.0,0.0,0.0,0.0,0.0,0.0,0.0,0.0
707,0.0,0.0,0.0,0.0,0.0,0.0,0.0,0.0,0.0,0.0,0.0,0.0
708,0.0,0.0,0.0,0.0,0.0,0.0,0.0,0.0,0.0,0.0,0.0,0.0
709,0.0,0.0,0.0,0.0,0.0,0.0,0.0,0.0,0.0,0.0,0.0,0.0
710,0.0,0.0,0.0,0.0,0.0,0.0,0.0,0.0,0.0,0.0,0.0,0.0
711,0.0,0.0,0.0,0.0,0.0,0.0,0.0,0.0,0.0,0.0,0.0,0.0
712,0.0,0.0,0.0,0.0,0.0,0.0,0.0,0.0,0.0,0.0,0.0,0.0
713,0.0,0.0,0.0,0.0,0.0,0.0,0.0,0.0,0.0,0.0,0.0,0.0
714,0.0,0.0,0.0,0.0,0.0,0.0,0.0,0.0,0.0,0.0,0.0,0.0
715,0.0,0.0,0.0,1.0,0.0,0.0,0.0,0.0,0.0,0.0,0.0,0.0
716,0.0,0.0,0.0,1.0,0.0,0.0,0.0,0.0,0.0,0.0,0.0,0.0
717,0.0,0.0,0.0,1.0,0.0,0.0,0.0,0.0,0.0,0.0,0.0,0.0
718,0.0,0.0,0.0,0.0,0.0,0.0,0.0,0.0,0.0,0.0,0.0,0.0
719,0.0,0.0,0.0,0.0,0.0,0.0,0.0,0.0,0.0,0.0,0.0,0.0
720,0.0,0.0,0.0,0.0,0.0,0.0,0.0,0.0,0.0,0.0,0.0,0.0
721,0.0,0.0,0.0,0.0,0.0,0.0,0.0,0.0,0.0,0.0,0.0,0.0
722,0.0,0.0,0.0,0.0,0.0,0.0,0.0,0.0,0.0,0.0,0.0,0.0
723,0.0,0.0,0.0,0.0,0.0,0.0,0.0,0.0,0.0,0.0,0.0,0.0
724,0.0,0.0,0.0,0.0,0.0,0.0,0.0,0.0,0.0,0.0,0.0,0.0
725,0.0,0.0,0.0,0.0,0.0,0.0,0.0,0.0,0.0,0.0,0.0,0.0
726,0.0,0.0,0.0,0.0,0.0,0.0,0.0,0.0,0.0,0.0,0.0,0.0
727,0.0,0.0,0.0,0.0,0.0,0.0,0.0,0.0,0.0,0.0,0.0,0.0
728,0.0,0.0,0.0,0.0,0.0,0.0,0.0,0.0,0.0,0.0,0.0,0.0
729,0.0,0.0,0.0,0.0,0.0,0.0,0.0,0.0,0.0,0.0,0.0,0.0
730,0.0,0.0,0.0,0.0,0.0,0.0,0.0,0.0,0.0,0.0,0.0,0.0
731,0.0,0.0,0.0,0.0,0.0,0.0,0.0,0.0,0.0,0.0,0.0,0.0
732,0.0,0.0,0.0,0.0,0.0,0.0,0.0,0.0,0.0,0.0,0.0,0.0
733,0.0,0.0,0.0,0.0,0.0,0.0,0.0,0.0,0.0,0.0,0.0,0.0
734,0.0,0.0,0.0,0.0,0.0,0.0,0.0,0.0,0.0,0.0,0.0,0.0
735,0.0,0.0,0.0,0.0,0.0,0.0,0.0,0.0,0.0,0.0,0.0,0.0
736,0.0,0.0,0.0,0.0,0.0,0.0,0.0,0.0,-1.0,0.0,0.0,0.0
737,0.0,0.0,0.0,0.0,0.0,0.0,0.0,0.0,-1.0,0.0,0.0,0.0
738,0.0,0.0,0.0,0.0,0.0,0.0,0.0,0.0,-1.0,0.0,0.0,0.0
739,0.0,0.0,0.0,0.0,0.0,0.0,0.0,0.0,-1.0,0.0,0.0,0.0
740,0.0,0.0,0.0,0.0,0.0,0.0,0.0,0.0,0.0,0.0,0.0,0.0
741,0.0,0.0,0.0,0.0,0.0,0.0,0.0,0.0,0.0,0.0,0.0,0.0
742,0.0,0.0,0.0,0.0,0.0,0.0,0.0,0.0,0.0,0.0,0.0,0.0
743,0.0,0.0,0.0,0.0,0.0,0.0,0.0,0.0,0.0,0.0,0.0,0.0
744,0.0,0.0,0.0,0.0,0.0,0.0,0.0,0.0,0.0,0.0,0.0,0.0
745,0.0,0.0,0.0,0.0,0.0,0.0,0.0,0.0,0.0,0.0,0.0,0.0
746,0.0,0.0,0.0,0.0,0.0,0.0,0.0,0.0,0.0,0.0,0.0,0.0
747,0.0,0.0,0.0,0.0,0.0,0.0,0.0,0.0,0.0,0.0,0.0,0.0
748,0.0,0.0,0.0,0.0,0.0,0.0,0.0,0.0,0.0,0.0,0.0,0.0
749,0.0,0.0,0.0,0.0,0.0,0.0,0.0,0.0,0.0,0.0,0.0,0.0
750,0.0,0.0,0.0,0.0,0.0,0.0,0.0,0.0,0.0,0.0,0.0,0.0
751,0.0,0.0,0.0,0.0,0.0,0.0,0.0,0.0,0.0,0.0,0.0,0.0
752,0.0,0.0,0.0,0.0,0.0,0.0,0.0,0.0,0.0,0.0,0.0,0.0
753,0.0,0.0,0.0,0.0,0.0,0.0,0.0,0.0,0.0,0.0,0.0,0.0
754,0.0,0.0,0.0,0.0,0.0,0.0,0.0,0.0,0.0,0.0,0.0,0.0
755,0.0,0.0,0.0,0.0,0.0,0.0,0.0,0.0,0.0,0.0,0.0,0.0
756,0.0,0.0,0.0,0.0,0.0,0.0,0.0,0.0,0.0,0.0,0.0,0.0
757,0.0,0.0,0.0,0.0,0.0,0.0,0.0,0.0,0.0,0.0,0.0,0.0
758,0.0,0.0,0.0,0.0,0.0,0.0,0.0,0.0,0.0,0.0,0.0,0.0
759,0.0,0.0,0.0,0.0,0.0,0.0,0.0,0.0,0.0,0.0,0.0,0.0
760,0.0,0.0,0.0,0.0,0.0,0.0,0.0,0.0,0.0,0.0,0.0,0.0
761,0.0,0.0,0.0,0.0,0.0,0.0,0.0,0.0,0.0,0.0,0.0,0.0
762,0.0,0.0,0.0,0.0,0.0,0.0,0.0,0.0,0.0,0.0,0.0,0.0
763,0.0,0.0,0.0,0.0,0.0,0.0,0.0,0.0,0.0,0.0,0.0,0.0
764,0.0,0.0,0.0,0.0,0.0,0.0,0.0,0.0,0.0,0.0,0.0,0.0
765,0.0,0.0,0.0,0.0,0.0,0.0,0.0,0.0,0.0,0.0,0.0,0.0
766,0.0,0.0,0.0,0.0,0.0,0.0,0.0,0.0,0.0,0.0,-1.0,0.0
767,0.0,0.0,0.0,0.0,0.0,0.0,0.0,0.0,0.0,0.0,-1.0,0.0
768,0.0,0.0,0.0,0.0,0.0,0.0,0.0,0.0,0.0,0.0,-1.0,0.0
769,0.0,0.0,0.0,0.0,0.0,0.0,0.0,0.0,0.0,0.0,-1.0,0.0
770,0.0,0.0,0.0,0.0,0.0,0.0,0.0,0.0,0.0,0.0,0.0,0.0
771,0.0,0.0,0.0,0.0,0.0,0.0,0.0,0.0,0.0,0.0,0.0,0.0
772,0.0,0.0,0.0,0.0,0.0,0.0,0.0,0.0,0.0,0.0,0.0,0.0
773,0.0,0.0,0.0,0.0,0.0,0.0,0.0,0.0,0.0,0.0,0.0,0.0
774,0.0,0.0,0.0,0.0,0.0,0.0,0.0,0.0,0.0,0.0,0.0,0.0
775,0.0,0.0,0.0,0.0,0.0,0.0,0.0,0.0,0.0,0.0,0.0,0.0
776,0.0,0.0,0.0,0.0,0.0,0.0,0.0,0.0,0.0,0.0,0.0,0.0
777,0.0,0.0,0.0,0.0,0.0,0.0,0.0,0.0,0.0,0.0,-1.0,0.0
778,0.0,0.0,0.0,0.0,0.0,0.0,0.0,0.0,0.0,0.0,-1.0,0.0
779,0.0,0.0,0.0,0.0,0.0,0.0,0.0,0.0,0.0,0.0,-1.0,0.0
780,0.0,0.0,0.0,0.0,0.0,0.0,0.0,0.0,0.0,0.0,-1.0,0.0
781,0.0,0.0,0.0,0.0,0.0,0.0,0.0,0.0,0.0,0.0,0.0,0.0
782,0.0,0.0,0.0,0.0,0.0,0.0,0.0,0.0,0.0,0.0,0.0,0.0
783,0.0,0.0,0.0,0.0,0.0,0.0,0.0,0.0,0.0,0.0,0.0,0.0
784,0.0,0.0,0.0,0.0,0.0,0.0,0.0,0.0,0.0,0.0,0.0,0.0
785,0.0,0.0,0.0,0.0,0.0,0.0,0.0,0.0,0.0,0.0,0.0,0.0
786,0.0,0.0,0.0,0.0,0.0,0.0,0.0,0.0,0.0,0.0,0.0,0.0
787,0.0,0.0,0.0,0.0,0.0,0.0,0.0,0.0,0.0,0.0,0.0,0.0
788,0.0,0.0,0.0,0.0,0.0,0.0,0.0,0.0,0.0,0.0,0.0,0.0
789,0.0,0.0,0.0,0.0,0.0,0.0,0.0,0.0,0.0,0.0,0.0,0.0
790,0.0,0.0,0.0,0.0,0.0,0.0,0.0,0.0,0.0,0.0,0.0,0.0
791,0.0,0.0,0.0,0.0,0.0,0.0,0.0,0.0,0.0,0.0,0.0,0.0
792,0.0,0.0,0.0,0.0,0.0,0.0,0.0,0.0,0.0,0.0,0.0,0.0
793,0.0,0.0,0.0,0.0,0.0,0.0,0.0,0.0,0.0,0.0,0.0,0.0
794,0.0,0.0,0.0,0.0,0.0,0.0,0.0,0.0,0.0,0.0,0.0,0.0
795,0.0,0.0,0.0,0.0,0.0,0.0,0.0,0.0,0.0,0.0,0.0,0.0
796,0.0,0.0,0.0,0.0,0.0,0.0,0.0,0.0,0.0,0.0,0.0,0.0
797,0.0,0.0,0.0,0.0,0.0,0.0,0.0,0.0,0.0,0.0,0.0,0.0
798,0.0,0.0,0.0,0.0,0.0,0.0,0.0,0.0,0.0,0.0,0.0,0.0
799,0.0,0.0,0.0,0.0,0.0,0.0,0.0,0.0,0.0,0.0,0.0,0.0
800,0.0,0.0,0.0,0.0,0.0,0.0,0.0,0.0,0.0,0.0,0.0,0.0
801,0.0,0.0,0.0,0.0,0.0,0.0,0.0,0.0,0.0,0.0,0.0,0.0
802,0.0,0.0,0.0,0.0,0.0,0.0,0.0,0.0,0.0,0.0,0.0,0.0
803,0.0,0.0,0.0,0.0,0.0,0.0,0.0,0.0,0.0,0.0,0.0,0.0
804,0.0,0.0,0.0,0.0,0.0,0.0,0.0,0.0,0.0,0.0,0.0,0.0
805,0.0,0.0,0.0,0.0,0.0,0.0,0.0,0.0,0.0,0.0,0.0,0.0
806,0.0,0.0,0.0,0.0,0.0,0.0,0.0,0.0,0.0,0.0,0.0,0.0
807,0.0,0.0,0.0,0.0,0.0,0.0,0.0,0.0,0.0,0.0,0.0,0.0
808,0.0,0.0,0.0,0.0,0.0,0.0,0.0,0.0,0.0,0.0,0.0,0.0
809,0.0,0.0,0.0,0.0,0.0,0.0,0.0,0.0,0.0,0.0,0.0,0.0
810,0.0,0.0,0.0,0.0,0.0,0.0,0.0,0.0,0.0,0.0,0.0,0.0
811,0.0,0.0,0.0,0.0,0.0,0.0,0.0,0.0,0.0,0.0,0.0,0.0
812,0.0,0.0,0.0,0.0,0.0,0.0,0.0,0.0,0.0,0.0,0.0,0.0
813,0.0,0.0,0.0,0.0,0.0,0.0,0.0,0.0,0.0,0.0,0.0,0.0
814,0.0,0.0,0.0,0.0,0.0,0.0,0.0,0.0,0.0,0.0,0.0,0.0
815,0.0,0.0,0.0,0.0,0.0,0.0,0.0,0.0,0.0,0.0,0.0,0.0
816,0.0,0.0,0.0,0.0,0.0,0.0,0.0,0.0,0.0,0.0,0.0,0.0
817,0.0,0.0,0.0,0.0,0.0,0.0,0.0,0.0,0.0,0.0,0.0,0.0
818,0.0,0.0,0.0,0.0,0.0,0.0,0.0,0.0,0.0,0.0,0.0,0.0
819,0.0,0.0,0.0,0.0,0.0,0.0,0.0,0.0,0.0,0.0,0.0,0.0
820,0.0,0.0,0.0,0.0,0.0,0.0,0.0,0.0,0.0,0.0,0.0,0.0
821,0.0,0.0,0.0,0.0,0.0,0.0,0.0,0.0,0.0,0.0,0.0,0.0
822,0.0,0.0,0.0,0.0,0.0,0.0,0.0,0.0,0.0,0.0,0.0,0.0
823,0.0,0.0,0.0,0.0,0.0,0.0,0.0,0.0,0.0,0.0,0.0,0.0
824,0.0,0.0,0.0,0.0,0.0,0.0,0.0,0.0,0.0,0.0,0.0,0.0
825,0.0,0.0,0.0,0.0,0.0,0.0,0.0,0.0,0.0,0.0,0.0,0.0
826,0.0,0.0,0.0,0.0,0.0,0.0,0.0,0.0,0.0,0.0,0.0,0.0
827,0.0,0.0,0.0,0.0,0.0,0.0,0.0,0.0,0.0,0.0,0.0,0.0
828,0.0,0.0,0.0,0.0,0.0,0.0,0.0,0.0,0.0,0.0,0.0,0.0
829,0.0,0.0,0.0,0.0,0.0,0.0,0.0,0.0,0.0,0.0,0.0,0.0
830,0.0,0.0,0.0,0.0,0.0,0.0,0.0,0.0,0.0,0.0,0.0,0.0
831,0.0,0.0,0.0,0.0,0.0,0.0,0.0,0.0,0.0,0.0,0.0,0.0
832,0.0,0.0,0.0,0.0,0.0,0.0,0.0,0.0,0.0,0.0,0.0,0.0
833,0.0,0.0,0.0,0.0,0.0,0.0,0.0,0.0,0.0,0.0,0.0,0.0
834,0.0,0.0,0.0,0.0,0.0,0.0,0.0,0.0,0.0,0.0,0.0,0.0
835,0.0,0.0,0.0,0.0,0.0,0.0,0.0,0.0,0.0,0.0,0.0,0.0
836,0.0,0.0,0.0,0.0,0.0,0.0,0.0,0.0,0.0,0.0,0.0,0.0
837,0.0,0.0,0.0,0.0,0.0,0.0,0.0,0.0,0.0,0.0,0.0,0.0
838,0.0,0.0,0.0,0.0,0.0,0.0,0.0,0.0,0.0,0.0,0.0,0.0
839,0.0,0.0,0.0,0.0,0.0,0.0,0.0,0.0,0.0,0.0,0.0,0.0
840,0.0,0.0,0.0,0.0,0.0,0.0,0.0,0.0,0.0,0.0,0.0,0.0
841,0.0,0.0,0.0,0.0,0.0,0.0,0.0,0.0,0.0,0.0,0.0,0.0
842,0.0,0.0,0.0,0.0,0.0,0.0,0.0,0.0,0.0,0.0,0.0,0.0
843,0.0,0.0,0.0,0.0,0.0,0.0,0.0,0.0,0.0,0.0,0.0,0.0
844,0.0,0.0,0.0,0.0,0.0,0.0,0.0,0.0,0.0,0.0,0.0,0.0
845,0.0,0.0,0.0,0.0,0.0,0.0,0.0,0.0,0.0,0.0,0.0,0.0
846,0.0,0.0,0.0,0.0,0.0,0.0,0.0,0.0,0.0,0.0,0.0,0.0
847,0.0,0.0,0.0,0.0,0.0,0.0,0.0,0.0,0.0,0.0,0.0,0.0
848,0.0,0.0,0.0,0.0,0.0,0.0,0.0,0.0,0.0,0.0,0.0,0.0
849,0.0,0.0,0.0,0.0,0.0,0.0,0.0,0.0,0.0,0.0,0.0,0.0
850,0.0,0.0,0.0,0.0,0.0,0.0,0.0,0.0,0.0,0.0,0.0,0.0
851,0.0,0.0,0.0,0.0,0.0,0.0,0.0,0.0,0.0,0.0,0.0,0.0
852,0.0,0.0,0.0,0.0,0.0,0.0,0.0,0.0,0.0,0.0,0.0,0.0
853,0.0,0.0,0.0,0.0,0.0,0.0,0.0,0.0,0.0,0.0,0.0,0.0
854,0.0,0.0,0.0,0.0,0.0,0.0,0.0,0.0,0.0,0.0,0.0,0.0
855,0.0,0.0,0.0,0.0,0.0,0.0,0.0,0.0,0.0,0.0,0.0,0.0
856,0.0,0.0,0.0,0.0,0.0,0.0,0.0,0.0,0.0,0.0,0.0,0.0
857,0.0,0.0,0.0,0.0,0.0,0.0,0.0,0.0,0.0,0.0,0.0,0.0
858,0.0,0.0,0.0,0.0,0.0,0.0,0.0,0.0,0.0,0.0,0.0,0.0
859,0.0,0.0,0.0,0.0,0.0,0.0,0.0,0.0,0.0,0.0,0.0,0.0
860,0.0,0.0,0.0,0.0,0.0,0.0,0.0,0.0,0.0,0.0,0.0,0.0
861,0.0,0.0,0.0,0.0,0.0,0.0,0.0,0.0,0.0,0.0,0.0,0.0
862,0.0,0.0,0.0,0.0,0.0,0.0,0.0,0.0,0.0,0.0,0.0,0.0
863,0.0,0.0,0.0,0.0,0.0,0.0,0.0,0.0,0.0,0.0,0.0,0.0
864,0.0,0.0,0.0,0.0,0.0,0.0,0.0,0.0,0.0,0.0,0.0,0.0
865,0.0,0.0,0.0,0.0,0.0,0.0,0.0,0.0,0.0,0.0,0.0,0.0
866,0.0,0.0,0.0,0.0,0.0,0.0,0.0,0.0,0.0,0.0,0.0,0.0
867,0.0,0.0,0.0,0.0,0.0,0.0,0.0,0.0,0.0,0.0,0.0,0.0
868,0.0,0.0,0.0,0.0,0.0,0.0,0.0,0.0,0.0,0.0,0.0,0.0
869,0.0,0.0,0.0,0.0,0.0,0.0,0.0,0.0,0.0,0.0,0.0,0.0
870,0.0,0.0,0.0,0.0,0.0,0.0,0.0,0.0,0.0,0.0,0.0,0.0
871,0.0,0.0,0.0,0.0,0.0,0.0,0.0,0.0,0.0,0.0,0.0,0.0
872,0.0,0.0,0.0,0.0,0.0,0.0,0.0,0.0,0.0,0.0,0.0,0.0
873,0.0,0.0,0.0,0.0,0.0,0.0,0.0,0.0,0.0,0.0,0.0,0.0
874,0.0,0.0,0.0,0.0,0.0,0.0,0.0,0.0,0.0,0.0,0.0,0.0
875,0.0,0.0,0.0,0.0,0.0,0.0,0.0,0.0,0.0,0.0,0.0,0.0
876,0.0,0.0,0.0,0.0,0.0,0.0,0.0,0.0,0.0,0.0,0.0,0.0
877,0.0,0.0,0.0,0.0,0.0,0.0,0.0,0.0,0.0,0.0,0.0,0.0
878,0.0,0.0,0.0,0.0,0.0,0.0,0.0,0.0,0.0,0.0,0.0,0.0
879,0.0,0.0,0.0,0.0,0.0,0.0,0.0,0.0,0.0,0.0,0.0,0.0
880,0.0,0.0,0.0,0.0,0.0,0.0,0.0,0.0,0.0,0.0,0.0,0.0
881,0.0,0.0,0.0,0.0,0.0,0.0,0.0,0.0,0.0,0.0,0.0,0.0
882,0.0,0.0,0.0,0.0,0.0,0.0,0.0,0.0,0.0,0.0,0.0,0.0
883,0.0,0.0,0.0,0.0,0.0,0.0,0.0,0.0,0.0,0.0,0.0,0.0
884,0.0,0.0,0.0,0.0,0.0,0.0,0.0,0.0,0.0,0.0,0.0,0.0
885,0.0,0.0,0.0,0.0,0.0,0.0,0.0,0.0,0.0,0.0,0.0,0.0
886,0.0,0.0,0.0,0.0,0.0,0.0,0.0,0.0,0.0,0.0,0.0,0.0
887,0.0,0.0,0.0,0.0,0.0,0.0,0.0,0.0,0.0,0.0,0.0,0.0
888,0.0,0.0,0.0,0.0,0.0,0.0,0.0,0.0,0.0,0.0,0.0,0.0
889,0.0,0.0,0.0,0.0,0.0,0.0,0.0,0.0,0.0,0.0,0.0,0.0
890,0.0,0.0,0.0,0.0,0.0,0.0,0.0,0.0,0.0,0.0,0.0,0.0
891,0.0,0.0,0.0,0.0,0.0,0.0,0.0,0.0,0.0,0.0,0.0,0.0
892,0.0,0.0,0.0,0.0,0.0,0.0,0.0,0.0,0.0,0.0,0.0,0.0
893,0.0,0.0,0.0,0.0,0.0,0.0,0.0,0.0,0.0,0.0,0.0,0.0
894,0.0,0.0,0.0,0.0,0.0,0.0,0.0,0.0,0.0,0.0,0.0,0.0
895,0.0,0.0,0.0,0.0,0.0,0.0,0.0,0.0,0.0,0.0,0.0,0.0
896,0.0,0.0,0.0,0.0,0.0,0.0,0.0,0.0,0.0,0.0,0.0,0.0
897,0.0,0.0,0.0,0.0,0.0,0.0,0.0,0.0,0.0,0.0,0.0,0.0
898,0.0,0.0,0.0,0.0,0.0,0.0,0.0,0.0,0.0,0.0,0.0,0.0
899,0.0,0.0,0.0,0.0,0.0,0.0,0.0,0.0,0.0,0.0,0.0,0.0
900,0.0,0.0,0.0,0.0,0.0,0.0,0.0,0.0,0.0,0.0,0.0,0.0
901,0.0,0.0,0.0,0.0,0.0,0.0,0.0,0.0,0.0,0.0,0.0,0.0
902,0.0,0.0,0.0,0.0,0.0,0.0,0.0,0.0,0.0,0.0,0.0,0.0
903,0.0,0.0,0.0,0.0,0.0,0.0,0.0,0.0,0.0,0.0,0.0,0.0
904,0.0,0.0,0.0,0.0,0.0,0.0,0.0,0.0,0.0,0.0,0.0,0.0
905,0.0,0.0,0.0,0.0,0.0,0.0,0.0,0.0,0.0,0.0,0.0,0.0
906,0.0,0.0,0.0,0.0,0.0,0.0,0.0,0.0,0.0,0.0,0.0,0.0
907,0.0,0.0,0.0,0.0,0.0,0.0,0.0,0.0,0.0,0.0,0.0,0.0
908,0.0,0.0,0.0,0.0,0.0,0.0,0.0,0.0,0.0,0.0,0.0,0.0
909,0.0,0.0,0.0,0.0,0.0,0.0,0.0,0.0,0.0,0.0,0.0,0.0
910,0.0,0.0,0.0,0.0,0.0,0.0,0.0,0.0,0.0,0.0,0.0,0.0
911,0.0,0.0,0.0,0.0,0.0,0.0,0.0,0.0,0.0,0.0,0.0,0.0
912,0.0,0.0,0.0,0.0,0.0,0.0,0.0,0.0,0.0,0.0,0.0,0.0
913,0.0,0.0,0.0,0.0,0.0,0.0,0.0,0.0,0.0,0.0,0.0,0.0
914,0.0,0.0,0.0,0.0,0.0,0.0,0.0,0.0,0.0,0.0,0.0,0.0
915,0.0,0.0,0.0,0.0,0.0,0.0,0.0,0.0,0.0,0.0,0.0,0.0
916,0.0,0.0,0.0,0.0,0.0,0.0,0.0,0.0,0.0,0.0,0.0,0.0
917,0.0,0.0,0.0,0.0,0.0,0.0,0.0,0.0,0.0,0.0,0.0,0.0
918,0.0,0.0,0.0,0.0,0.0,0.0,0.0,0.0,0.0,0.0,0.0,0.0
919,0.0,0.0,0.0,0.0,0.0,0.0,0.0,0.0,0.0,0.0,0.0,0.0
920,0.0,0.0,0.0,0.0,0.0,0.0,0.0,0.0,0.0,0.0,0.0,0.0
921,0.0,0.0,0.0,0.0,0.0,0.0,0.0,0.0,0.0,0.0,0.0,0.0
922,0.0,0.0,0.0,0.0,0.0,0.0,0.0,0.0,0.0,0.0,0.0,0.0
923,0.0,0.0,0.0,0.0,0.0,0.0,0.0,0.0,0.0,0.0,0.0,0.0
924,0.0,0.0,0.0,0.0,0.0,0.0,0.0,0.0,0.0,0.0,0.0,0.0
925,0.0,0.0,0.0,0.0,0.0,0.0,0.0,0.0,0.0,0.0,0.0,0.0
926,0.0,0.0,0.0,0.0,0.0,0.0,0.0,0.0,0.0,0.0,0.0,0.0
927,0.0,0.0,0.0,0.0,0.0,0.0,0.0,0.0,0.0,0.0,0.0,0.0
928,0.0,0.0,0.0,0.0,0.0,0.0,0.0,0.0,0.0,0.0,0.0,0.0
929,0.0,0.0,0.0,0.0,0.0,0.0,0.0,0.0,0.0,0.0,0.0,0.0
930,0.0,0.0,0.0,0.0,0.0,0.0,0.0,0.0,0.0,0.0,0.0,0.0
931,0.0,0.0,0.0,0.0,0.0,0.0,0.0,0.0,0.0,0.0,0.0,0.0
932,0.0,0.0,0.0,0.0,0.0,0.0,0.0,0.0,0.0,0.0,0.0,0.0
933,0.0,0.0,0.0,0.0,0.0,0.0,0.0,0.0,0.0,0.0,0.0,0.0
934,0.0,0.0,0.0,0.0,0.0,0.0,0.0,0.0,0.0,0.0,0.0,0.0
935,0.0,0.0,0.0,0.0,0.0,0.0,0.0,0.0,0.0,0.0,0.0,0.0
936,0.0,0.0,0.0,0.0,0.0,0.0,0.0,0.0,0.0,0.0,0.0,0.0
937,0.0,0.0,0.0,0.0,0.0,0.0,0.0,0.0,0.0,0.0,0.0,0.0
938,0.0,0.0,0.0,0.0,0.0,0.0,0.0,0.0,0.0,0.0,0.0,0.0
939,0.0,0.0,0.0,0.0,0.0,0.0,0.0,0.0,0.0,0.0,0.0,0.0
940,0.0,0.0,0.0,0.0,0.0,0.0,0.0,0.0,0.0,0.0,0.0,0.0
941,0.0,0.0,0.0,0.0,0.0,0.0,0.0,0.0,0.0,0.0,0.0,0.0
942,0.0,0.0,0.0,0.0,0.0,0.0,0.0,0.0,0.0,0.0,0.0,0.0
943,0.0,0.0,0.0,0.0,0.0,0.0,0.0,0.0,0.0,0.0,0.0,0.0
944,0.0,0.0,0.0,0.0,0.0,0.0,0.0,0.0,0.0,0.0,0.0,0.0
945,0.0,0.0,0.0,0.0,0.0,0.0,0.0,0.0,0.0,0.0,0.0,0.0
946,0.0,0.0,0.0,0.0,0.0,0.0,0.0,0.0,0.0,0.0,0.0,0.0
947,0.0,0.0,0.0,0.0,0.0,0.0,0.0,0.0,0.0,0.0,0.0,0.0
948,0.0,0.0,0.0,0.0,0.0,0.0,0.0,0.0,0.0,0.0,0.0,0.0
949,0.0,0.0,0.0,0.0,0.0,0.0,0.0,0.0,0.0,0.0,0.0,0.0
950,0.0,0.0,0.0,0.0,0.0,0.0,0.0,0.0,0.0,0.0,0.0,0.0
951,0.0,0.0,0.0,0.0,0.0,0.0,0.0,0.0,0.0,0.0,0.0,0.0
952,0.0,0.0,0.0,0.0,0.0,0.0,0.0,0.0,0.0,0.0,0.0,0.0
953,0.0,0.0,0.0,0.0,0.0,0.0,0.0,0.0,0.0,0.0,0.0,0.0
954,0.0,0.0,0.0,0.0,0.0,0.0,0.0,0.0,0.0,0.0,0.0,0.0
955,0.0,0.0,0.0,0.0,0.0,0.0,0.0,0.0,0.0,0.0,0.0,0.0
956,0.0,0.0,0.0,0.0,0.0,0.0,0.0,0.0,0.0,0.0,0.0,0.0
957,0.0,0.0,0.0,0.0,0.0,0.0,0.0,0.0,0.0,0.0,0.0,0.0
958,0.0,0.0,0.0,0.0,0.0,0.0,0.0,0.0,0.0,0.0,0.0,0.0
959,0.0,0.0,0.0,0.0,0.0,0.0,0.0,0.0,0.0,0.0,0.0,0.0
960,0.0,0.0,0.0,0.0,0.0,0.0,0.0,0.0,0.0,0.0,0.0,0.0
961,0.0,0.0,0.0,0.0,0.0,0.0,0.0,0.0,0.0,0.0,0.0,0.0
962,0.0,0.0,0.0,0.0,0.0,0.0,0.0,0.0,0.0,0.0,0.0,0.0
963,0.0,0.0,0.0,0.0,0.0,0.0,0.0,0.0,0.0,0.0,0.0,0.0
964,0.0,0.0,0.0,0.0,0.0,0.0,0.0,0.0,0.0,0.0,0.0,0.0
965,0.0,0.0,0.0,0.0,0.0,0.0,0.0,0.0,0.0,0.0,0.0,0.0
966,0.0,0.0,0.0,0.0,0.0,0.0,0.0,0.0,0.0,0.0,0.0,0.0
967,0.0,0.0,0.0,0.0,0.0,0.0,0.0,0.0,0.0,0.0,0.0,0.0
968,0.0,0.0,0.0,0.0,0.0,0.0,0.0,0.0,0.0,0.0,0.0,0.0
