Tempo,valor,erro
0,243.4131540289391,21.162840348933056
1,247.8935878314492,21.401886117106763
2,252.3740216339594,21.640931885280477
3,252.5537391837095,22.72516766387421
4,252.8045391288283,23.816099941818948
5,253.05548019081036,24.907646051401287
6,253.30656248879177,25.99980651084128
7,253.5934783979752,27.096395546971603
8,253.8806367371621,28.193911147559994
9,254.16803781374483,29.292354487455736
10,254.419822904923,30.387443805678977
11,254.77949432586465,31.496470221158557
12,251.24834118283323,32.202148977974375
13,247.71419764899608,32.90842534559343
14,244.2115433388438,33.62004733670053
15,240.63692420138,34.32277395236948
16,237.02679209674832,35.020949198427616
17,233.4156397484809,35.719321752736704
18,229.77099484798865,36.41274574844774
19,226.15830675218083,37.11141369126792
20,222.51314678033447,37.804935683586606
21,232.8707104552068,37.74723673768447
22,243.19682350862607,37.68419433797547
23,253.5229365620453,37.62115193826647
24,263.84904961546454,37.558109538557474
25,274.17516266888384,37.49506713884847
26,284.501275722303,37.43202473913947
27,294.8273887757223,37.36898233943047
28,305.11037668756023,37.3006677605327
29,309.3712591444152,37.240525563489946
30,313.63214160127023,37.1803833664472
31,317.8481048799341,37.11499597494783
32,322.1083852621167,37.05486227616664
33,326.3225553496335,36.989501856761365
34,330.5822338272693,36.92937665384041
35,334.841912304905,36.86925145091944
36,339.1015907825408,36.80912624799849
37,343.3612692601766,36.74900104507755
38,342.07466898952293,36.8039748107918
39,340.78806871886934,36.858948576506045
40,339.5014684482157,36.9139223422203
41,338.4139351982669,36.99065531694452
42,337.1265776584723,37.04566143920129
43,335.8392201186777,37.10066756145804
44,334.551862578883,37.1556736837148
45,333.2645050390883,37.21067980597156
46,331.78186682429407,37.24376493650583
47,328.3968491797058,36.71712561733268
48,325.05870000055404,36.19574746003784
49,321.7205508214022,35.67436930274299
50,318.33743237648173,35.14802603370445
51,314.9997546873269,34.62672151739226
52,311.53007273006625,34.09097167409955
53,308.10680975410634,33.56041162909765
54,304.685478914721,33.03015103946192
55,301.30858225584257,32.50477489294251
56,298.0937965834966,31.61426532908769
57,294.8374142105002,30.71942176103408
58,291.5408304178038,29.82062460518512
59,288.2461056882926,28.92233431365639
60,284.9130815672873,28.020601113044226
61,281.66222713201097,27.127272609491165
62,278.37307016626204,26.23050034102773
63,275.1245104598177,25.337801427091964
64,271.0217140223695,24.983233124136984
65,266.91891758492125,24.628664821182
66,262.8161211474731,24.27409651822701
67,258.67689134504667,23.916159742068917
68,254.5746726848745,23.56164137127883
69,250.4724540247024,23.207123000488743
70,246.3355451032849,22.84938685940442
71,242.19980101614067,22.491751446502864
72,238.0987374224644,22.1373328978642
73,234.65715306068932,21.83771213538907
74,231.24908485001544,21.54120755153131
75,227.84101663934155,21.244702967673557
76,224.43294842866763,20.9481983838158
77,221.0248802179937,20.651693799958046
78,217.5249518080765,20.346596903218867
79,214.1183222078756,20.05021747959068
80,210.71169260767485,19.753838055962497
81,207.2758979732861,19.45472122960045
82,209.61314501226008,19.70841452701492
83,211.97954888032015,19.964844457040098
84,214.34595274838028,20.22127438706528
85,216.7123566164404,20.47770431709046
86,219.0787604845005,20.73413424711564
87,221.44516435256057,20.990564177140826
88,223.81156822062064,21.246994107166007
89,226.1779720886808,21.503424037191184
90,228.54437595674085,21.75985396721637
91,219.8569515858109,21.151400491368303
92,211.16952721488087,20.542947015520237
93,202.4821028439509,19.93449353967216
94,193.7674218375114,19.323321914729323
95,185.0551918734025,18.712322184491853
96,176.34541191771984,18.101494276450737
97,167.6616520958777,17.493297459830387
98,158.95554194474082,16.882726806482474
99,150.27300295234082,16.274615494827202
100,148.9422455591915,15.861807640846964
101,147.61186223698897,15.449115825616966
102,146.28185282803045,15.036540000216991
103,144.97258707593494,14.62613521414046
104,143.6633213238394,14.215730428063932
105,142.35405557174388,13.805325641987404
106,141.04478981964837,13.394920855910874
107,139.6962614870337,12.980867709039224
108,142.61775984041603,13.146683372168928
109,145.5588812112849,13.31432244697289
110,148.5000025821538,13.481961521776851
111,151.4411239530227,13.649600596580814
112,154.3822453238916,13.817239671384778
113,157.32336669476047,13.98487874618874
114,160.26448806562942,14.152517820992705
115,163.2056094364983,14.320156895796664
116,166.1467308073672,14.487795970600628
117,168.23663010336878,14.69671570693174
118,170.32652939937037,14.90563544326285
119,172.41642869537193,15.11455517959396
120,174.50632799137352,15.323474915925072
121,176.70016856300043,15.541536732687172
122,178.79129793510324,15.750579435313949
123,180.8824273072061,15.95962213794072
124,182.97355667930887,16.168664840567494
125,185.06468605141168,16.377707543194266
126,192.18649623074404,16.817616004120428
127,199.3083064100763,17.25752446504659
128,206.4301165894086,17.69743292597275
129,213.5519267687409,18.13734138689891
130,220.67373694807324,18.577249847825065
131,227.82754987356,19.019830008429334
132,234.95036058818025,19.45980027161188
133,242.14120760727,19.905363500093685
134,249.2660202360877,20.345457419898818
135,253.5760936401968,21.26964950808152
136,257.85113316936054,22.19098208011244
137,262.1998761071278,23.118813264445382
138,266.51358619235094,24.043785151856014
139,270.86660073839664,24.972529008438816
140,275.222064926843,25.90179551209905
141,279.54064214858585,26.82780972984381
142,283.8204938792739,27.75017940059097
143,282.1567468692838,27.88952206744524
144,280.6904745142213,28.048597812822678
145,279.0255561813574,28.188038580681493
146,277.3606378484933,28.327479348540308
147,275.6957195156294,28.466920116399137
148,274.03080118276534,28.606360884257956
149,272.40423883960005,28.74984978641506
150,270.7390860442191,28.889310191052903
151,269.1118309859155,29.03285915492957
152,271.1957159624413,29.52884976525821
153,273.2796009389671,30.02484037558685
154,275.40227496830545,30.52513030004226
155,277.6037673806839,31.03430571213829
156,279.7676792594681,31.539465275819943
157,281.8533267550042,32.03587538765154
158,283.9389742505404,32.53228549948313
159,286.02462174607643,33.028695611314724
160,288.1102692416126,33.52510572314632
161,291.7135490085518,33.177035757917494
162,295.4001104530926,32.83822382026697
163,299.0044063733784,32.4900556965595
164,302.6087022936641,32.14188757285204
165,306.21299821395,31.793719449144568
166,309.81729413423574,31.445551325437105
167,313.42159005452146,31.09738320172964
168,317.0258859748073,30.74921507802218
169,320.53978714406543,30.392476036086823
170,318.3192839018889,30.050786756413867
171,316.0987806597124,29.70909747674091
172,313.878277417536,29.36740819706794
173,311.65777417535946,29.025718917394972
174,309.43727093318296,28.68402963772202
175,307.1301789740699,28.33435209977452
176,304.91030157835394,27.99275912485908
177,302.64777370720014,27.647269973228124
178,299.9858625710393,27.668325818420925
179,297.3239514348785,27.68938166361373
180,294.6620402987177,27.710437508806532
181,292.00012916255696,27.731493353999337
182,289.3382180263961,27.752549199192146
183,286.67630689023525,27.77360504438495
184,283.9743824551517,27.790745045552743
185,281.31284634169253,27.811797924297927
186,278.65131022823334,27.83285080304311
187,277.9206114398422,27.33608997839768
188,277.18991265145115,26.83932915375224
189,276.4202704606283,26.33885758557543
190,275.6508450704226,25.83852699530517
191,274.8816363892409,25.338337323381687
192,274.112644325542,24.83828851027879
193,273.382357082512,24.34180747207359
194,272.6520698394818,23.84532643386839
195,271.9217825964517,23.348845395663187
196,275.5185628461465,23.7497371632404
197,279.11534309584147,24.15062893081761
198,282.7121233455365,24.551520698394818
199,286.3089035952314,24.952412465972024
200,289.9056838449263,25.353304233549235
201,293.5024640946212,25.75419600112644
202,297.0992443443161,26.15508776870365
203,300.696024594011,26.55597953628085
204,304.29280484370594,26.956871303858065
205,299.921866199662,26.742892407068428
206,295.5509275556181,26.528913510278795
207,291.1799889115742,26.314934613489157
208,286.8090502675301,26.10095571669952
209,282.4381116234863,25.886976819909883
210,278.0671729794423,25.67299792312024
211,273.6962343353984,25.45901902633061
212,269.3252956913545,25.24504012954097
213,271.97128743077064,25.449024922557022
214,274.61727917018675,25.65300971557307
215,277.26327090960285,25.85699450858913
216,279.909262649019,26.060979301605176
217,282.5552543884352,26.264964094621227
218,285.2012461278513,26.46894888763728
219,287.8472378672674,26.67293368065333
220,290.49322960668354,26.876918473669384
221,293.13922134609965,27.08090326668544
222,291.59120670233733,26.86814395006101
223,290.043192058575,26.65538463343659
224,288.4951774148127,26.44262531681216
225,286.9471627710504,26.229866000187737
226,285.3991481272881,26.017106683563316
227,283.85113348352576,25.804347366938888
228,282.3031188397634,25.59158805031446
229,280.75510419600107,25.378828733690035
230,279.2070895522387,25.16606941706561
231,272.1299399230263,24.4178834600582
232,265.05279029381387,23.66969750305078
233,257.9030123873874,22.915058417792796
234,250.82785519894892,22.16708309872372
235,243.7526980105105,21.41910777965465
236,236.5776347263261,20.66240678204587
237,229.47317576439693,19.911945460513977
238,222.4020000937911,19.164391061714504
239,215.3005345336897,18.41424602616401
240,211.13987341772147,17.997017112048756
241,207.0094936708861,17.582378105954053
242,202.8505836028688,17.16532484882576
243,198.7207846997609,16.750744152252377
244,194.5909857966531,16.336163455678996
245,190.4076339097428,15.91710600309293
246,186.2789962041333,15.502641876376591
247,182.1503584985238,15.08817774966025
248,178.0217207929144,14.673713622943907
249,175.51136123998316,14.496218631379168
250,173.0010016870519,14.318723639814428
251,170.4187658094435,14.135266916104555
252,167.90946458684655,13.957846753794266
253,165.40016336424958,13.780426591483982
254,162.8908621416526,13.603006429173693
255,160.38156091905566,13.425586266863409
256,157.87225969645868,13.24816610455312
257,164.06198472924862,13.685387389919432
258,170.2517097620386,14.12260867528574
259,176.44143479482855,14.559829960652053
260,182.6311598276185,14.997051246018366
261,188.82088486040848,15.434272531384671
262,195.0106098931984,15.871493816750984
263,201.2003349259884,16.308715102117297
264,207.39005995877832,16.745936387483606
265,213.5797849915683,17.183157672849916
266,208.51251873711823,16.932818062581976
267,203.44525248266817,16.682478452314037
268,198.3779862282181,16.432138842046093
269,193.310719973768,16.181799231778154
270,188.243453719318,15.93145962151021
271,183.1761874648679,15.681120011242273
272,178.10892121041786,15.43078040097433
273,173.04165495596777,15.18044079070639
274,167.9743887015177,14.930101180438449
275,169.89662966085814,14.954703016676037
276,171.81887062019862,14.979304852913623
277,173.74111157953902,15.00390668915121
278,175.6633525388795,15.028508525388796
279,177.58559349822,15.053110361626382
280,179.50783445756042,15.077712197863969
281,181.4300754169009,15.102314034101552
282,183.35231637624133,15.126915870339142
283,185.2745573355818,15.151517706576728
284,192.95415261382803,15.674133115514334
285,200.6337478920742,16.196748524451937
286,208.3133431703204,16.719363933389545
287,215.99293844856663,17.24197934232715
288,223.6725337268128,17.764594751264756
289,231.3846451159522,18.289780393534787
290,239.0653197470133,18.81246925509487
291,246.7459943780745,19.335158116654952
292,254.268452129903,20.02324031116735
293,261.72153099957825,20.705885936548103
294,269.2124578177728,21.391538948256464
295,276.7444092827004,22.08048992030005
296,284.24061049374035,22.766625638861537
297,291.7389209341587,23.452954417557685
298,299.23934149430136,24.13947633788284
299,306.6987125369354,24.822698278692364
300,314.2907516891892,25.516691300675674
301,309.45998779686465,25.331419553177508
302,304.5407162301699,25.138962029475262
303,299.62144466347496,24.946504505773017
304,294.7021730967802,24.75404698207077
305,289.7829015300853,24.56158945836853
306,284.86362996339057,24.369131934666285
307,279.9443583966957,24.176674410964047
308,275.0250868300009,23.9842168872618
309,270.10581526330606,23.791759363559557
310,273.6223481648361,24.073066272411523
311,277.13888106636625,24.35437318126349
312,280.65541396789627,24.635680090115454
313,284.1719468694264,24.916986998967424
314,287.68847977095646,25.198293907819387
315,291.2050126724866,25.47960081667136
316,294.80456572769947,25.76816431924883
317,298.322089201878,26.04955046948357
318,301.8396126760563,26.330936619718308
319,296.55431778169014,25.9826738556338
320,291.2690228873239,25.634411091549296
321,285.9837279929577,25.28614832746479
322,280.6984330985915,24.93788556338028
323,275.4131382042254,24.58962279929577
324,270.12784330985914,24.241360035211265
325,264.84254841549296,23.893097271126763
326,259.5572535211268,23.544834507042253
327,255.078779342723,23.198532863849763
328,250.60030516431928,22.85223122065728
329,246.1218309859155,22.50592957746479
330,241.6433568075117,22.159627934272297
331,237.164882629108,21.81332629107981
332,232.68640845070425,21.467024647887325
333,228.2079342723005,21.12072300469483
334,223.7294600938967,20.774421361502345
335,219.25098591549295,20.42811971830986
336,211.4806338028169,19.85311737089202
337,203.65291467192336,19.27268609781282
338,195.8571730254822,18.69521329015909
339,188.090102773476,18.12045379886433
340,180.2976492117117,17.54322447447447
341,172.45884339383704,16.961383143379766
342,164.6729741136747,16.384641718251736
343,157.0036682776656,15.819586700155584
344,149.2165032311982,15.24274920771516
345,148.48658802429398,15.097148535824514
346,147.73589128816084,14.949444973938943
347,146.98540568878374,14.80178295432925
348,146.2556957737391,14.656223233267433
349,145.52598585869447,14.510663512205614
350,144.7759165122742,14.363083950903194
351,144.046309199861,14.217544696618804
352,143.31670188744786,14.072005442334412
353,142.5870945750347,13.92646618805002
354,147.0423876794813,14.360036837077349
355,151.49768078392773,14.793607486104676
356,155.95297388837423,15.227178135132004
357,160.40826699282073,15.660748784159331
358,164.86356009726725,16.09431943318666
359,169.31885320171375,16.527890082213986
360,173.77414630616025,16.961460731241313
361,178.22943941060672,17.39503138026864
362,182.68473251505324,17.828602029295965
363,185.0179640820403,17.803859470892192
364,187.3511956490273,17.779116912488416
365,189.6844272160143,17.75437435408464
366,192.0176587830013,17.729631795680866
367,194.3508903499884,17.70488923727709
368,196.68412191697544,17.68014667887332
369,199.01735348396247,17.65540412046954
370,201.3505850509495,17.630661562065765
371,200.74225263432143,17.554906959240387
372,200.13392021769332,17.479152356415
373,199.52558780106529,17.40339775358962
374,198.9172553844372,17.327643150764242
375,198.3089229678092,17.251888547938854
376,197.70059055118108,17.176133945113474
377,197.09225813455305,17.100379342288097
378,196.48392571792493,17.02462473946271
379,195.87559330129687,16.948870136637332
380,197.25724076540067,16.99070786533117
381,198.6388882295044,17.03254559402501
382,200.0205356936081,17.074383322718848
383,201.40218315771187,17.116221051412687
384,202.78383062181564,17.15805878010653
385,204.16547808591935,17.199896508800368
386,205.5471255500231,17.24173423749421
387,206.92877301412685,17.28357196618805
388,208.3104204782306,17.32540969488189
389,205.6262168538675,17.09424525243168
390,202.9420132295044,16.86308080998147
391,200.22965582901236,16.629578125387653
392,197.5458295705461,16.398446181804655
393,194.8620033120798,16.167314238221653
394,192.17817705361355,15.93618229463865
395,189.49435079514728,15.705050351055652
396,186.810524536681,15.473918407472649
397,184.12669827821472,15.242786463889647
398,180.63128612896023,14.985193547336692
399,177.1358739797058,14.727600630783735
400,173.64046183045127,14.470007714230782
401,170.14504968119687,14.212414797677823
402,166.64963753194235,13.954821881124868
403,163.13129113678082,13.695303573938713
404,159.63637033025188,13.437746866679625
405,156.14144952372288,13.180190159420528
406,152.1006520903273,12.867603150374574
407,148.039045120086,12.553251557190691
408,143.9988156132446,12.240708481666736
409,139.95858610640323,11.928165406142778
410,135.89925621218134,11.613990005951791
411,131.85959447227458,11.301490851602022
412,127.81993273236782,10.988991697252256
413,123.7281090577824,10.67199338885997
414,119.69014966163456,10.359625923997918
415,118.8734734513274,10.294137571577304
416,118.04021623017184,10.227212611120292
417,117.22365472157962,10.161733456501985
418,116.40709321298743,10.096254301883675
419,115.59053170439525,10.030775147265366
420,114.75785251988732,9.96389656897164
421,113.941405680795,9.898426609572352
422,113.12495884170264,9.83295665017306
423,112.30851200261034,9.767486690773769
424,113.02722081333586,9.783502519267785
425,113.74592962406138,9.7995183477618
426,114.46463843478692,9.815534176255811
427,115.18334724551242,9.831550004749827
428,115.90205605623795,9.847565833243843
429,116.62076486696348,9.86358166173786
430,117.339473677689,9.879597490231877
431,118.05818248841452,9.89561331872589
432,118.77689129914008,9.911629147219903
433,115.14222228244708,9.737191194047648
434,111.52423072872789,9.564144932696118
435,107.90623917500864,9.39109867134459
436,104.28824762128946,9.218052409993062
437,100.67025606757024,9.045006148641532
438,97.052264513851,8.871959887290005
439,93.4342729601318,8.698913625938474
440,89.8162814064126,8.525867364586947
441,88.27044142425292,8.44873213179543
442,86.72460144209325,8.371596899003913
443,85.17876145993358,8.294461666212399
444,83.6329214777739,8.217326433420881
445,82.0755572668489,8.13904839686682
446,80.51863027215379,8.060792336179277
447,78.9732242708987,7.983678758422235
448,77.42781826964361,7.906565180665191
449,75.88241226838853,7.829451602908147
450,74.11215482049079,7.758416135185123
451,72.34189737259305,7.687380667462099
452,70.57163992469529,7.616345199739077
453,68.80138247679756,7.545309732016051
454,67.03112502889981,7.474274264293027
455,65.21334736842104,7.397848070175438
456,63.44437894736843,7.326864327485381
457,61.67541052631579,7.255880584795321
458,59.90644210526315,7.184896842105262
459,60.19444678362572,7.110143976608187
460,60.48245146198831,7.035391111111112
461,60.77045614035087,6.960638245614035
462,61.05846081871344,6.885885380116959
463,61.346465497076025,6.811132514619882
464,61.634470175438594,6.736379649122807
465,61.92247485380116,6.661626783625731
466,62.21047953216374,6.586873918128656
467,62.49848421052632,6.512121052631579
468,63.93083040935672,6.599074736842106
469,65.36317660818715,6.686028421052631
470,66.79552280701753,6.772982105263158
471,68.22786900584795,6.859935789473684
472,69.66021520467837,6.94688947368421
473,71.09256140350877,7.033843157894737
474,72.52490760233917,7.120796842105261
475,73.9572538011696,7.207750526315789
476,75.38959999999999,7.294704210526316
477,76.20984078947369,7.336126184210526
478,77.03008157894736,7.377548157894737
479,77.85032236842105,7.418970131578948
480,78.67056315789472,7.460392105263158
481,79.4908039473684,7.501814078947369
482,80.31104473684209,7.543236052631578
483,81.13128552631579,7.584658026315789
484,81.95152631578948,7.626080000000001
485,80.73872748538011,7.5869259649122816
486,79.52592865497076,7.547771929824562
487,78.3131298245614,7.508617894736841
488,77.10033099415205,7.469463859649123
489,75.88753216374269,7.430309824561403
490,74.67473333333332,7.391155789473685
491,73.461934502924,7.352001754385965
492,72.24913567251463,7.312847719298245
493,71.03633684210527,7.273693684210526
494,68.91859532163744,7.191213450292397
495,66.8008538011696,7.108733216374269
496,64.68311228070175,7.02625298245614
497,62.56537076023392,6.94377274853801
498,60.44762923976608,6.861292514619883
499,58.329887719298256,6.778812280701755
500,56.2121461988304,6.696332046783627
501,54.09440467836258,6.613851812865497
502,51.97666315789475,6.531371578947368
503,51.31681052631579,6.449266432748537
504,50.65695789473685,6.367161286549707
505,49.99710526315789,6.285056140350878
506,49.33032907662083,6.202080526709702
507,48.67056904294135,6.119986902423052
508,48.01080900926186,6.037893278136402
509,47.35104897558237,5.955799653849752
510,46.678188131313135,5.872057963898243
511,46.018613215488216,5.789987373737374
512,46.6224273989899,5.838775515572391
513,47.22624158249159,5.887563657407409
514,47.83005576599327,5.936351799242425
515,48.43386994949496,5.985139941077443
516,49.03768413299664,6.033928082912459
517,49.64149831649832,6.082716224747475
518,50.2453125,6.131504366582493
519,50.849126683501694,6.1802925084175095
520,52.84996141975309,6.221901187803967
521,54.8507961560045,6.263509867190424
522,56.8516308922559,6.305118546576881
523,58.8524656285073,6.346727225963337
524,60.85330036475872,6.388335905349794
525,62.85413510101011,6.429944584736253
526,64.85496983726152,6.47155326412271
527,66.85580457351291,6.513161943509167
528,68.8566393097643,6.554770622895624
529,71.91326575944632,6.774506991208382
530,74.96989220912833,6.994243359521138
531,78.02651865881033,7.213979727833895
532,81.08314510849233,7.433716096146652
533,84.13977155817433,7.653452464459409
534,87.19639800785633,7.873188832772167
535,90.25302445753836,8.092925201084924
536,93.30965090722036,8.312661569397681
537,96.36627735690236,8.532397937710437
538,97.98602693602696,8.662776024130192
539,99.60577651515152,8.793154110549944
540,101.22552609427612,8.923532196969697
541,102.84527567340068,9.053910283389447
542,104.46502525252528,9.184288369809204
543,106.08477483164984,9.314666456228958
544,107.70452441077444,9.445044542648713
545,109.324273989899,9.575422629068465
546,110.94402356902356,9.705800715488216
547,115.78914141414144,10.045858454335017
548,120.66811675554308,10.388831128964355
549,125.5145944428852,10.728984309219756
550,130.36107213022734,11.06913748947516
551,135.20754981756943,11.409290669730565
552,140.0540275049116,11.749443849985967
553,144.92084210526315,12.091293815789474
554,149.768,12.431494736842106
555,153.23711572755417,12.726269944272444
556,156.64011720943287,13.01555925289824
557,160.02160870875582,13.303062167652012
558,163.42604041588555,13.592473065710912
559,166.8080066437638,13.880016343080822
560,170.189972871642,14.167559620450737
561,173.5719390995202,14.455102897820646
562,176.95390532739845,14.742646175190558
563,180.3358715552766,15.030189452560474
564,181.52970451955,15.089958000892016
565,182.72387278306917,15.149743335783969
566,183.89254888193165,15.207409592175583
567,185.06122498079412,15.265075848567204
568,186.2299010796567,15.32274210495882
569,187.3985771785192,15.38040836135044
570,188.5672532773817,15.43807461774206
571,189.73592937624423,15.495740874133672
572,190.9046054751068,15.553407130525288
573,190.7727697902641,15.526114954112524
574,190.6409341054214,15.49882277769976
575,190.5090984205787,15.471530601286997
576,190.37726273573608,15.444238424874234
577,190.24542705089345,15.416946248461468
578,190.1135913660507,15.389654072048703
579,189.98175568120803,15.36236189563594
580,189.84991999636537,15.335069719223178
581,189.74473010988103,15.309927511566425
582,190.7573104139128,15.411882346744877
583,191.7698907179445,15.513837181923332
584,192.78247102197625,15.615792017101782
585,193.79505132600792,15.717746852280236
586,194.80763163003965,15.81970168745869
587,195.82021193407132,15.921656522637145
588,196.8604411764706,16.025862181155645
589,197.87316371681416,16.12783133784487
590,198.88588625715772,16.229800494534096
591,204.02566770965905,16.596112573446774
592,209.13750790250072,16.960144545518407
593,214.2493480953424,17.32417651759004
594,219.36118828818408,17.68820848966167
595,224.5361181461413,18.05731416619135
596,229.649395056294,18.421448451914493
597,234.7626719664468,18.785582737637636
598,239.87594887659952,19.149717023360783
599,239.8853455830681,19.175726241164067
600,239.86102817163405,19.19904400190153
601,239.87042410160572,19.22506380955531
602,239.8461032719244,19.2483848480213
603,239.82178244224312,19.271705886487293
604,239.83117417570148,19.29773956756891
605,239.8068499268117,19.32106388468504
606,239.782525677922,19.344388201801177
607,239.7582014290322,19.367712518917312
608,240.96738035576945,19.406135454139484
609,242.1765592825068,19.44455838936165
610,243.38573820924407,19.48298132458382
611,244.45112235812363,19.50992783166972
612,245.6595904212944,19.5483281784526
613,246.86805848446508,19.58672852523549
614,248.07652654763584,19.62512887201837
615,249.28499461080656,19.663529218801266
616,250.4934626739773,19.701929565584145
617,252.06744692815977,19.867381320586723
618,253.64143118234225,20.032833075589306
619,255.2154154365247,20.198284830591877
620,256.7893996907072,20.36373658559445
621,258.3633839448897,20.529188340597027
622,259.9373681990722,20.69464009559961
623,261.54812289088864,20.8630249343832
624,263.1223284589426,21.02849995313085
625,264.69653402699663,21.19397497187851
626,263.97476265822786,21.53131065400844
627,263.17853375527426,21.86268459915612
628,262.4192133211422,22.19718051062034
629,261.65967923466525,22.531770540236355
630,260.8999314056564,22.866454727733213
631,260.10336639932456,23.197968552131695
632,259.45282803040976,23.542732824158808
633,258.6558144446009,23.874433338026183
634,257.1630057260865,24.02602435933539
635,255.63377687036512,24.17425373134328
636,254.10454801464377,24.322483103351164
637,252.61088813782092,24.4741585692156
638,251.08144392808524,24.622408815659767
639,249.58714788732397,24.77414788732394
640,248.0574882629108,24.922419014084507
641,246.52782863849765,25.070690140845077
642,244.9981690140845,25.21896126760564
643,246.07606602798916,25.710700197238666
644,247.11974543234228,26.1990242355925
645,248.1637189966178,26.68748590755355
646,249.2431162484729,27.17991612630392
647,250.28783072512812,27.66872268433668
648,251.3328398195149,28.157667089678508
649,252.41374000940291,28.650789844851907
650,253.45949123054496,29.14007970094513
651,254.4696360558612,29.625327972915784
652,252.06299666149437,29.595396623877367
653,249.69157966516175,29.56963647479308
654,247.2846007336344,29.539700902934545
655,244.8776218021069,29.509765331076004
656,242.4706428705794,29.479829759217463
657,240.06366393905196,29.449894187358925
658,237.6566850075245,29.41995861550038
659,235.24970607599695,29.39002304364184
660,232.84272714446956,29.3600874717833
661,231.93646832674943,29.241143481941315
662,231.03020950902936,29.122199492099323
663,230.1239506913093,29.00325550225734
664,229.2176918735892,28.884311512415355
665,228.31143305586903,28.765367522573367
666,227.40517423814904,28.646423532731387
667,226.4989154204289,28.52747954288939
668,225.5926566027088,28.40853555304741
669,226.50478508276905,28.477554787434165
670,227.4169135628292,28.546574021820923
671,228.32904204288943,28.61559325620768
672,229.2411705229496,28.684612490594432
673,230.15329900300975,28.75363172498119
674,231.06542748307,28.822650959367948
675,231.9775559631302,28.891670193754702
676,232.92254597620047,28.96477588072057
677,233.8348031607168,29.033804853957943
678,238.5506443723249,29.17584662057287
679,243.266485583933,29.31788838718781
680,247.98232679554107,29.45993015380273
681,252.69816800714923,29.601971920417665
682,257.4140092187573,29.74401368703259
683,262.16684307084387,29.890273073666386
684,266.8833497977232,30.03233488569009
685,271.5998565246025,30.174396697713807
686,276.3163632514818,30.31645850973751
687,277.92459309436447,29.982483065198988
688,279.5328229372472,29.648507620660457
689,281.1410527801298,29.31453217612193
690,282.74928262301256,28.980556731583405
691,284.3575124658952,28.64658128704488
692,285.96574230877786,28.31260584250635
693,287.5739721516605,27.978630397967827
694,289.14139739429,27.640754197827007
695,290.70838036117385,27.302973335214453
696,282.18006771053746,26.33797315089105
697,273.65416078984487,25.373245181006112
698,265.05590018327933,24.40190680953053
699,256.53721454750496,23.437995724086083
700,247.95103564886568,22.468022873514627
701,239.4058318072968,21.501898154669675
702,230.89795774647885,20.53921009389672
703,222.36116586876932,19.57403665634094
704,213.82918074324328,18.6094066722973
705,200.2574625283999,17.338373714399225
706,186.57152151433357,16.05747588607595
707,172.92143556587249,14.77973637679481
708,159.30141733755923,13.50461361922247
709,145.68522818381112,12.229849344292116
710,132.0728664901203,10.955443400851555
711,118.43104479555768,9.678675380559644
712,104.84488741673968,8.406524714890171
713,99.5996304364886,7.996795858355981
714,94.39854346919218,7.5906085794295235
715,89.1974565018958,7.184421300503068
716,83.98457560458891,6.777282289756677
717,78.77315838295166,6.370257595733788
718,73.57353177981851,5.964184366303029
719,68.3643074920732,5.557330941597582
720,63.16541076353338,5.151314712900882
721,57.96651403499355,4.745298484204181
722,55.05129156037152,4.619381533746129
723,52.144204736842106,4.494130590092879
724,49.23711791331269,4.368879646439628
725,46.33003108978328,4.243628702786378
726,43.42294426625387,4.118377759133127
727,40.51017180457645,3.992566455275627
728,37.60349293597596,3.867333088235294
729,34.696814067375485,3.7420997211949607
730,31.79013519877499,3.616866354154628
731,30.478490769097423,3.592009262683462
732,29.16684633941985,3.5671521712122964
733,27.855201909742284,3.5422950797411303
734,26.536109792780756,3.516451052807487
735,25.224833389037435,3.491600935828878
736,23.91355698529412,3.466750818850268
737,22.602280581550804,3.441900701871658
738,21.291004177807487,3.417050584893049
739,19.97412336234634,3.391248939031433
740,18.54845471307545,3.3215976306100985
741,17.122786063804554,3.2519463221887634
742,15.69711741453366,3.1822950137674284
743,14.271448765262765,3.112643705346094
744,12.845780115991875,3.0429923969247583
745,11.42011146672098,2.973341088503424
746,9.994442817450086,2.903689780082089
747,8.568774168179193,2.834038471660754
748,8.092284952149162,2.8294276497401203
749,7.615795736119132,2.824816827819487
750,7.139306520089101,2.820206005898853
751,6.662817304059072,2.8155951839782194
752,6.18632808802904,2.8109843620575856
753,5.709838871999009,2.8063735401369523
754,5.232615768764384,2.80136981922344
755,4.75619337214482,2.796759643891213
756,4.2797709755252535,2.7921494685589843
757,3.9931171558316216,2.841635509416219
758,3.706463336137989,2.891121550273453
759,3.4198095164443565,2.940607591130689
760,3.133155696750723,2.990093631987924
761,2.9426281220101607,2.9426281220101607
762,2.8240608596095473,2.8240608596095473
763,2.7054935972089336,2.7054935972089336
764,2.58692633480832,2.58692633480832
765,2.468359072407706,2.468359072407706
766,2.406103892666853,2.406103892666853
767,2.3438487129260004,2.3438487129260004
768,2.281593533185147,2.281593533185147
769,2.219338353444294,2.219338353444294
770,2.15708317370344,2.15708317370344
771,2.0948279939625873,2.0948279939625873
772,2.0325728142217345,2.0325728142217345
773,1.9703176344808813,1.970317634480881
774,1.9080624547400282,1.9080624547400282
775,1.8554642370743601,1.8554642370743604
776,1.8028660194086918,1.802866019408692
777,1.7502678017430242,1.750267801743024
778,1.6976695840773564,1.6976695840773561
779,1.645071366411688,1.645071366411688
780,1.5924731487460202,1.5924731487460202
781,1.5398749310803523,1.5398749310803523
782,1.4872767134146838,1.487276713414684
783,1.4588043814951663,1.4588043814951663
784,1.4303320495756493,1.430332049575649
785,1.4018597176561316,1.4018597176561316
786,1.3733873857366137,1.3733873857366135
787,1.344726505512902,1.3447265055129018
788,1.3162581652283092,1.316258165228309
789,1.2877898249437165,1.2877898249437165
790,1.2593214846591243,1.259321484659124
791,1.2308531443745312,1.230853144374531
792,1.1922063414246957,1.1922063414246957
793,1.1535595384748603,1.1535595384748603
794,1.1149127355250248,1.114912735525025
795,1.076265932575189,1.0762659325751893
796,1.0376191296253534,1.0376191296253534
797,0.9989723266755182,0.9989723266755179
798,0.9603255237256827,0.9603255237256825
799,0.9215495255528621,0.9215495255528618
800,0.882908139872854,0.8829081398728542
801,0.8298753153910843,0.8298753153910843
802,0.7768424909093157,0.7768424909093157
803,0.7238096664275466,0.7238096664275462
804,0.6707768419457774,0.6707768419457776
805,0.6177440174640083,0.6177440174640085
806,0.5647111929822393,0.564711192982239
807,0.5113775581721336,0.5113775581721334
808,0.4583759111298007,0.4583759111298007
809,0.40537426408746846,0.40537426408746846
810,0.379203637510513,0.3792036375105132
811,0.35303301093355777,0.35303301093355755
812,0.32686238435660275,0.3268623843566023
813,0.30069175777964663,0.3006917577796471
814,0.2745211312026914,0.2745211312026914
815,0.24835050462573616,0.24835050462573616
816,0.22217987804878092,0.22217987804878092
817,0.19600925147182524,0.19600925147182524
818,0.16983862489486956,0.16983862489486956
819,0.19531723086627384,0.19531723086627428
820,0.22079583683767945,0.220795836837679
821,0.24627444280908328,0.24627444280908284
822,0.271753048780488,0.271753048780488
823,0.2972316547518923,0.2972316547518927
824,0.322710260723297,0.32271026072329656
825,0.3481888666947013,0.3481888666947013
826,0.373667472666106,0.37366747266610556
827,0.3591859989720585,0.3591859989720585
828,0.344704525278011,0.344704525278011
829,0.3302230515839639,0.3302230515839639
830,0.3157415778899164,0.31574157788991686
831,0.3012601041958698,0.3012601041958698
832,0.2867786305018223,0.2867786305018223
833,0.2722971568077748,0.2722971568077748
834,0.2578156831137277,0.2578156831137277
835,0.24333420941968065,0.24333420941968065
836,0.2429655522848333,0.24296555228483285
837,0.24256289418360222,0.24256289418360222
838,0.2421942887175894,0.24219428871758986
839,0.24182568325157705,0.2418256832515766
840,0.24145707778556424,0.24145707778556424
841,0.24108847231955144,0.24108847231955188
842,0.24071986685353908,0.24071986685353908
843,0.24035126138752627,0.24035126138752583
844,0.23998265592151347,0.2399826559215139
845,0.21331791637467878,0.21331791637467923
846,0.1866531768278441,0.1866531768278441
847,0.15998843728100876,0.15998843728100898
848,0.1333236977341743,0.1333236977341743
849,0.10665895818733961,0.10665895818733961
850,0.0799942186405046,0.0799942186405046
851,0.05332200579222712,0.053322005792227234
852,0.026661002896113672,0.026661002896113617
853,0.0,0.0
854,0.0,0.0
855,0.0,0.0
856,0.0,0.0
857,0.0,0.0
858,0.0,0.0
859,0.0,0.0
860,0.0,0.0
861,0.0,0.0
862,0.0,0.0
863,0.0,0.0
864,0.0,0.0
865,0.0,0.0
866,0.0,0.0
867,0.0,0.0
868,0.0,0.0
869,0.0,0.0
870,0.0,0.0
871,0.0,0.0
872,0.0,0.0
873,0.0,0.0
874,0.0,0.0
875,0.0,0.0
876,0.0,0.0
877,0.0,0.0
878,0.0,0.0
879,0.0,0.0
880,0.0,0.0
881,0.0,0.0
882,0.0,0.0
883,0.0,0.0
884,0.0,0.0
885,0.0,0.0
886,0.0,0.0
887,0.0,0.0
888,0.0,0.0
889,0.0,0.0
890,0.0,0.0
891,0.0,0.0
892,0.0,0.0
893,0.0,0.0
894,0.0,0.0
895,0.0,0.0
896,0.0,0.0
897,0.0,0.0
898,0.0,0.0
899,0.0,0.0
900,0.0,0.0
901,0.0,0.0
902,0.0,0.0
903,0.0,0.0
904,0.0,0.0
905,0.0,0.0
906,0.0,0.0
907,0.0,0.0
908,0.0,0.0
909,0.0,0.0
910,0.0,0.0
911,0.0,0.0
912,0.0,0.0
913,0.0,0.0
914,0.0,0.0
915,0.0,0.0
916,0.0,0.0
917,0.0,0.0
918,0.0,0.0
919,0.0,0.0
920,0.0,0.0
921,0.0,0.0
922,0.0,0.0
923,0.0,0.0
924,0.0,0.0
925,0.0,0.0
926,0.0,0.0
927,0.0,0.0
928,0.0,0.0
929,0.0,0.0
930,0.0,0.0
931,0.0,0.0
932,0.0,0.0
933,0.0,0.0
934,0.0,0.0
935,0.0,0.0
936,0.0,0.0
937,0.0,0.0
938,0.0,0.0
939,0.0,0.0
940,0.0,0.0
941,0.0,0.0
942,0.0,0.0
943,0.0,0.0
944,0.0,0.0
945,0.0,0.0
946,0.0,0.0
947,0.0,0.0
948,0.0,0.0
949,0.0,0.0
950,0.0,0.0
951,0.0,0.0
952,0.0,0.0
953,0.0,0.0
954,0.0,0.0
955,0.0,0.0
956,0.0,0.0
957,0.0,0.0
958,0.0,0.0
959,0.0,0.0
960,0.0,0.0
961,0.0,0.0
962,0.0,0.0
963,0.0,0.0
964,0.0,0.0
965,0.0,0.0
966,0.0,0.0
967,0.0,0.0
968,0.0,0.0
969,0.0,0.0
970,0.0,0.0
971,0.0,0.0
972,0.0,0.0
973,0.0,0.0
974,0.0,0.0
975,0.0,0.0
976,0.0,0.0
977,0.0,0.0
978,0.0,0.0
979,0.0,0.0
980,0.0,0.0
981,0.0,0.0
982,0.0,0.0
983,0.0,0.0
984,0.0,0.0
985,0.0,0.0
986,0.0,0.0
987,0.0,0.0
988,0.0,0.0
989,0.0,0.0
990,0.0,0.0
991,0.0,0.0
992,0.0,0.0
993,0.0,0.0
994,0.0,0.0
995,0.0,0.0
996,0.0,0.0
997,0.0,0.0
998,0.0,0.0
999,0.0,0.0
1000,0.0,0.0
1001,0.0,0.0
1002,0.0,0.0
1003,0.0,0.0
1004,0.0,0.0
1005,0.0,0.0
1006,0.0,0.0
1007,0.0,0.0
1008,0.0,0.0
1009,0.0,0.0
1010,0.0,0.0
1011,0.0,0.0
1012,0.0,0.0
1013,0.0,0.0
1014,0.0,0.0
1015,0.0,0.0
1016,0.0,0.0
1017,0.0,0.0
1018,0.0,0.0
1019,0.0,0.0
1020,0.0,0.0
1021,0.0,0.0
1022,0.0,0.0
1023,0.0,0.0
1024,0.0,0.0
1025,0.0,0.0
1026,0.0,0.0
1027,0.0,0.0
1028,0.0,0.0
1029,0.0,0.0
1030,0.0,0.0
1031,0.0,0.0
1032,0.0,0.0
1033,0.0,0.0
1034,0.0,0.0
1035,0.0,0.0
1036,0.0,0.0
1037,0.0,0.0
1038,0.0,0.0
1039,0.0,0.0
1040,0.0,0.0
1041,0.0,0.0
1042,0.0,0.0
1043,0.0,0.0
1044,0.0,0.0
1045,0.0,0.0
1046,0.0,0.0
1047,0.0,0.0
1048,0.0,0.0
1049,0.0,0.0
1050,0.0,0.0
1051,0.0,0.0
1052,0.0,0.0
1053,0.0,0.0
1054,0.0,0.0
1055,0.0,0.0
1056,0.0,0.0
1057,0.0,0.0
1058,0.0,0.0
1059,0.0,0.0
1060,0.0,0.0
1061,0.0,0.0
1062,0.0,0.0
1063,0.0,0.0
1064,0.0,0.0
1065,0.0,0.0
1066,0.0,0.0
1067,0.0,0.0
1068,0.0,0.0
1069,0.0,0.0
1070,0.0,0.0
1071,0.0,0.0
1072,0.0,0.0
1073,0.0,0.0
1074,0.0,0.0
1075,0.0,0.0
1076,0.0,0.0
1077,0.0,0.0
1078,0.0,0.0
1079,0.0,0.0
1080,0.0,0.0
