Tempo,T02,T03,T04,T05,T06,T07,T08,T09,T10,T11,T12,T13
0,24.8,20.8,19.0,22.1,21.9,21.9,22.4,20.5,19.6,21.2,20.4,28.6
1,24.9,20.8,18.9,22.1,22.1,22.1,22.4,20.5,19.6,21.1,20.4,32.8
2,24.9,20.8,18.9,22.1,22.1,22.1,22.4,20.5,19.6,21.1,20.4,32.8
3,24.9,20.8,18.9,22.1,22.1,22.1,22.4,20.5,19.6,21.1,20.4,32.8
4,24.9,20.8,18.9,22.1,22.1,22.1,22.4,20.5,19.6,21.1,20.4,32.8
5,24.9,20.8,18.9,22.1,22.1,21.8,22.4,20.5,19.6,21.2,20.4,41.9
6,24.9,20.8,18.9,22.1,22.1,21.8,22.4,20.5,19.6,21.2,20.4,41.9
7,24.9,20.8,18.9,22.1,22.1,21.8,22.4,20.5,19.6,21.2,20.4,41.9
8,24.9,20.9,18.9,22.1,21.9,22.2,22.5,20.5,19.6,21.1,20.3,67.5
9,24.9,20.9,18.9,22.1,21.9,22.2,22.5,20.5,19.6,21.1,20.3,67.5
10,24.9,20.9,18.9,22.1,21.9,22.2,22.5,20.5,19.6,21.1,20.3,67.5
11,24.9,20.9,18.9,22.1,21.9,22.2,22.5,20.5,19.6,21.1,20.3,67.5
12,25.0,21.0,19.0,22.2,22.1,22.1,22.4,20.5,19.6,21.1,20.3,120.5
13,25.0,21.0,19.0,22.2,22.1,22.1,22.4,20.5,19.6,21.1,20.3,120.5
14,25.0,21.0,19.0,22.2,22.1,22.1,22.4,20.5,19.6,21.1,20.3,120.5
15,25.0,21.0,19.0,22.2,22.1,22.1,22.4,20.5,19.6,21.1,20.3,120.5
16,25.0,21.0,18.9,22.1,21.9,21.8,22.4,20.5,19.5,21.0,20.3,209.4
17,25.0,21.0,18.9,22.1,21.9,21.8,22.4,20.5,19.5,21.0,20.3,209.4
18,25.0,21.0,18.9,22.1,21.9,21.8,22.4,20.5,19.5,21.0,20.3,209.4
19,25.0,21.0,18.9,22.1,21.9,21.8,22.4,20.5,19.5,21.0,20.3,209.4
20,25.1,21.1,19.0,22.2,22.1,22.1,22.5,20.5,19.5,21.0,20.3,322.0
21,25.1,21.1,19.0,22.2,22.1,22.1,22.5,20.5,19.5,21.0,20.3,322.0
22,25.1,21.1,19.0,22.2,22.1,22.1,22.5,20.5,19.5,21.0,20.3,322.0
23,25.2,21.1,19.0,22.1,22.1,22.1,22.4,20.5,19.5,21.1,20.3,528.6
24,25.2,21.1,19.0,22.1,22.1,22.1,22.4,20.5,19.5,21.1,20.3,528.6
25,25.2,21.1,19.0,22.1,22.1,22.1,22.4,20.5,19.5,21.1,20.3,528.6
26,25.2,21.1,19.0,22.1,22.1,22.1,22.4,20.5,19.5,21.1,20.3,528.6
27,25.2,21.1,18.9,22.1,21.9,21.9,22.4,20.5,19.5,21.0,20.3,696.6
28,25.2,21.1,18.9,22.1,21.9,21.9,22.4,20.5,19.5,21.0,20.3,696.6
29,25.2,21.1,18.9,22.1,21.9,21.9,22.4,20.5,19.5,21.0,20.3,696.6
30,25.2,21.1,18.9,22.1,21.9,21.9,22.4,20.5,19.5,21.0,20.3,696.6
31,25.3,21.2,18.9,22.2,22.1,21.9,22.2,20.5,19.5,21.0,20.3,803.3
32,25.3,21.2,18.9,22.2,22.1,21.9,22.2,20.5,19.5,21.0,20.3,803.3
33,25.3,21.2,18.9,22.2,22.1,21.9,22.2,20.5,19.5,21.0,20.3,803.3
34,25.3,21.2,18.9,22.2,21.9,22.1,22.3,20.4,19.5,21.0,20.3,864.4
35,25.3,21.2,18.9,22.2,21.9,22.1,22.3,20.4,19.5,21.0,20.3,864.4
36,25.3,21.2,18.9,22.2,21.9,22.1,22.3,20.4,19.5,21.0,20.3,864.4
37,25.3,21.2,18.9,22.2,21.9,22.1,22.3,20.4,19.5,21.0,20.3,864.4
38,25.3,21.1,18.8,21.9,21.9,21.9,22.2,20.5,19.5,21.0,20.2,901.2
39,25.3,21.1,18.8,21.9,21.9,21.9,22.2,20.5,19.5,21.0,20.2,901.2
40,25.3,21.1,18.8,21.9,21.9,21.9,22.2,20.5,19.5,21.0,20.2,901.2
41,25.3,21.1,18.8,21.9,21.9,21.9,22.2,20.5,19.5,21.0,20.2,901.2
42,25.3,21.2,18.8,22.1,21.9,21.9,22.3,20.4,19.5,21.0,20.2,919.0
43,25.3,21.2,18.8,22.1,21.9,21.9,22.3,20.4,19.5,21.0,20.2,919.0
44,25.3,21.2,18.8,22.1,21.9,21.9,22.3,20.4,19.5,21.0,20.2,919.0
45,25.6,21.2,18.9,22.1,21.9,22.1,22.4,20.5,19.5,21.0,20.2,930.4
46,25.6,21.2,18.9,22.1,21.9,22.1,22.4,20.5,19.5,21.0,20.2,930.4
47,25.6,21.2,18.9,22.1,21.9,22.1,22.4,20.5,19.5,21.0,20.2,930.4
48,25.6,21.2,18.9,22.1,21.9,22.1,22.4,20.5,19.5,21.0,20.2,930.4
49,25.6,21.4,18.9,22.1,21.9,21.9,22.3,20.4,19.5,20.9,20.2,951.0
50,25.6,21.4,18.9,22.1,21.9,21.9,22.3,20.4,19.5,20.9,20.2,951.0
51,25.6,21.4,18.9,22.1,21.9,21.9,22.3,20.4,19.5,20.9,20.2,951.0
52,25.6,21.4,18.9,22.1,21.9,21.9,22.3,20.4,19.5,20.9,20.2,951.0
53,25.3,21.2,18.8,22.1,21.9,21.8,22.2,20.4,19.5,20.9,20.2,969.6
54,25.3,21.2,18.8,22.1,21.9,21.8,22.2,20.4,19.5,20.9,20.2,969.6
55,25.3,21.2,18.8,22.1,21.9,21.8,22.2,20.4,19.5,20.9,20.2,969.6
56,25.6,21.4,18.9,22.1,21.9,21.9,22.3,20.4,19.5,20.9,20.1,967.5
57,25.6,21.4,18.9,22.1,21.9,21.9,22.3,20.4,19.5,20.9,20.1,967.5
58,25.6,21.4,18.9,22.1,21.9,21.9,22.3,20.4,19.5,20.9,20.1,967.5
59,25.6,21.4,18.9,22.1,21.9,21.9,22.3,20.4,19.5,20.9,20.1,967.5
60,25.6,21.4,18.8,21.9,21.9,21.8,22.3,20.4,19.5,20.9,20.2,978.0
61,25.6,21.4,18.8,21.9,21.9,21.8,22.3,20.4,19.5,20.9,20.2,978.0
62,25.6,21.4,18.8,21.9,21.9,21.8,22.3,20.4,19.5,20.9,20.2,978.0
63,25.6,21.4,18.8,21.9,21.9,21.8,22.3,20.4,19.5,20.9,20.2,978.0
64,25.7,21.5,18.8,21.9,21.9,21.8,22.2,20.4,19.3,20.9,20.1,994.7
65,25.7,21.5,18.8,21.9,21.9,21.8,22.2,20.4,19.3,20.9,20.1,994.7
66,25.7,21.5,18.8,21.9,21.9,21.8,22.2,20.4,19.3,20.9,20.1,994.7
67,25.7,21.5,18.8,21.9,21.9,21.8,22.2,20.4,19.3,20.9,20.1,994.7
68,25.6,21.5,18.8,22.1,21.9,21.8,22.2,20.4,19.5,20.9,20.3,979.0
69,25.6,21.5,18.8,22.1,21.9,21.8,22.2,20.4,19.5,20.9,20.3,979.0
70,25.6,21.5,18.8,22.1,21.9,21.8,22.2,20.4,19.5,20.9,20.3,979.0
71,25.7,21.5,18.8,22.1,21.8,21.8,22.2,20.3,19.3,20.9,20.2,955.6
72,25.7,21.5,18.8,22.1,21.8,21.8,22.2,20.3,19.3,20.9,20.2,955.6
73,25.7,21.5,18.8,22.1,21.8,21.8,22.2,20.3,19.3,20.9,20.2,955.6
74,25.7,21.5,18.8,22.1,21.8,21.8,22.2,20.3,19.3,20.9,20.2,955.6
75,25.8,21.7,18.8,22.2,21.9,21.9,22.3,20.4,19.3,20.8,20.3,940.3
76,25.8,21.7,18.8,22.2,21.9,21.9,22.3,20.4,19.3,20.8,20.3,940.3
77,25.8,21.7,18.8,22.2,21.9,21.9,22.3,20.4,19.3,20.8,20.3,940.3
78,25.8,21.7,18.8,22.2,21.9,21.9,22.3,20.4,19.3,20.8,20.3,940.3
79,25.8,21.6,18.8,21.9,21.9,21.7,22.2,20.4,19.3,20.9,20.3,945.5
80,25.8,21.6,18.8,21.9,21.9,21.7,22.2,20.4,19.3,20.9,20.3,945.5
81,25.8,21.6,18.8,21.9,21.9,21.7,22.2,20.4,19.3,20.9,20.3,945.5
82,25.8,21.6,18.8,22.1,21.8,21.8,22.2,20.3,19.3,20.8,20.5,959.9
83,25.8,21.6,18.8,22.1,21.8,21.8,22.2,20.3,19.3,20.8,20.5,959.9
84,25.8,21.6,18.8,22.1,21.8,21.8,22.2,20.3,19.3,20.8,20.5,959.9
85,25.8,21.6,18.8,22.1,21.8,21.8,22.2,20.3,19.3,20.8,20.5,959.9
86,25.8,21.7,18.8,22.2,21.9,21.9,22.3,20.3,19.3,20.8,21.5,960.5
87,25.8,21.7,18.8,22.2,21.9,21.9,22.3,20.3,19.3,20.8,21.5,960.5
88,25.8,21.7,18.8,22.2,21.9,21.9,22.3,20.3,19.3,20.8,21.5,960.5
89,25.8,21.7,18.8,22.2,21.9,21.9,22.3,20.3,19.3,20.8,21.5,960.5
90,25.8,21.7,18.8,22.2,21.8,21.8,22.3,20.4,19.5,20.9,25.1,952.7
91,25.8,21.7,18.8,22.2,21.8,21.8,22.3,20.4,19.5,20.9,25.1,952.7
92,25.8,21.7,18.8,22.2,21.8,21.8,22.3,20.4,19.5,20.9,25.1,952.7
93,25.8,21.7,18.8,21.9,21.8,21.7,22.2,20.3,19.3,20.8,45.2,939.4
94,25.8,21.7,18.8,21.9,21.8,21.7,22.2,20.3,19.3,20.8,45.2,939.4
95,25.8,21.7,18.8,21.9,21.8,21.7,22.2,20.3,19.3,20.8,45.2,939.4
96,25.8,21.7,18.8,21.9,21.8,21.7,22.2,20.3,19.3,20.8,45.2,939.4
97,25.8,21.7,18.8,22.1,21.7,21.7,22.2,20.3,19.3,20.8,102.3,916.2
98,25.8,21.7,18.8,22.1,21.7,21.7,22.2,20.3,19.3,20.8,102.3,916.2
99,25.8,21.7,18.8,22.1,21.7,21.7,22.2,20.3,19.3,20.8,102.3,916.2
100,25.8,21.7,18.8,22.1,21.7,21.7,22.2,20.3,19.3,20.8,102.3,916.2
101,25.8,21.9,18.8,22.1,21.8,21.8,22.2,20.3,19.3,20.8,186.8,896.4
102,25.8,21.9,18.8,22.1,21.8,21.8,22.2,20.3,19.3,20.8,186.8,896.4
103,25.8,21.9,18.8,22.1,21.8,21.8,22.2,20.3,19.3,20.8,186.8,896.4
104,25.9,21.9,18.8,22.1,21.8,21.8,22.2,20.3,19.3,20.8,291.0,888.0
105,25.9,21.9,18.8,22.1,21.8,21.8,22.2,20.3,19.3,20.8,291.0,888.0
106,25.9,21.9,18.8,22.1,21.8,21.8,22.2,20.3,19.3,20.8,291.0,888.0
107,25.9,21.9,18.8,22.1,21.8,21.8,22.2,20.3,19.3,20.8,291.0,888.0
108,25.8,21.9,18.6,21.9,21.8,21.7,22.2,20.3,19.3,20.8,393.6,878.1
109,25.8,21.9,18.6,21.9,21.8,21.7,22.2,20.3,19.3,20.8,393.6,878.1
110,25.8,21.9,18.6,21.9,21.8,21.7,22.2,20.3,19.3,20.8,393.6,878.1
111,25.8,21.9,18.6,21.9,21.8,21.7,22.2,20.3,19.3,20.8,393.6,878.1
112,25.9,21.9,18.6,21.9,21.7,21.7,22.1,20.4,19.3,20.8,500.6,851.0
113,25.9,21.9,18.6,21.9,21.7,21.7,22.1,20.4,19.3,20.8,500.6,851.0
114,25.9,21.9,18.6,21.9,21.7,21.7,22.1,20.4,19.3,20.8,500.6,851.0
115,25.9,21.9,18.6,21.9,21.7,21.7,22.2,20.3,19.3,20.8,579.9,848.8
116,25.9,21.9,18.6,21.9,21.7,21.7,22.2,20.3,19.3,20.8,579.9,848.8
117,25.9,21.9,18.6,21.9,21.7,21.7,22.2,20.3,19.3,20.8,579.9,848.8
118,25.9,21.9,18.6,21.9,21.7,21.7,22.2,20.3,19.3,20.8,579.9,848.8
119,25.9,21.9,18.6,21.9,21.7,21.6,22.1,20.3,19.3,20.7,646.8,837.2
120,25.9,21.9,18.6,21.9,21.7,21.6,22.1,20.3,19.3,20.7,646.8,837.2
121,25.9,21.9,18.6,21.9,21.7,21.6,22.1,20.3,19.3,20.7,646.8,837.2
122,25.9,21.9,18.6,21.9,21.7,21.6,22.1,20.3,19.3,20.7,646.8,837.2
123,26.0,22.1,18.8,22.1,21.8,21.7,22.2,20.3,19.3,20.8,716.2,812.1
124,26.0,22.1,18.8,22.1,21.8,21.7,22.2,20.3,19.3,20.8,716.2,812.1
125,26.0,22.1,18.8,22.1,21.8,21.7,22.2,20.3,19.3,20.8,716.2,812.1
126,26.0,22.1,18.8,22.1,21.8,21.7,22.2,20.3,19.3,20.8,716.2,812.1
127,26.0,22.2,18.8,22.1,21.8,21.8,22.2,20.3,19.3,20.7,769.9,787.7
128,26.0,22.2,18.8,22.1,21.8,21.8,22.2,20.3,19.3,20.7,769.9,787.7
129,26.0,22.2,18.8,22.1,21.8,21.8,22.2,20.3,19.3,20.7,769.9,787.7
130,26.0,22.2,18.8,22.1,21.8,21.8,22.2,20.3,19.3,20.7,769.9,787.7
131,25.9,22.1,18.6,21.9,21.7,21.7,22.2,20.3,19.3,20.8,813.3,773.1
132,25.9,22.1,18.6,21.9,21.7,21.7,22.2,20.3,19.3,20.8,813.3,773.1
133,25.9,22.1,18.6,21.9,21.7,21.7,22.2,20.3,19.3,20.8,813.3,773.1
134,25.9,22.1,18.6,21.9,21.7,21.7,22.2,20.3,19.3,20.8,813.3,773.1
135,26.0,22.3,18.8,22.2,21.8,21.7,22.1,20.2,19.1,20.7,842.6,759.1
136,26.0,22.3,18.8,22.2,21.8,21.7,22.1,20.2,19.1,20.7,842.6,759.1
137,26.0,22.3,18.8,22.2,21.8,21.7,22.1,20.2,19.1,20.7,842.6,759.1
138,26.0,22.3,18.8,22.2,21.8,21.7,22.1,20.2,19.1,20.7,842.6,759.1
139,26.0,22.3,18.8,22.1,21.8,21.7,22.2,20.2,19.1,20.7,866.6,740.8
140,26.0,22.3,18.8,22.1,21.8,21.7,22.2,20.2,19.1,20.7,866.6,740.8
141,26.0,22.3,18.8,22.1,21.8,21.7,22.2,20.2,19.1,20.7,866.6,740.8
142,26.0,22.3,18.8,22.1,21.8,21.7,22.2,20.2,19.1,20.7,866.6,740.8
143,25.9,22.2,18.6,21.9,21.7,21.7,21.9,20.3,19.3,20.8,886.2,736.5
144,25.9,22.2,18.6,21.9,21.7,21.7,21.9,20.3,19.3,20.8,886.2,736.5
145,25.9,22.2,18.6,21.9,21.7,21.7,21.9,20.3,19.3,20.8,886.2,736.5
146,26.0,22.4,18.6,22.1,21.7,21.7,22.1,20.2,19.1,20.7,906.2,789.3
147,26.0,22.4,18.6,22.1,21.7,21.7,22.1,20.2,19.1,20.7,906.2,789.3
148,26.0,22.4,18.6,22.1,21.7,21.7,22.1,20.2,19.1,20.7,906.2,789.3
149,26.0,22.4,18.6,22.1,21.7,21.7,22.1,20.2,19.1,20.7,906.2,789.3
150,25.9,22.3,18.4,21.9,21.6,21.6,21.9,20.2,19.1,20.5,920.8,828.1
151,25.9,22.3,18.4,21.9,21.6,21.6,21.9,20.2,19.1,20.5,920.8,828.1
152,25.9,22.3,18.4,21.9,21.6,21.6,21.9,20.2,19.1,20.5,920.8,828.1
153,25.9,22.3,18.3,21.9,21.5,21.6,21.8,20.3,19.3,20.7,935.2,843.3
154,25.9,22.3,18.3,21.9,21.5,21.6,21.8,20.3,19.3,20.7,935.2,843.3
155,25.9,22.3,18.3,21.9,21.5,21.6,21.8,20.3,19.3,20.7,935.2,843.3
156,25.9,22.3,18.3,21.9,21.5,21.6,21.8,20.3,19.3,20.7,935.2,843.3
157,26.0,22.4,18.6,21.9,21.6,21.7,21.8,20.1,19.0,20.5,954.8,847.0
158,26.0,22.4,18.6,21.9,21.6,21.7,21.8,20.1,19.0,20.5,954.8,847.0
159,26.0,22.4,18.6,21.9,21.6,21.7,21.8,20.1,19.0,20.5,954.8,847.0
160,26.0,22.4,18.4,21.9,21.6,21.6,21.8,20.0,19.0,20.5,978.4,844.7
161,26.0,22.4,18.4,21.9,21.6,21.6,21.8,20.0,19.0,20.5,978.4,844.7
162,26.0,22.4,18.4,21.9,21.6,21.6,21.8,20.0,19.0,20.5,978.4,844.7
163,26.0,22.4,18.4,21.9,21.6,21.6,21.8,20.0,19.0,20.5,978.4,844.7
164,25.9,22.4,18.3,21.7,21.5,21.5,21.7,20.0,19.0,20.5,986.7,843.0
165,25.9,22.4,18.3,21.7,21.5,21.5,21.7,20.0,19.0,20.5,986.7,843.0
166,25.9,22.4,18.3,21.7,21.5,21.5,21.7,20.0,19.0,20.5,986.7,843.0
167,25.9,22.4,18.3,21.7,21.5,21.5,21.7,20.0,19.0,20.5,986.7,843.0
168,26.0,22.3,18.4,21.9,21.5,21.5,21.8,20.1,19.1,20.5,976.9,838.0
169,26.0,22.3,18.4,21.9,21.5,21.5,21.8,20.1,19.1,20.5,976.9,838.0
170,26.0,22.3,18.4,21.9,21.5,21.5,21.8,20.1,19.1,20.5,976.9,838.0
171,26.0,22.4,18.3,21.7,21.5,21.4,21.7,20.0,19.0,20.5,960.7,828.2
172,26.0,22.4,18.3,21.7,21.5,21.4,21.7,20.0,19.0,20.5,960.7,828.2
173,26.0,22.4,18.3,21.7,21.5,21.4,21.7,20.0,19.0,20.5,960.7,828.2
174,26.0,22.4,18.3,21.7,21.5,21.4,21.7,20.0,19.0,20.5,960.7,828.2
175,25.9,22.3,18.3,21.7,21.2,21.2,21.7,20.0,19.0,20.4,953.6,815.4
176,25.9,22.3,18.3,21.7,21.2,21.2,21.7,20.0,19.0,20.4,953.6,815.4
177,25.9,22.3,18.3,21.7,21.2,21.2,21.7,20.0,19.0,20.4,953.6,815.4
178,25.9,22.3,18.3,21.7,21.2,21.2,21.7,20.0,19.0,20.4,953.6,815.4
179,25.9,22.4,18.2,21.7,21.5,21.4,21.7,20.0,18.9,20.5,924.9,821.5
180,25.9,22.4,18.2,21.7,21.5,21.4,21.7,20.0,18.9,20.5,924.9,821.5
181,25.9,22.4,18.2,21.7,21.5,21.4,21.7,20.0,18.9,20.5,924.9,821.5
182,26.0,22.4,18.3,21.7,21.2,21.2,21.7,19.8,18.9,20.4,903.3,810.9
183,26.0,22.4,18.3,21.7,21.2,21.2,21.7,19.8,18.9,20.4,903.3,810.9
184,26.0,22.4,18.3,21.7,21.2,21.2,21.7,19.8,18.9,20.4,903.3,810.9
185,26.0,22.4,18.3,21.7,21.2,21.2,21.7,19.8,18.9,20.4,903.3,810.9
186,26.0,22.4,18.2,21.7,21.2,21.2,21.5,19.8,18.8,20.4,886.7,808.1
187,26.0,22.4,18.2,21.7,21.2,21.2,21.5,19.8,18.8,20.4,886.7,808.1
188,26.0,22.4,18.2,21.7,21.2,21.2,21.5,19.8,18.8,20.4,886.7,808.1
189,26.0,22.4,18.2,21.7,21.2,21.2,21.5,19.8,18.8,20.4,886.7,808.1
190,26.0,22.5,18.2,21.7,21.2,21.2,21.5,19.8,18.8,20.4,868.2,808.8
191,26.0,22.5,18.2,21.7,21.2,21.2,21.5,19.8,18.8,20.4,868.2,808.8
192,26.0,22.5,18.2,21.7,21.2,21.2,21.5,19.8,18.8,20.4,868.2,808.8
193,26.0,22.5,18.2,21.7,21.2,21.2,21.5,19.8,18.8,20.5,852.6,800.4
194,26.0,22.5,18.2,21.7,21.2,21.2,21.5,19.8,18.8,20.5,852.6,800.4
195,26.0,22.5,18.2,21.7,21.2,21.2,21.5,19.8,18.8,20.5,852.6,800.4
196,26.0,22.5,18.2,21.7,21.2,21.2,21.5,19.8,18.8,20.5,852.6,800.4
197,26.0,22.6,18.3,21.7,21.2,21.2,21.5,19.8,18.8,21.0,840.3,794.0
198,26.0,22.6,18.3,21.7,21.2,21.2,21.5,19.8,18.8,21.0,840.3,794.0
199,26.0,22.6,18.3,21.7,21.2,21.2,21.5,19.8,18.8,21.0,840.3,794.0
200,26.0,22.6,18.3,21.7,21.2,21.2,21.5,19.8,18.8,21.0,840.3,794.0
201,26.0,22.8,18.3,21.9,21.2,21.4,21.7,19.8,18.8,22.4,830.5,791.5
202,26.0,22.8,18.3,21.9,21.2,21.4,21.7,19.8,18.8,22.4,830.5,791.5
203,26.0,22.8,18.3,21.9,21.2,21.4,21.7,19.8,18.8,22.4,830.5,791.5
204,26.0,22.8,18.2,21.9,21.2,21.2,21.5,19.8,18.8,24.8,821.9,788.5
205,26.0,22.8,18.2,21.9,21.2,21.2,21.5,19.8,18.8,24.8,821.9,788.5
206,26.0,22.8,18.2,21.9,21.2,21.2,21.5,19.8,18.8,24.8,821.9,788.5
207,26.0,22.8,18.2,21.9,21.2,21.2,21.5,19.8,18.8,24.8,821.9,788.5
208,26.0,22.8,18.2,21.9,21.2,21.2,21.7,19.8,18.8,31.2,815.5,794.7
209,26.0,22.8,18.2,21.9,21.2,21.2,21.7,19.8,18.8,31.2,815.5,794.7
210,26.0,22.8,18.2,21.9,21.2,21.2,21.7,19.8,18.8,31.2,815.5,794.7
211,26.0,22.8,18.2,21.9,21.2,21.2,21.7,19.8,18.8,31.2,815.5,794.7
212,26.2,22.9,18.3,21.9,21.2,21.2,21.5,19.6,18.8,60.8,819.9,801.5
213,26.2,22.9,18.3,21.9,21.2,21.2,21.5,19.6,18.8,60.8,819.9,801.5
214,26.2,22.9,18.3,21.9,21.2,21.2,21.5,19.6,18.8,60.8,819.9,801.5
215,26.2,22.9,18.2,21.9,21.2,21.2,21.5,19.8,18.8,112.0,833.3,791.2
216,26.2,22.9,18.2,21.9,21.2,21.2,21.5,19.8,18.8,112.0,833.3,791.2
217,26.2,22.9,18.2,21.9,21.2,21.2,21.5,19.8,18.8,112.0,833.3,791.2
218,26.2,22.9,18.2,21.9,21.2,21.2,21.5,19.8,18.8,112.0,833.3,791.2
219,26.2,22.9,18.3,21.9,21.2,21.2,21.5,19.6,18.6,162.7,842.5,767.9
220,26.2,22.9,18.3,21.9,21.2,21.2,21.5,19.6,18.6,162.7,842.5,767.9
221,26.2,22.9,18.3,21.9,21.2,21.2,21.5,19.6,18.6,162.7,842.5,767.9
222,26.2,22.9,18.3,21.9,21.2,21.2,21.5,19.6,18.6,219.7,843.3,753.9
223,26.2,22.9,18.3,21.9,21.2,21.2,21.5,19.6,18.6,219.7,843.3,753.9
224,26.2,22.9,18.3,21.9,21.2,21.2,21.5,19.6,18.6,219.7,843.3,753.9
225,26.2,22.9,18.3,21.9,21.2,21.2,21.5,19.6,18.6,219.7,843.3,753.9
226,26.0,22.9,18.2,21.9,21.1,21.2,21.5,19.8,18.8,283.4,843.9,748.6
227,26.0,22.9,18.2,21.9,21.1,21.2,21.5,19.8,18.8,283.4,843.9,748.6
228,26.0,22.9,18.2,21.9,21.1,21.2,21.5,19.8,18.8,283.4,843.9,748.6
229,26.0,22.9,18.2,21.9,21.1,21.2,21.5,19.8,18.8,283.4,843.9,748.6
230,26.2,23.0,18.3,21.9,21.2,21.2,21.5,19.6,18.8,356.2,843.7,742.2
231,26.2,23.0,18.3,21.9,21.2,21.2,21.5,19.6,18.8,356.2,843.7,742.2
232,26.2,23.0,18.3,21.9,21.2,21.2,21.5,19.6,18.8,356.2,843.7,742.2
233,26.2,23.0,18.3,21.9,21.2,21.2,21.5,19.6,18.8,356.2,843.7,742.2
234,26.0,22.9,18.1,21.9,21.1,21.0,21.5,19.6,18.8,438.3,837.4,734.2
235,26.0,22.9,18.1,21.9,21.1,21.0,21.5,19.6,18.8,438.3,837.4,734.2
236,26.0,22.9,18.1,21.9,21.1,21.0,21.5,19.6,18.8,438.3,837.4,734.2
237,26.0,23.0,18.2,21.9,21.1,21.0,21.5,19.6,18.8,492.8,852.1,727.7
238,26.0,23.0,18.2,21.9,21.1,21.0,21.5,19.6,18.8,492.8,852.1,727.7
239,26.0,23.0,18.2,21.9,21.1,21.0,21.5,19.6,18.8,492.8,852.1,727.7
240,26.0,23.0,18.2,21.9,21.1,21.0,21.5,19.6,18.8,492.8,852.1,727.7
241,26.0,23.0,18.1,21.9,21.2,21.2,21.5,19.6,18.8,545.5,842.5,725.9
242,26.0,23.0,18.1,21.9,21.2,21.2,21.5,19.6,18.8,545.5,842.5,725.9
243,26.0,23.0,18.1,21.9,21.2,21.2,21.5,19.6,18.8,545.5,842.5,725.9
244,26.0,23.0,18.2,21.9,21.0,21.0,21.4,19.6,19.1,593.6,816.2,723.2
245,26.0,23.0,18.2,21.9,21.0,21.0,21.4,19.6,19.1,593.6,816.2,723.2
246,26.0,23.0,18.2,21.9,21.0,21.0,21.4,19.6,19.1,593.6,816.2,723.2
247,26.0,23.0,18.2,21.9,21.0,21.0,21.4,19.6,19.1,593.6,816.2,723.2
248,26.0,23.0,18.1,21.9,21.1,21.0,21.5,19.6,19.6,632.8,798.7,715.8
249,26.0,23.0,18.1,21.9,21.1,21.0,21.5,19.6,19.6,632.8,798.7,715.8
250,26.0,23.0,18.1,21.9,21.1,21.0,21.5,19.6,19.6,632.8,798.7,715.8
251,26.0,23.0,18.1,21.9,21.1,21.0,21.5,19.6,19.6,632.8,798.7,715.8
252,26.2,23.1,18.1,21.9,21.1,21.0,21.5,19.6,21.5,670.6,798.1,710.4
253,26.2,23.1,18.1,21.9,21.1,21.0,21.5,19.6,21.5,670.6,798.1,710.4
254,26.2,23.1,18.1,21.9,21.1,21.0,21.5,19.6,21.5,670.6,798.1,710.4
255,26.2,23.1,18.2,21.9,21.1,21.0,21.5,19.6,27.0,699.0,791.9,700.3
256,26.2,23.1,18.2,21.9,21.1,21.0,21.5,19.6,27.0,699.0,791.9,700.3
257,26.2,23.1,18.2,21.9,21.1,21.0,21.5,19.6,27.0,699.0,791.9,700.3
258,26.2,23.1,18.2,21.9,21.1,21.0,21.5,19.6,27.0,699.0,791.9,700.3
259,26.2,23.2,18.2,21.9,21.1,21.0,21.5,19.6,41.2,723.6,782.8,695.7
260,26.2,23.2,18.2,21.9,21.1,21.0,21.5,19.6,41.2,723.6,782.8,695.7
261,26.2,23.2,18.2,21.9,21.1,21.0,21.5,19.6,41.2,723.6,782.8,695.7
262,26.2,23.2,18.2,21.9,21.0,21.0,21.4,19.6,65.0,741.6,776.3,694.3
263,26.2,23.2,18.2,21.9,21.0,21.0,21.4,19.6,65.0,741.6,776.3,694.3
264,26.2,23.2,18.2,21.9,21.0,21.0,21.4,19.6,65.0,741.6,776.3,694.3
265,26.2,23.2,18.2,21.9,21.0,21.0,21.4,19.6,65.0,741.6,776.3,694.3
266,26.2,23.2,18.1,21.9,21.1,21.0,21.2,19.6,114.2,755.3,769.2,690.4
267,26.2,23.2,18.1,21.9,21.1,21.0,21.2,19.6,114.2,755.3,769.2,690.4
268,26.2,23.2,18.1,21.9,21.1,21.0,21.2,19.6,114.2,755.3,769.2,690.4
269,26.2,23.2,18.1,21.9,21.1,21.0,21.2,19.6,114.2,755.3,769.2,690.4
270,26.2,23.3,18.2,21.9,21.1,21.0,21.4,19.6,169.5,767.7,770.7,690.4
271,26.2,23.3,18.2,21.9,21.1,21.0,21.4,19.6,169.5,767.7,770.7,690.4
272,26.2,23.3,18.2,21.9,21.1,21.0,21.4,19.6,169.5,767.7,770.7,690.4
273,26.2,23.3,18.1,21.9,21.0,21.0,21.4,19.6,228.8,783.0,758.8,687.8
274,26.2,23.3,18.1,21.9,21.0,21.0,21.4,19.6,228.8,783.0,758.8,687.8
275,26.2,23.3,18.1,21.9,21.0,21.0,21.4,19.6,228.8,783.0,758.8,687.8
276,26.2,23.3,18.1,21.9,21.0,21.0,21.4,19.6,228.8,783.0,758.8,687.8
277,26.3,23.3,18.2,22.1,21.1,21.0,21.5,19.5,282.9,789.2,730.5,675.9
278,26.3,23.3,18.2,22.1,21.1,21.0,21.5,19.5,282.9,789.2,730.5,675.9
279,26.3,23.3,18.2,22.1,21.1,21.0,21.5,19.5,282.9,789.2,730.5,675.9
280,26.3,23.3,18.2,22.1,21.1,21.0,21.5,19.5,282.9,789.2,730.5,675.9
281,26.2,23.3,18.1,21.9,21.0,21.0,21.4,19.5,335.5,785.7,712.6,660.2
282,26.2,23.3,18.1,21.9,21.0,21.0,21.4,19.5,335.5,785.7,712.6,660.2
283,26.2,23.3,18.1,21.9,21.0,21.0,21.4,19.5,335.5,785.7,712.6,660.2
284,26.2,23.5,18.1,22.1,21.0,21.0,21.4,19.5,385.0,779.1,718.7,647.2
285,26.2,23.5,18.1,22.1,21.0,21.0,21.4,19.5,385.0,779.1,718.7,647.2
286,26.2,23.5,18.1,22.1,21.0,21.0,21.4,19.5,385.0,779.1,718.7,647.2
287,26.2,23.5,18.1,22.1,21.0,21.0,21.4,19.5,385.0,779.1,718.7,647.2
288,26.3,23.6,18.3,22.2,21.0,21.0,21.5,19.6,440.6,777.7,694.6,640.5
289,26.3,23.6,18.3,22.2,21.0,21.0,21.5,19.6,440.6,777.7,694.6,640.5
290,26.3,23.6,18.3,22.2,21.0,21.0,21.5,19.6,440.6,777.7,694.6,640.5
291,26.3,23.6,18.3,22.2,21.0,21.0,21.5,19.6,440.6,777.7,694.6,640.5
292,26.3,23.6,18.3,22.2,21.1,21.0,21.5,19.5,483.9,775.7,684.0,637.0
293,26.3,23.6,18.3,22.2,21.1,21.0,21.5,19.5,483.9,775.7,684.0,637.0
294,26.3,23.6,18.3,22.2,21.1,21.0,21.5,19.5,483.9,775.7,684.0,637.0
295,26.2,23.5,18.2,22.1,21.0,21.0,21.4,19.6,531.0,766.4,685.5,636.5
296,26.2,23.5,18.2,22.1,21.0,21.0,21.4,19.6,531.0,766.4,685.5,636.5
297,26.2,23.5,18.2,22.1,21.0,21.0,21.4,19.6,531.0,766.4,685.5,636.5
298,26.2,23.5,18.2,22.1,21.0,21.0,21.4,19.6,531.0,766.4,685.5,636.5
299,26.4,23.6,18.3,22.2,21.1,21.0,21.5,19.6,582.4,756.9,668.8,634.9
300,26.4,23.6,18.3,22.2,21.1,21.0,21.5,19.6,582.4,756.9,668.8,634.9
301,26.4,23.6,18.3,22.2,21.1,21.0,21.5,19.6,582.4,756.9,668.8,634.9
302,26.4,23.6,18.3,22.2,21.1,21.0,21.5,19.6,582.4,756.9,668.8,634.9
303,26.4,23.6,18.3,22.2,21.1,21.0,21.4,19.6,629.4,752.7,669.2,636.7
304,26.4,23.6,18.3,22.2,21.1,21.0,21.4,19.6,629.4,752.7,669.2,636.7
305,26.4,23.6,18.3,22.2,21.1,21.0,21.4,19.6,629.4,752.7,669.2,636.7
306,26.3,23.6,18.2,22.2,21.0,21.0,21.4,19.6,680.2,756.8,657.0,641.3
307,26.3,23.6,18.2,22.2,21.0,21.0,21.4,19.6,680.2,756.8,657.0,641.3
308,26.3,23.6,18.2,22.2,21.0,21.0,21.4,19.6,680.2,756.8,657.0,641.3
309,26.3,23.6,18.2,22.2,21.0,21.0,21.4,19.6,680.2,756.8,657.0,641.3
310,26.4,23.7,18.3,22.3,21.0,20.9,21.2,20.1,730.4,767.6,658.1,651.2
311,26.4,23.7,18.3,22.3,21.0,20.9,21.2,20.1,730.4,767.6,658.1,651.2
312,26.4,23.7,18.3,22.3,21.0,20.9,21.2,20.1,730.4,767.6,658.1,651.2
313,26.3,23.6,18.2,22.2,21.0,20.9,21.2,21.6,776.6,781.2,692.7,665.7
314,26.3,23.6,18.2,22.2,21.0,20.9,21.2,21.6,776.6,781.2,692.7,665.7
315,26.3,23.6,18.2,22.2,21.0,20.9,21.2,21.6,776.6,781.2,692.7,665.7
316,26.3,23.6,18.2,22.2,21.0,20.9,21.2,21.6,776.6,781.2,692.7,665.7
317,26.4,23.8,18.3,22.3,21.1,21.0,21.5,28.7,816.7,792.1,743.0,680.1
318,26.4,23.8,18.3,22.3,21.1,21.0,21.5,28.7,816.7,792.1,743.0,680.1
319,26.4,23.8,18.3,22.3,21.1,21.0,21.5,28.7,816.7,792.1,743.0,680.1
320,26.4,23.8,18.3,22.3,21.1,21.0,21.5,28.7,816.7,792.1,743.0,680.1
321,26.3,23.7,18.3,22.3,21.0,20.9,21.5,48.8,842.6,802.4,799.7,698.5
322,26.3,23.7,18.3,22.3,21.0,20.9,21.5,48.8,842.6,802.4,799.7,698.5
323,26.3,23.7,18.3,22.3,21.0,20.9,21.5,48.8,842.6,802.4,799.7,698.5
324,26.3,23.7,18.3,22.3,21.0,20.9,21.5,48.8,842.6,802.4,799.7,698.5
325,26.3,23.8,18.3,22.3,21.0,21.0,21.5,95.6,843.8,814.0,810.7,710.6
326,26.3,23.8,18.3,22.3,21.0,21.0,21.5,95.6,843.8,814.0,810.7,710.6
327,26.3,23.8,18.3,22.3,21.0,21.0,21.5,95.6,843.8,814.0,810.7,710.6
328,26.3,23.8,18.3,22.3,21.0,21.0,21.7,189.6,844.3,831.1,806.1,714.0
329,26.3,23.8,18.3,22.3,21.0,21.0,21.7,189.6,844.3,831.1,806.1,714.0
330,26.3,23.8,18.3,22.3,21.0,21.0,21.7,189.6,844.3,831.1,806.1,714.0
331,26.3,23.8,18.3,22.3,21.0,21.0,21.7,189.6,844.3,831.1,806.1,714.0
332,26.3,23.8,18.3,22.4,21.0,21.0,21.5,284.0,852.8,832.6,793.6,721.4
333,26.3,23.8,18.3,22.4,21.0,21.0,21.5,284.0,852.8,832.6,793.6,721.4
334,26.3,23.8,18.3,22.4,21.0,21.0,21.5,284.0,852.8,832.6,793.6,721.4
335,26.3,23.8,18.3,22.4,21.0,21.0,21.5,284.0,852.8,832.6,793.6,721.4
336,26.3,23.8,18.4,22.4,21.0,21.0,19.8,375.5,870.9,844.1,812.5,738.8
337,26.3,23.8,18.4,22.4,21.0,21.0,19.8,375.5,870.9,844.1,812.5,738.8
338,26.3,23.8,18.4,22.4,21.0,21.0,19.8,375.5,870.9,844.1,812.5,738.8
339,26.3,23.8,18.4,22.4,21.0,21.0,19.8,375.5,870.9,844.1,812.5,738.8
340,26.3,23.9,18.4,22.4,20.9,21.0,17.2,507.2,891.7,851.3,818.1,748.2
341,26.3,23.9,18.4,22.4,20.9,21.0,17.2,507.2,891.7,851.3,818.1,748.2
342,26.3,23.9,18.4,22.4,20.9,21.0,17.2,507.2,891.7,851.3,818.1,748.2
343,26.3,23.9,18.4,22.3,21.0,21.0,16.2,619.4,904.9,842.0,825.1,748.4
344,26.3,23.9,18.4,22.3,21.0,21.0,16.2,619.4,904.9,842.0,825.1,748.4
345,26.3,23.9,18.4,22.3,21.0,21.0,16.2,619.4,904.9,842.0,825.1,748.4
346,26.3,23.9,18.4,22.3,21.0,21.0,16.2,619.4,904.9,842.0,825.1,748.4
347,26.4,23.9,18.4,22.4,21.0,21.0,22.6,707.1,931.4,832.6,825.9,748.6
348,26.4,23.9,18.4,22.4,21.0,21.0,22.6,707.1,931.4,832.6,825.9,748.6
349,26.4,23.9,18.4,22.4,21.0,21.0,22.6,707.1,931.4,832.6,825.9,748.6
350,26.3,23.9,18.4,22.4,21.0,21.0,37.3,732.8,946.7,828.4,829.3,752.1
351,26.3,23.9,18.4,22.4,21.0,21.0,37.3,732.8,946.7,828.4,829.3,752.1
352,26.3,23.9,18.4,22.4,21.0,21.0,37.3,732.8,946.7,828.4,829.3,752.1
353,26.3,23.9,18.4,22.4,21.0,21.0,37.3,732.8,946.7,828.4,829.3,752.1
354,26.4,23.9,18.4,22.4,21.0,21.0,90.6,757.2,939.0,821.1,836.8,753.6
355,26.4,23.9,18.4,22.4,21.0,21.0,90.6,757.2,939.0,821.1,836.8,753.6
356,26.4,23.9,18.4,22.4,21.0,21.0,90.6,757.2,939.0,821.1,836.8,753.6
357,26.4,23.9,18.6,22.4,20.9,21.0,176.3,760.8,935.3,814.1,845.8,758.1
358,26.4,23.9,18.6,22.4,20.9,21.0,176.3,760.8,935.3,814.1,845.8,758.1
359,26.4,23.9,18.6,22.4,20.9,21.0,176.3,760.8,935.3,814.1,845.8,758.1
360,26.4,23.9,18.6,22.4,20.9,21.0,176.3,760.8,935.3,814.1,845.8,758.1
361,26.4,24.0,18.6,22.5,21.0,21.0,294.6,769.7,938.7,827.2,843.4,755.1
362,26.4,24.0,18.6,22.5,21.0,21.0,294.6,769.7,938.7,827.2,843.4,755.1
363,26.4,24.0,18.6,22.5,21.0,21.0,294.6,769.7,938.7,827.2,843.4,755.1
364,26.4,24.0,18.4,22.5,21.0,21.0,463.6,803.7,933.4,839.5,840.2,746.0
365,26.4,24.0,18.4,22.5,21.0,21.0,463.6,803.7,933.4,839.5,840.2,746.0
366,26.4,24.0,18.4,22.5,21.0,21.0,463.6,803.7,933.4,839.5,840.2,746.0
367,26.4,24.0,18.4,22.5,21.0,21.0,463.6,803.7,933.4,839.5,840.2,746.0
368,26.4,24.2,18.6,22.5,21.0,21.0,621.3,830.6,921.8,845.1,844.6,747.9
369,26.4,24.2,18.6,22.5,21.0,21.0,621.3,830.6,921.8,845.1,844.6,747.9
370,26.4,24.2,18.6,22.5,21.0,21.0,621.3,830.6,921.8,845.1,844.6,747.9
371,26.4,24.2,18.6,22.5,21.0,21.0,621.3,830.6,921.8,845.1,844.6,747.9
372,26.4,24.0,18.6,22.6,21.0,21.0,711.9,849.1,897.8,849.6,823.2,755.9
373,26.4,24.0,18.6,22.6,21.0,21.0,711.9,849.1,897.8,849.6,823.2,755.9
374,26.4,24.0,18.6,22.6,21.0,21.0,711.9,849.1,897.8,849.6,823.2,755.9
375,26.5,24.2,18.6,22.8,20.9,21.4,735.2,858.4,892.9,854.9,806.7,746.9
376,26.5,24.2,18.6,22.8,20.9,21.4,735.2,858.4,892.9,854.9,806.7,746.9
377,26.5,24.2,18.6,22.8,20.9,21.4,735.2,858.4,892.9,854.9,806.7,746.9
378,26.5,24.2,18.6,22.8,20.9,21.4,735.2,858.4,892.9,854.9,806.7,746.9
379,26.5,24.2,18.6,22.8,20.9,21.4,735.2,858.4,892.9,854.9,806.7,746.9
380,26.4,24.2,18.6,22.8,21.0,22.4,717.6,845.8,890.3,856.9,799.1,739.4
381,26.4,24.2,18.6,22.8,21.0,22.4,717.6,845.8,890.3,856.9,799.1,739.4
382,26.4,24.2,18.6,22.8,21.0,22.4,717.6,845.8,890.3,856.9,799.1,739.4
383,26.4,24.2,18.6,22.8,21.0,22.4,717.6,845.8,890.3,856.9,799.1,739.4
384,26.4,24.3,18.6,22.9,21.1,26.3,750.8,830.7,879.0,851.6,794.9,745.2
385,26.4,24.3,18.6,22.9,21.1,26.3,750.8,830.7,879.0,851.6,794.9,745.2
386,26.4,24.3,18.6,22.9,21.1,26.3,750.8,830.7,879.0,851.6,794.9,745.2
387,26.4,24.3,18.8,22.9,21.0,40.9,763.5,826.5,833.5,840.6,785.5,745.6
388,26.4,24.3,18.8,22.9,21.0,40.9,763.5,826.5,833.5,840.6,785.5,745.6
389,26.4,24.3,18.8,22.9,21.0,40.9,763.5,826.5,833.5,840.6,785.5,745.6
390,26.4,24.3,18.8,22.9,21.0,40.9,763.5,826.5,833.5,840.6,785.5,745.6
391,26.4,24.3,18.8,22.9,21.1,94.7,780.9,821.9,771.1,828.4,795.4,745.5
392,26.4,24.3,18.8,22.9,21.1,94.7,780.9,821.9,771.1,828.4,795.4,745.5
393,26.4,24.3,18.8,22.9,21.1,94.7,780.9,821.9,771.1,828.4,795.4,745.5
394,26.5,24.3,18.8,22.9,21.1,169.9,781.6,823.6,752.9,813.2,789.4,741.8
395,26.5,24.3,18.8,22.9,21.1,169.9,781.6,823.6,752.9,813.2,789.4,741.8
396,26.5,24.3,18.8,22.9,21.1,169.9,781.6,823.6,752.9,813.2,789.4,741.8
397,26.5,24.3,18.8,22.9,21.1,169.9,781.6,823.6,752.9,813.2,789.4,741.8
398,26.4,24.4,18.8,23.1,21.1,264.7,807.9,819.9,747.5,800.1,752.1,725.7
399,26.4,24.4,18.8,23.1,21.1,264.7,807.9,819.9,747.5,800.1,752.1,725.7
400,26.4,24.4,18.8,23.1,21.1,264.7,807.9,819.9,747.5,800.1,752.1,725.7
401,26.4,24.4,18.8,23.1,21.1,264.7,807.9,819.9,747.5,800.1,752.1,725.7
402,26.5,24.4,18.8,23.1,21.1,369.1,850.7,809.3,744.3,790.0,728.2,710.6
403,26.5,24.4,18.8,23.1,21.1,369.1,850.7,809.3,744.3,790.0,728.2,710.6
404,26.5,24.4,18.8,23.1,21.1,369.1,850.7,809.3,744.3,790.0,728.2,710.6
405,26.4,24.4,18.8,23.1,21.1,516.8,874.0,818.2,756.2,790.1,709.1,697.2
406,26.4,24.4,18.8,23.1,21.1,516.8,874.0,818.2,756.2,790.1,709.1,697.2
407,26.4,24.4,18.8,23.1,21.1,516.8,874.0,818.2,756.2,790.1,709.1,697.2
408,26.4,24.4,18.8,23.1,21.1,516.8,874.0,818.2,756.2,790.1,709.1,697.2
409,26.4,24.4,18.8,23.1,21.2,633.7,885.3,834.1,744.5,790.0,691.0,688.3
410,26.4,24.4,18.8,23.1,21.2,633.7,885.3,834.1,744.5,790.0,691.0,688.3
411,26.4,24.4,18.8,23.1,21.2,633.7,885.3,834.1,744.5,790.0,691.0,688.3
412,26.4,24.4,18.8,23.1,21.2,633.7,885.3,834.1,744.5,790.0,691.0,688.3
413,26.5,24.4,18.9,23.2,21.2,699.0,875.6,819.5,721.0,775.7,678.5,681.5
414,26.5,24.4,18.9,23.2,21.2,699.0,875.6,819.5,721.0,775.7,678.5,681.5
415,26.5,24.4,18.9,23.2,21.2,699.0,875.6,819.5,721.0,775.7,678.5,681.5
416,26.4,24.4,18.9,23.2,21.2,708.3,836.8,798.4,709.1,759.7,666.1,674.6
417,26.4,24.4,18.9,23.2,21.2,708.3,836.8,798.4,709.1,759.7,666.1,674.6
418,26.4,24.4,18.9,23.2,21.2,708.3,836.8,798.4,709.1,759.7,666.1,674.6
419,26.4,24.4,18.9,23.2,21.2,708.3,836.8,798.4,709.1,759.7,666.1,674.6
420,26.4,24.4,18.9,23.3,21.5,687.4,783.3,758.2,694.6,737.2,647.4,664.2
421,26.4,24.4,18.9,23.3,21.5,687.4,783.3,758.2,694.6,737.2,647.4,664.2
422,26.4,24.4,18.9,23.3,21.5,687.4,783.3,758.2,694.6,737.2,647.4,664.2
423,26.4,24.4,18.9,23.3,21.5,687.4,783.3,758.2,694.6,737.2,647.4,664.2
424,26.5,24.6,18.9,23.3,21.6,640.5,738.1,718.3,714.4,712.0,630.8,653.6
425,26.5,24.6,18.9,23.3,21.6,640.5,738.1,718.3,714.4,712.0,630.8,653.6
426,26.5,24.6,18.9,23.3,21.6,640.5,738.1,718.3,714.4,712.0,630.8,653.6
427,26.5,24.6,18.9,23.3,21.6,640.5,738.1,718.3,714.4,712.0,630.8,653.6
428,26.5,24.6,19.0,23.5,21.7,597.3,702.4,685.6,683.5,691.0,627.1,648.2
429,26.5,24.6,19.0,23.5,21.7,597.3,702.4,685.6,683.5,691.0,627.1,648.2
430,26.5,24.6,19.0,23.5,21.7,597.3,702.4,685.6,683.5,691.0,627.1,648.2
431,26.5,24.6,19.0,23.5,21.7,597.3,702.4,685.6,683.5,691.0,627.1,648.2
432,26.5,24.6,19.1,23.6,21.8,544.0,657.9,651.0,647.5,664.8,619.0,641.9
433,26.5,24.6,19.1,23.6,21.8,544.0,657.9,651.0,647.5,664.8,619.0,641.9
434,26.5,24.6,19.1,23.6,21.8,544.0,657.9,651.0,647.5,664.8,619.0,641.9
435,26.5,24.6,18.9,23.6,21.8,497.1,625.7,624.7,612.8,644.2,604.8,631.3
436,26.5,24.6,18.9,23.6,21.8,497.1,625.7,624.7,612.8,644.2,604.8,631.3
437,26.5,24.6,18.9,23.6,21.8,497.1,625.7,624.7,612.8,644.2,604.8,631.3
438,26.5,24.6,18.9,23.6,21.8,497.1,625.7,624.7,612.8,644.2,604.8,631.3
439,26.5,24.6,19.0,23.6,21.9,466.1,595.9,597.4,600.6,622.7,589.0,623.6
440,26.5,24.6,19.0,23.6,21.9,466.1,595.9,597.4,600.6,622.7,589.0,623.6
441,26.5,24.6,19.0,23.6,21.9,466.1,595.9,597.4,600.6,622.7,589.0,623.6
442,26.5,24.6,19.0,23.6,21.9,466.1,595.9,597.4,600.6,622.7,589.0,623.6
443,26.5,24.6,19.1,23.6,21.9,437.1,577.2,574.4,588.6,609.4,578.3,618.8
444,26.5,24.6,19.1,23.6,21.9,437.1,577.2,574.4,588.6,609.4,578.3,618.8
445,26.5,24.6,19.1,23.6,21.9,437.1,577.2,574.4,588.6,609.4,578.3,618.8
446,26.5,24.6,19.1,23.7,22.2,415.0,551.4,546.3,568.7,596.2,568.6,614.9
447,26.5,24.6,19.1,23.7,22.2,415.0,551.4,546.3,568.7,596.2,568.6,614.9
448,26.5,24.6,19.1,23.7,22.2,415.0,551.4,546.3,568.7,596.2,568.6,614.9
449,26.5,24.6,19.1,23.7,22.2,415.0,551.4,546.3,568.7,596.2,568.6,614.9
450,26.5,24.8,19.3,23.9,22.6,395.5,523.0,521.1,547.6,582.0,556.9,607.6
451,26.5,24.8,19.3,23.9,22.6,395.5,523.0,521.1,547.6,582.0,556.9,607.6
452,26.5,24.8,19.3,23.9,22.6,395.5,523.0,521.1,547.6,582.0,556.9,607.6
453,26.5,24.8,19.3,23.9,22.6,395.5,523.0,521.1,547.6,582.0,556.9,607.6
454,26.5,24.8,19.3,23.8,23.1,377.5,503.2,497.5,532.7,569.0,548.8,601.3
455,26.5,24.8,19.3,23.8,23.1,377.5,503.2,497.5,532.7,569.0,548.8,601.3
456,26.5,24.8,19.3,23.8,23.1,377.5,503.2,497.5,532.7,569.0,548.8,601.3
457,26.5,24.9,19.4,23.9,24.2,365.6,494.1,480.8,523.5,559.1,542.5,595.8
458,26.5,24.9,19.4,23.9,24.2,365.6,494.1,480.8,523.5,559.1,542.5,595.8
459,26.5,24.9,19.4,23.9,24.2,365.6,494.1,480.8,523.5,559.1,542.5,595.8
460,26.5,24.9,19.4,23.9,24.2,365.6,494.1,480.8,523.5,559.1,542.5,595.8
461,26.5,24.9,19.3,23.9,25.6,386.7,486.7,470.2,514.3,550.6,536.3,589.4
462,26.5,24.9,19.3,23.9,25.6,386.7,486.7,470.2,514.3,550.6,536.3,589.4
463,26.5,24.9,19.3,23.9,25.6,386.7,486.7,470.2,514.3,550.6,536.3,589.4
464,26.5,24.9,19.3,23.9,25.6,386.7,486.7,470.2,514.3,550.6,536.3,589.4
465,26.5,24.9,19.3,23.9,27.4,415.0,483.4,462.7,505.7,543.4,530.4,583.9
466,26.5,24.9,19.3,23.9,27.4,415.0,483.4,462.7,505.7,543.4,530.4,583.9
467,26.5,24.9,19.3,23.9,27.4,415.0,483.4,462.7,505.7,543.4,530.4,583.9
468,26.5,24.9,19.5,24.2,30.1,401.1,477.0,452.3,497.7,535.1,521.3,579.1
469,26.5,24.9,19.5,24.2,30.1,401.1,477.0,452.3,497.7,535.1,521.3,579.1
470,26.5,24.9,19.5,24.2,30.1,401.1,477.0,452.3,497.7,535.1,521.3,579.1
471,26.5,24.9,19.5,24.2,30.1,401.1,477.0,452.3,497.7,535.1,521.3,579.1
472,26.5,24.9,19.4,24.0,33.8,389.9,469.4,445.1,489.5,527.5,511.0,570.7
473,26.5,24.9,19.4,24.0,33.8,389.9,469.4,445.1,489.5,527.5,511.0,570.7
474,26.5,24.9,19.4,24.0,33.8,389.9,469.4,445.1,489.5,527.5,511.0,570.7
475,26.5,24.9,19.4,24.2,33.8,389.9,469.4,445.1,489.5,527.5,511.0,570.7
476,26.5,24.9,19.4,24.2,39.2,379.3,465.0,445.2,486.0,520.2,499.2,560.8
477,26.5,24.9,19.4,24.2,39.2,379.3,465.0,445.2,486.0,520.2,499.2,560.8
478,26.5,24.9,19.4,24.2,39.2,379.3,465.0,445.2,486.0,520.2,499.2,560.8
479,26.5,25.0,19.5,24.3,50.6,370.0,462.0,445.0,482.6,515.2,488.9,552.1
480,26.5,25.0,19.5,24.3,50.6,370.0,462.0,445.0,482.6,515.2,488.9,552.1
481,26.5,25.0,19.5,24.3,50.6,370.0,462.0,445.0,482.6,515.2,488.9,552.1
482,26.5,25.0,19.5,24.3,50.6,370.0,462.0,445.0,482.6,515.2,488.9,552.1
483,26.5,25.0,19.5,24.4,62.2,366.3,459.6,444.4,475.0,517.0,480.8,547.3
484,26.5,25.0,19.5,24.4,62.2,366.3,459.6,444.4,475.0,517.0,480.8,547.3
485,26.5,25.0,19.5,24.4,62.2,366.3,459.6,444.4,475.0,517.0,480.8,547.3
486,26.5,24.9,19.5,24.3,88.0,366.0,458.3,442.3,468.7,512.8,477.5,547.5
487,26.5,24.9,19.5,24.3,88.0,366.0,458.3,442.3,468.7,512.8,477.5,547.5
488,26.5,24.9,19.5,24.3,88.0,366.0,458.3,442.3,468.7,512.8,477.5,547.5
489,26.5,24.9,19.5,24.3,88.0,366.0,458.3,442.3,468.7,512.8,477.5,547.5
490,26.5,25.0,19.6,24.4,133.1,392.0,469.1,441.0,457.8,508.0,474.8,547.4
491,26.5,25.0,19.6,24.4,133.1,392.0,469.1,441.0,457.8,508.0,474.8,547.4
492,26.5,25.0,19.6,24.4,133.1,392.0,469.1,441.0,457.8,508.0,474.8,547.4
493,26.5,25.0,19.6,24.4,133.1,392.0,469.1,441.0,457.8,508.0,474.8,547.4
494,26.5,25.0,19.5,24.4,188.9,440.8,517.3,453.0,450.7,512.0,477.6,550.6
495,26.5,25.0,19.5,24.4,188.9,440.8,517.3,453.0,450.7,512.0,477.6,550.6
496,26.5,25.0,19.5,24.4,188.9,440.8,517.3,453.0,450.7,512.0,477.6,550.6
497,26.5,25.0,19.5,24.4,188.9,440.8,517.3,453.0,450.7,512.0,477.6,550.6
498,26.5,25.0,19.6,24.6,262.3,455.6,556.4,470.6,448.8,517.9,480.9,550.1
499,26.5,25.0,19.6,24.6,262.3,455.6,556.4,470.6,448.8,517.9,480.9,550.1
500,26.5,25.0,19.6,24.6,262.3,455.6,556.4,470.6,448.8,517.9,480.9,550.1
501,26.5,25.1,19.6,24.6,359.4,477.0,569.6,485.0,446.5,524.2,482.0,548.7
502,26.5,25.1,19.6,24.6,359.4,477.0,569.6,485.0,446.5,524.2,482.0,548.7
503,26.5,25.1,19.6,24.6,359.4,477.0,569.6,485.0,446.5,524.2,482.0,548.7
504,26.5,25.1,19.6,24.6,359.4,477.0,569.6,485.0,446.5,524.2,482.0,548.7
505,26.5,25.0,19.6,24.6,434.9,495.8,577.9,492.7,444.5,532.7,483.6,548.6
506,26.5,25.0,19.6,24.6,434.9,495.8,577.9,492.7,444.5,532.7,483.6,548.6
507,26.5,25.0,19.6,24.6,434.9,495.8,577.9,492.7,444.5,532.7,483.6,548.6
508,26.4,25.0,19.6,24.6,502.6,521.1,562.6,488.1,440.6,529.3,483.0,545.8
509,26.4,25.0,19.6,24.6,502.6,521.1,562.6,488.1,440.6,529.3,483.0,545.8
510,26.4,25.0,19.6,24.6,502.6,521.1,562.6,488.1,440.6,529.3,483.0,545.8
511,26.4,25.0,19.6,24.6,502.6,521.1,562.6,488.1,440.6,529.3,483.0,545.8
512,26.4,25.0,19.6,24.6,570.2,531.1,557.6,483.9,439.5,519.3,479.9,541.8
513,26.4,25.0,19.6,24.6,570.2,531.1,557.6,483.9,439.5,519.3,479.9,541.8
514,26.4,25.0,19.6,24.6,570.2,531.1,557.6,483.9,439.5,519.3,479.9,541.8
515,26.4,25.0,19.6,24.6,570.2,531.1,557.6,483.9,439.5,519.3,479.9,541.8
516,26.5,25.0,19.6,24.6,599.5,533.6,578.0,470.9,437.5,509.5,476.8,538.3
517,26.5,25.0,19.6,24.6,599.5,533.6,578.0,470.9,437.5,509.5,476.8,538.3
518,26.5,25.0,19.6,24.6,599.5,533.6,578.0,470.9,437.5,509.5,476.8,538.3
519,26.5,25.1,19.7,24.8,578.7,524.0,557.0,458.7,433.0,496.4,472.9,533.2
520,26.5,25.1,19.7,24.8,578.7,524.0,557.0,458.7,433.0,496.4,472.9,533.2
521,26.5,25.1,19.7,24.8,578.7,524.0,557.0,458.7,433.0,496.4,472.9,533.2
522,26.5,25.1,19.7,24.8,578.7,524.0,557.0,458.7,433.0,496.4,472.9,533.2
523,26.5,25.1,19.7,24.8,524.2,517.5,537.1,454.7,432.1,483.4,467.3,527.3
524,26.5,25.1,19.7,24.8,524.2,517.5,537.1,454.7,432.1,483.4,467.3,527.3
525,26.5,25.1,19.7,24.8,524.2,517.5,537.1,454.7,432.1,483.4,467.3,527.3
526,26.5,25.1,19.7,24.8,524.2,517.5,537.1,454.7,432.1,483.4,467.3,527.3
527,26.4,25.1,19.8,24.6,496.8,538.3,543.1,456.9,433.0,474.8,461.7,524.6
528,26.4,25.1,19.8,24.6,496.8,538.3,543.1,456.9,433.0,474.8,461.7,524.6
529,26.4,25.1,19.8,24.6,496.8,538.3,543.1,456.9,433.0,474.8,461.7,524.6
530,26.4,25.1,19.7,24.6,484.4,553.7,536.2,459.7,432.5,470.2,459.7,523.8
531,26.4,25.1,19.7,24.6,484.4,553.7,536.2,459.7,432.5,470.2,459.7,523.8
532,26.4,25.1,19.7,24.6,484.4,553.7,536.2,459.7,432.5,470.2,459.7,523.8
533,26.4,25.1,19.7,24.6,484.4,553.7,536.2,459.7,432.5,470.2,459.7,523.8
534,26.5,25.1,19.7,24.8,470.2,535.5,521.1,460.3,436.8,466.1,459.7,522.7
535,26.5,25.1,19.7,24.8,470.2,535.5,521.1,460.3,436.8,466.1,459.7,522.7
536,26.5,25.1,19.7,24.8,470.2,535.5,521.1,460.3,436.8,466.1,459.7,522.7
537,26.5,25.1,19.7,24.8,470.2,535.5,521.1,460.3,436.8,466.1,459.7,522.7
538,26.5,25.1,20.0,24.8,452.1,510.8,500.9,455.0,437.0,463.3,460.1,520.3
539,26.5,25.1,20.0,24.8,452.1,510.8,500.9,455.0,437.0,463.3,460.1,520.3
540,26.5,25.1,20.0,24.8,452.1,510.8,500.9,455.0,437.0,463.3,460.1,520.3
541,26.5,25.1,19.8,24.8,432.0,499.6,482.0,450.1,437.1,461.8,460.3,519.0
542,26.5,25.1,19.8,24.8,432.0,499.6,482.0,450.1,437.1,461.8,460.3,519.0
543,26.5,25.1,19.8,24.8,432.0,499.6,482.0,450.1,437.1,461.8,460.3,519.0
544,26.5,25.1,19.8,24.8,432.0,499.6,482.0,450.1,437.1,461.8,460.3,519.0
545,26.5,25.1,20.0,24.6,408.7,512.6,472.4,448.7,439.8,461.2,462.4,520.4
546,26.5,25.1,20.0,24.6,408.7,512.6,472.4,448.7,439.8,461.2,462.4,520.4
547,26.5,25.1,20.0,24.6,408.7,512.6,472.4,448.7,439.8,461.2,462.4,520.4
548,26.5,25.1,20.0,24.6,408.7,512.6,472.4,448.7,439.8,461.2,462.4,520.4
549,26.5,25.1,20.1,24.9,387.8,539.0,472.2,449.8,442.8,462.6,465.2,521.9
550,26.5,25.1,20.1,24.9,387.8,539.0,472.2,449.8,442.8,462.6,465.2,521.9
551,26.5,25.1,20.1,24.9,387.8,539.0,472.2,449.8,442.8,462.6,465.2,521.9
552,26.5,25.1,20.1,24.9,373.8,565.1,475.7,451.9,444.6,466.6,470.9,525.5
553,26.5,25.1,20.1,24.9,373.8,565.1,475.7,451.9,444.6,466.6,470.9,525.5
554,26.5,25.1,20.1,24.9,373.8,565.1,475.7,451.9,444.6,466.6,470.9,525.5
555,26.5,25.1,20.1,24.9,373.8,565.1,475.7,451.9,444.6,466.6,470.9,525.5
556,26.5,25.1,20.0,24.8,368.2,572.9,484.4,455.3,446.7,469.8,475.8,527.6
557,26.5,25.1,20.0,24.8,368.2,572.9,484.4,455.3,446.7,469.8,475.8,527.6
558,26.5,25.1,20.0,24.8,368.2,572.9,484.4,455.3,446.7,469.8,475.8,527.6
559,26.5,25.1,20.0,24.8,368.2,572.9,484.4,455.3,446.7,469.8,475.8,527.6
560,26.5,25.1,20.1,24.8,362.7,572.3,492.4,458.0,455.1,479.9,484.4,532.1
561,26.5,25.1,20.1,24.8,362.7,572.3,492.4,458.0,455.1,479.9,484.4,532.1
562,26.5,25.1,20.1,24.8,362.7,572.3,492.4,458.0,455.1,479.9,484.4,532.1
563,26.5,25.1,20.1,24.8,362.7,572.3,492.4,458.0,455.1,479.9,484.4,532.1
564,26.5,25.1,20.1,25.0,362.1,578.3,485.7,457.7,455.8,485.1,488.1,534.4
565,26.5,25.1,20.1,25.0,362.1,578.3,485.7,457.7,455.8,485.1,488.1,534.4
566,26.5,25.1,20.1,25.0,362.1,578.3,485.7,457.7,455.8,485.1,488.1,534.4
567,26.5,25.1,20.1,24.9,367.6,568.7,483.3,458.9,472.4,483.6,498.8,542.1
568,26.5,25.1,20.1,24.9,367.6,568.7,483.3,458.9,472.4,483.6,498.8,542.1
569,26.5,25.1,20.1,24.9,367.6,568.7,483.3,458.9,472.4,483.6,498.8,542.1
570,26.5,25.1,20.1,24.9,367.6,568.7,483.3,458.9,472.4,483.6,498.8,542.1
571,26.5,25.1,20.1,25.0,377.5,564.4,488.7,465.7,478.2,481.5,507.6,551.7
572,26.5,25.1,20.1,25.0,377.5,564.4,488.7,465.7,478.2,481.5,507.6,551.7
573,26.5,25.1,20.1,25.0,377.5,564.4,488.7,465.7,478.2,481.5,507.6,551.7
574,26.5,25.1,20.1,25.0,377.5,564.4,488.7,465.7,478.2,481.5,507.6,551.7
575,26.5,25.2,20.1,25.0,387.2,625.6,523.8,486.4,490.8,483.3,518.9,560.5
576,26.5,25.2,20.1,25.0,387.2,625.6,523.8,486.4,490.8,483.3,518.9,560.5
577,26.5,25.2,20.1,25.0,387.2,625.6,523.8,486.4,490.8,483.3,518.9,560.5
578,26.5,25.2,20.3,24.9,397.0,702.3,560.4,497.8,499.0,487.1,534.5,569.7
579,26.5,25.2,20.3,24.9,397.0,702.3,560.4,497.8,499.0,487.1,534.5,569.7
580,26.5,25.2,20.3,24.9,397.0,702.3,560.4,497.8,499.0,487.1,534.5,569.7
581,26.5,25.2,20.3,24.9,397.0,702.3,560.4,497.8,499.0,487.1,534.5,569.7
582,26.5,25.1,20.2,24.4,469.4,740.1,586.0,503.0,510.8,488.9,543.3,575.0
583,26.5,25.1,20.2,24.4,469.4,740.1,586.0,503.0,510.8,488.9,543.3,575.0
584,26.5,25.1,20.2,24.4,469.4,740.1,586.0,503.0,510.8,488.9,543.3,575.0
585,26.5,25.2,20.3,24.4,537.0,770.3,605.5,508.9,524.7,493.7,548.7,577.6
586,26.5,25.2,20.3,24.4,537.0,770.3,605.5,508.9,524.7,493.7,548.7,577.6
587,26.5,25.2,20.3,24.4,537.0,770.3,605.5,508.9,524.7,493.7,548.7,577.6
588,26.5,25.2,20.3,24.4,537.0,770.3,605.5,508.9,524.7,493.7,548.7,577.6
589,26.5,25.1,20.2,25.0,575.0,779.3,652.2,511.7,529.4,498.4,554.8,582.0
590,26.5,25.1,20.2,25.0,575.0,779.3,652.2,511.7,529.4,498.4,554.8,582.0
591,26.5,25.1,20.2,25.0,575.0,779.3,652.2,511.7,529.4,498.4,554.8,582.0
592,26.5,25.1,20.2,25.0,575.0,779.3,652.2,511.7,529.4,498.4,554.8,582.0
593,26.5,25.2,20.3,27.7,656.1,755.4,653.9,506.5,522.5,503.0,560.6,585.7
594,26.5,25.2,20.3,27.7,656.1,755.4,653.9,506.5,522.5,503.0,560.6,585.7
595,26.5,25.2,20.3,27.7,656.1,755.4,653.9,506.5,522.5,503.0,560.6,585.7
596,26.5,25.2,20.4,36.9,678.2,718.1,616.0,498.8,517.1,506.8,565.5,588.4
597,26.5,25.2,20.4,36.9,678.2,718.1,616.0,498.8,517.1,506.8,565.5,588.4
598,26.5,25.2,20.4,36.9,678.2,718.1,616.0,498.8,517.1,506.8,565.5,588.4
599,26.5,25.2,20.4,36.9,678.2,718.1,616.0,498.8,517.1,506.8,565.5,588.4
600,26.5,25.2,20.5,64.4,726.3,673.0,590.7,495.5,510.1,511.5,568.2,589.4
601,26.5,25.2,20.5,64.4,726.3,673.0,590.7,495.5,510.1,511.5,568.2,589.4
602,26.5,25.2,20.5,64.4,726.3,673.0,590.7,495.5,510.1,511.5,568.2,589.4
603,26.5,25.3,20.8,103.4,799.6,628.9,566.0,502.0,510.0,511.5,568.2,589.4
604,26.5,25.3,20.8,103.4,799.6,628.9,566.0,502.0,510.0,520.4,572.0,591.2
605,26.5,25.3,20.8,103.4,799.6,628.9,566.0,502.0,510.0,520.4,572.0,591.2
606,26.5,25.3,20.8,103.4,799.6,628.9,566.0,502.0,510.0,520.4,572.0,591.2
607,26.5,25.2,20.5,142.8,826.5,599.5,557.7,514.9,517.0,539.1,581.1,596.6
608,26.5,25.2,20.5,142.8,826.5,599.5,557.7,514.9,517.0,539.1,581.1,596.6
609,26.5,25.2,20.5,142.8,826.5,599.5,557.7,514.9,517.0,539.1,581.1,596.6
610,26.5,25.2,20.5,142.8,826.5,599.5,557.7,514.9,517.0,539.1,581.1,596.6
611,26.5,25.2,20.8,167.3,844.4,610.5,587.9,537.3,536.1,560.7,596.9,609.4
612,26.5,25.2,20.8,167.3,844.4,610.5,587.9,537.3,536.1,560.7,596.9,609.4
613,26.5,25.2,20.8,167.3,844.4,610.5,587.9,537.3,536.1,560.7,596.9,609.4
614,26.5,25.2,20.8,167.3,844.4,610.5,587.9,537.3,536.1,560.7,596.9,609.4
615,26.5,25.3,20.8,198.6,805.9,616.0,625.5,557.9,550.7,589.4,616.0,623.3
616,26.5,25.3,20.8,198.6,805.9,616.0,625.5,557.9,550.7,589.4,616.0,623.3
617,26.5,25.3,20.8,198.6,805.9,616.0,625.5,557.9,550.7,589.4,616.0,623.3
618,26.5,25.3,21.2,240.5,767.4,613.3,665.0,595.1,582.6,632.3,636.1,634.4
619,26.5,25.3,21.2,240.5,767.4,613.3,665.0,595.1,582.6,632.3,636.1,634.4
620,26.5,25.3,21.2,240.5,767.4,613.3,665.0,595.1,582.6,632.3,636.1,634.4
621,26.5,25.3,21.2,240.5,767.4,613.3,665.0,595.1,582.6,632.3,636.1,634.4
622,26.7,25.3,22.8,296.5,749.4,609.8,662.0,613.7,596.9,648.0,650.6,640.0
623,26.7,25.3,22.8,296.5,749.4,609.8,662.0,613.7,596.9,648.0,650.6,640.0
624,26.7,25.3,22.8,296.5,749.4,609.8,662.0,613.7,596.9,648.0,650.6,640.0
625,26.7,25.3,22.8,296.5,749.4,609.8,662.0,613.7,596.9,648.0,650.6,640.0
626,26.5,25.3,25.2,349.6,784.5,629.4,664.2,627.3,609.4,656.4,664.3,648.0
627,26.5,25.3,25.2,349.6,784.5,629.4,664.2,627.3,609.4,656.4,664.3,648.0
628,26.5,25.3,25.2,349.6,784.5,629.4,664.2,627.3,609.4,656.4,664.3,648.0
629,26.5,25.3,25.2,349.6,784.5,629.4,664.2,627.3,609.4,656.4,664.3,648.0
630,26.7,25.5,37.4,416.0,811.9,641.8,668.6,623.5,619.0,654.7,669.6,652.0
631,26.7,25.5,37.4,416.0,811.9,641.8,668.6,623.5,619.0,654.7,669.6,652.0
632,26.7,25.5,37.4,416.0,811.9,641.8,668.6,623.5,619.0,654.7,669.6,652.0
633,26.7,25.5,63.8,489.1,849.4,652.6,684.1,616.8,622.9,655.3,673.4,656.5
634,26.7,25.5,63.8,489.1,849.4,652.6,684.1,616.8,622.9,655.3,673.4,656.5
635,26.7,25.5,63.8,489.1,849.4,652.6,684.1,616.8,622.9,655.3,673.4,656.5
636,26.7,25.5,63.8,489.1,849.4,652.6,684.1,616.8,622.9,655.3,673.4,656.5
637,26.7,25.5,129.7,562.9,880.4,679.5,709.8,620.7,616.7,670.2,680.1,662.6
638,26.7,25.5,129.7,562.9,880.4,679.5,709.8,620.7,616.7,670.2,680.1,662.6
639,26.7,25.5,129.7,562.9,880.4,679.5,709.8,620.7,616.7,670.2,680.1,662.6
640,26.7,25.5,129.7,562.9,880.4,679.5,709.8,620.7,616.7,670.2,680.1,662.6
641,26.7,25.3,239.5,672.3,910.0,692.3,715.2,645.0,628.0,699.3,689.7,667.8
642,26.7,25.3,239.5,672.3,910.0,692.3,715.2,645.0,628.0,699.3,689.7,667.8
643,26.7,25.3,239.5,672.3,910.0,692.3,715.2,645.0,628.0,699.3,689.7,667.8
644,26.7,25.3,239.5,672.3,910.0,692.3,715.2,645.0,628.0,699.3,689.7,667.8
645,26.5,25.3,393.3,770.5,916.4,710.0,721.6,675.1,651.6,726.1,701.9,676.2
646,26.5,25.3,393.3,770.5,916.4,710.0,721.6,675.1,651.6,726.1,701.9,676.2
647,26.5,25.3,393.3,770.5,916.4,710.0,721.6,675.1,651.6,726.1,701.9,676.2
648,26.7,25.5,535.4,812.9,924.5,704.8,731.0,722.2,699.3,749.0,726.8,695.1
649,26.7,25.5,535.4,812.9,924.5,704.8,731.0,722.2,699.3,749.0,726.8,695.1
650,26.7,25.5,535.4,812.9,924.5,704.8,731.0,722.2,699.3,749.0,726.8,695.1
651,26.7,25.5,535.4,812.9,924.5,704.8,731.0,722.2,699.3,749.0,726.8,695.1
652,26.7,25.2,675.0,859.7,939.3,699.9,751.1,763.6,748.9,776.9,753.9,714.4
653,26.7,25.2,675.0,859.7,939.3,699.9,751.1,763.6,748.9,776.9,753.9,714.4
654,26.7,25.2,675.0,859.7,939.3,699.9,751.1,763.6,748.9,776.9,753.9,714.4
655,26.7,25.1,757.0,896.4,943.1,736.8,793.3,806.5,790.2,809.0,782.5,732.4
656,26.7,25.1,757.0,896.4,943.1,736.8,793.3,806.5,790.2,809.0,782.5,732.4
657,26.7,25.1,757.0,896.4,943.1,736.8,793.3,806.5,790.2,809.0,782.5,732.4
658,26.7,25.1,757.0,896.4,943.1,736.8,793.3,806.5,790.2,809.0,782.5,732.4
659,26.7,25.5,845.1,920.0,949.6,816.9,830.6,843.8,830.4,845.9,818.0,751.7
660,26.7,25.5,845.1,920.0,949.6,816.9,830.6,843.8,830.4,845.9,818.0,751.7
661,26.7,25.5,845.1,920.0,949.6,816.9,830.6,843.8,830.4,845.9,818.0,751.7
662,26.7,25.5,845.1,920.0,949.6,816.9,830.6,843.8,830.4,845.9,818.0,751.7
663,26.7,33.6,915.7,931.6,940.1,878.1,879.9,885.7,869.6,880.0,854.6,770.8
664,26.7,33.6,915.7,931.6,940.1,878.1,879.9,885.7,869.6,880.0,854.6,770.8
665,26.7,33.6,915.7,931.6,940.1,878.1,879.9,885.7,869.6,880.0,854.6,770.8
666,26.7,107.3,992.5,967.7,953.8,906.8,913.4,920.6,900.4,917.7,881.9,785.3
667,26.7,107.3,992.5,967.7,953.8,906.8,913.4,920.6,900.4,917.7,881.9,785.3
668,26.7,107.3,992.5,967.7,953.8,906.8,913.4,920.6,900.4,917.7,881.9,785.3
669,26.7,107.3,992.5,967.7,953.8,906.8,913.4,920.6,900.4,917.7,881.9,785.3
670,26.7,228.8,1026.1,968.9,989.1,950.8,942.8,944.6,919.7,935.2,899.1,796.3
671,26.7,228.8,1026.1,968.9,989.1,950.8,942.8,944.6,919.7,935.2,899.1,796.3
672,26.7,228.8,1026.1,968.9,989.1,950.8,942.8,944.6,919.7,935.2,899.1,796.3
673,26.7,409.8,1040.3,972.5,1016.4,970.4,934.5,947.3,912.1,932.4,898.6,803.2
674,26.7,409.8,1040.3,972.5,1016.4,970.4,934.5,947.3,912.1,932.4,898.6,803.2
675,26.7,409.8,1040.3,972.5,1016.4,970.4,934.5,947.3,912.1,932.4,898.6,803.2
676,26.7,409.8,1040.3,972.5,1016.4,970.4,934.5,947.3,912.1,932.4,898.6,803.2
677,26.5,574.3,1018.4,983.1,969.8,953.5,926.0,927.5,904.9,916.4,886.2,807.2
678,26.5,574.3,1018.4,983.1,969.8,953.5,926.0,927.5,904.9,916.4,886.2,807.2
679,26.5,574.3,1018.4,983.1,969.8,953.5,926.0,927.5,904.9,916.4,886.2,807.2
680,26.5,574.3,1018.4,983.1,969.8,953.5,926.0,927.5,904.9,916.4,886.2,807.2
681,26.2,758.9,1003.0,966.8,944.1,939.6,913.4,935.7,919.9,917.3,887.1,812.7
682,26.2,758.9,1003.0,966.8,944.1,939.6,913.4,935.7,919.9,917.3,887.1,812.7
683,26.2,758.9,1003.0,966.8,944.1,939.6,913.4,935.7,919.9,917.3,887.1,812.7
684,25.3,916.2,985.4,949.0,947.5,946.2,922.4,945.5,926.3,926.7,899.1,820.5
685,25.3,916.2,985.4,949.0,947.5,946.2,922.4,945.5,926.3,926.7,899.1,820.5
686,25.3,916.2,985.4,949.0,947.5,946.2,922.4,945.5,926.3,926.7,899.1,820.5
687,25.3,916.2,985.4,949.0,947.5,946.2,922.4,945.5,926.3,926.7,899.1,820.5
688,25.6,986.8,957.6,945.3,951.5,967.2,932.5,942.6,922.7,933.5,897.1,823.2
689,25.6,986.8,957.6,945.3,951.5,967.2,932.5,942.6,922.7,933.5,897.1,823.2
690,25.6,986.8,957.6,945.3,951.5,967.2,932.5,942.6,922.7,933.5,897.1,823.2
691,25.6,986.8,957.6,945.3,951.5,967.2,932.5,942.6,922.7,933.5,897.1,823.2
692,36.7,1017.9,966.9,932.5,953.4,964.2,942.6,938.9,929.7,944.5,903.0,831.9
693,36.7,1017.9,966.9,932.5,953.4,964.2,942.6,938.9,929.7,944.5,903.0,831.9
694,36.7,1017.9,966.9,932.5,953.4,964.2,942.6,938.9,929.7,944.5,903.0,831.9
695,100.4,1053.3,963.5,951.6,949.4,952.5,941.7,949.7,930.4,948.8,913.8,840.8
696,100.4,1053.3,963.5,951.6,949.4,952.5,941.7,949.7,930.4,948.8,913.8,840.8
697,100.4,1053.3,963.5,951.6,949.4,952.5,941.7,949.7,930.4,948.8,913.8,840.8
698,100.4,1053.3,963.5,951.6,949.4,952.5,941.7,949.7,930.4,948.8,913.8,840.8
699,245.4,1073.8,987.6,961.5,960.0,957.7,940.7,946.3,926.7,957.0,916.2,846.3
700,245.4,1073.8,987.6,961.5,960.0,957.7,940.7,946.3,926.7,957.0,916.2,846.3
701,245.4,1073.8,987.6,961.5,960.0,957.7,940.7,946.3,926.7,957.0,916.2,846.3
702,245.4,1073.8,987.6,961.5,960.0,957.7,940.7,946.3,926.7,957.0,916.2,846.3
703,454.8,1075.0,986.0,978.6,985.0,976.9,945.6,968.4,923.7,961.2,926.2,846.3
704,454.8,1075.0,986.0,978.6,985.0,976.9,945.6,968.4,923.7,961.2,926.2,846.3
705,454.8,1075.0,986.0,978.6,985.0,976.9,945.6,968.4,923.7,961.2,926.2,846.3
706,716.2,1070.3,977.4,998.5,991.6,980.1,956.9,976.4,928.7,966.1,923.1,845.3
707,716.2,1070.3,977.4,998.5,991.6,980.1,956.9,976.4,928.7,966.1,923.1,845.3
708,716.2,1070.3,977.4,998.5,991.6,980.1,956.9,976.4,928.7,966.1,923.1,845.3
709,716.2,1070.3,977.4,998.5,991.6,980.1,956.9,976.4,928.7,966.1,923.1,845.3
710,833.0,1027.8,957.2,971.0,959.2,976.9,945.5,970.5,919.9,964.5,910.2,838.3
711,833.0,1027.8,957.2,971.0,959.2,976.9,945.5,970.5,919.9,964.5,910.2,838.3
712,833.0,1027.8,957.2,971.0,959.2,976.9,945.5,970.5,919.9,964.5,910.2,838.3
713,833.0,1027.8,957.2,971.0,959.2,976.9,945.5,970.5,919.9,964.5,910.2,838.3
714,863.4,980.1,943.8,952.1,934.2,960.6,930.1,939.8,901.7,933.9,884.7,820.2
715,863.4,980.1,943.8,952.1,934.2,960.6,930.1,939.8,901.7,933.9,884.7,820.2
716,863.4,980.1,943.8,952.1,934.2,960.6,930.1,939.8,901.7,933.9,884.7,820.2
717,861.5,955.7,910.4,919.7,895.1,920.6,897.5,898.3,872.1,892.4,857.4,800.7
718,861.5,955.7,910.4,919.7,895.1,920.6,897.5,898.3,872.1,892.4,857.4,800.7
719,861.5,955.7,910.4,919.7,895.1,920.6,897.5,898.3,872.1,892.4,857.4,800.7
720,861.5,955.7,910.4,919.7,895.1,920.6,897.5,898.3,872.1,892.4,857.4,800.7
721,817.7,912.7,864.6,872.8,835.7,873.3,856.0,854.4,827.8,843.6,821.2,776.9
722,817.7,912.7,864.6,872.8,835.7,873.3,856.0,854.4,827.8,843.6,821.2,776.9
723,817.7,912.7,864.6,872.8,835.7,873.3,856.0,854.4,827.8,843.6,821.2,776.9
724,817.7,912.7,864.6,872.8,835.7,873.3,856.0,854.4,827.8,843.6,821.2,776.9
725,747.7,833.2,775.7,801.2,758.2,799.4,791.1,782.4,772.4,783.3,773.3,746.3
726,747.7,833.2,775.7,801.2,758.2,799.4,791.1,782.4,772.4,783.3,773.3,746.3
727,747.7,833.2,775.7,801.2,758.2,799.4,791.1,782.4,772.4,783.3,773.3,746.3
728,657.7,774.8,700.2,729.9,691.6,729.4,731.2,725.1,718.9,732.0,725.4,714.9
729,657.7,774.8,700.2,729.9,691.6,729.4,731.2,725.1,718.9,732.0,725.4,714.9
730,657.7,774.8,700.2,729.9,691.6,729.4,731.2,725.1,718.9,732.0,725.4,714.9
731,657.7,774.8,700.2,729.9,691.6,729.4,731.2,725.1,718.9,732.0,725.4,714.9
732,582.8,709.1,628.7,660.5,650.1,683.5,690.5,683.6,679.6,692.8,686.8,689.3
733,582.8,709.1,628.7,660.5,650.1,683.5,690.5,683.6,679.6,692.8,686.8,689.3
734,582.8,709.1,628.7,660.5,650.1,683.5,690.5,683.6,679.6,692.8,686.8,689.3
735,531.4,654.8,582.2,615.4,614.2,646.1,652.7,650.8,648.0,660.6,654.6,668.6
736,531.4,654.8,582.2,615.4,614.2,646.1,652.7,650.8,648.0,660.6,654.6,668.6
737,531.4,654.8,582.2,615.4,614.2,646.1,652.7,650.8,648.0,660.6,654.6,668.6
738,531.4,654.8,582.2,615.4,614.2,646.1,652.7,650.8,648.0,660.6,654.6,668.6
739,483.8,607.6,542.4,575.5,579.1,608.7,624.8,622.7,620.0,634.6,628.2,651.7
740,483.8,607.6,542.4,575.5,579.1,608.7,624.8,622.7,620.0,634.6,628.2,651.7
741,483.8,607.6,542.4,575.5,579.1,608.7,624.8,622.7,620.0,634.6,628.2,651.7
742,483.8,607.6,542.4,575.5,579.1,608.7,624.8,622.7,620.0,634.6,628.2,651.7
743,432.7,560.7,513.5,546.7,554.8,577.9,597.0,598.6,595.8,612.2,606.3,637.5
744,432.7,560.7,513.5,546.7,554.8,577.9,597.0,598.6,595.8,612.2,606.3,637.5
745,432.7,560.7,513.5,546.7,554.8,577.9,597.0,598.6,595.8,612.2,606.3,637.5
746,388.4,520.9,484.5,517.9,529.7,555.2,576.9,579.9,576.0,594.5,589.0,625.0
747,388.4,520.9,484.5,517.9,529.7,555.2,576.9,579.9,576.0,594.5,589.0,625.0
748,388.4,520.9,484.5,517.9,529.7,555.2,576.9,579.9,576.0,594.5,589.0,625.0
749,388.4,520.9,484.5,517.9,529.7,555.2,576.9,579.9,576.0,594.5,589.0,625.0
750,355.6,485.1,457.4,492.0,507.1,532.2,557.8,563.2,561.3,579.2,573.1,613.2
751,355.6,485.1,457.4,492.0,507.1,532.2,557.8,563.2,561.3,579.2,573.1,613.2
752,355.6,485.1,457.4,492.0,507.1,532.2,557.8,563.2,561.3,579.2,573.1,613.2
753,355.6,485.1,457.4,492.0,507.1,532.2,557.8,563.2,561.3,579.2,573.1,613.2
754,320.0,458.5,437.1,471.4,489.4,515.6,540.0,548.0,546.2,565.1,557.0,602.4
755,320.0,458.5,437.1,471.4,489.4,515.6,540.0,548.0,546.2,565.1,557.0,602.4
756,320.0,458.5,437.1,471.4,489.4,515.6,540.0,548.0,546.2,565.1,557.0,602.4
757,287.7,430.1,414.9,449.6,472.0,497.8,525.8,534.3,530.4,551.8,545.8,594.8
758,287.7,430.1,414.9,449.6,472.0,497.8,525.8,534.3,530.4,551.8,545.8,594.8
759,287.7,430.1,414.9,449.6,472.0,497.8,525.8,534.3,530.4,551.8,545.8,594.8
760,287.7,430.1,414.9,449.6,472.0,497.8,525.8,534.3,530.4,551.8,545.8,594.8
761,263.5,408.0,398.1,430.4,457.2,482.0,510.9,523.3,517.7,541.4,536.4,587.9
762,263.5,408.0,398.1,430.4,457.2,482.0,510.9,523.3,517.7,541.4,536.4,587.9
763,263.5,408.0,398.1,430.4,457.2,482.0,510.9,523.3,517.7,541.4,536.4,587.9
764,263.5,408.0,398.1,430.4,457.2,482.0,510.9,523.3,517.7,541.4,536.4,587.9
765,239.0,384.9,380.5,415.3,445.6,469.4,499.8,512.6,505.9,532.0,528.6,582.8
766,239.0,384.9,380.5,415.3,445.6,469.4,499.8,512.6,505.9,532.0,528.6,582.8
767,239.0,384.9,380.5,415.3,445.6,469.4,499.8,512.6,505.9,532.0,528.6,582.8
768,218.0,363.7,364.9,415.3,445.6,469.4,499.8,512.6,505.9,532.0,528.6,582.8
769,218.0,363.7,364.9,399.1,432.3,456.1,488.1,502.4,494.5,522.8,521.6,576.9
770,218.0,363.7,364.9,399.1,432.3,456.1,488.1,502.4,494.5,522.8,521.6,576.9
771,218.0,363.7,364.9,399.1,432.3,456.1,488.1,502.4,494.5,522.8,521.6,576.9
772,200.4,344.4,350.7,384.8,420.8,444.3,477.1,492.6,484.0,515.0,515.1,571.7
773,200.4,344.4,350.7,384.8,420.8,444.3,477.1,492.6,484.0,515.0,515.1,571.7
774,200.4,344.4,350.7,384.8,420.8,444.3,477.1,492.6,484.0,515.0,515.1,571.7
775,200.4,344.4,350.7,384.8,420.8,444.3,477.1,492.6,484.0,515.0,515.1,571.7
776,187.3,329.3,339.3,371.8,409.9,434.7,467.8,484.7,476.1,508.3,508.9,566.8
777,187.3,329.3,339.3,371.8,409.9,434.7,467.8,484.7,476.1,508.3,508.9,566.8
778,187.3,329.3,339.3,371.8,409.9,434.7,467.8,484.7,476.1,508.3,508.9,566.8
779,174.2,313.4,327.1,362.4,401.4,427.1,460.8,478.3,469.8,502.0,503.0,561.8
780,174.2,313.4,327.1,362.4,401.4,427.1,460.8,478.3,469.8,502.0,503.0,561.8
781,174.2,313.4,327.1,362.4,401.4,427.1,460.8,478.3,469.8,502.0,503.0,561.8
782,174.2,313.4,327.1,362.4,401.4,427.1,460.8,478.3,469.8,502.0,503.0,561.8
783,164.6,300.5,317.6,352.0,392.4,418.3,453.0,471.7,463.6,495.5,498.1,557.6
784,164.6,300.5,317.6,352.0,392.4,418.3,453.0,471.7,463.6,495.5,498.1,557.6
785,164.6,300.5,317.6,352.0,392.4,418.3,453.0,471.7,463.6,495.5,498.1,557.6
786,154.9,287.0,309.0,344.0,385.6,411.1,446.3,465.2,456.0,489.9,493.1,553.7
787,154.9,287.0,309.0,344.0,385.6,411.1,446.3,465.2,456.0,489.9,493.1,553.7
788,154.9,287.0,309.0,344.0,385.6,411.1,446.3,465.2,456.0,489.9,493.1,553.7
789,154.9,287.0,309.0,344.0,385.6,411.1,446.3,465.2,456.0,489.9,493.1,553.7
790,147.9,276.7,302.0,336.4,379.3,402.9,438.4,459.7,450.6,483.9,488.4,550.0
791,147.9,276.7,302.0,336.4,379.3,402.9,438.4,459.7,450.6,483.9,488.4,550.0
792,147.9,276.7,302.0,336.4,379.3,402.9,438.4,459.7,450.6,483.9,488.4,550.0
793,147.9,276.7,302.0,336.4,379.3,402.9,438.4,459.7,450.6,483.9,488.4,550.0
794,140.3,265.6,294.0,328.5,372.6,396.1,432.2,453.4,444.4,479.0,484.7,546.7
795,140.3,265.6,294.0,328.5,372.6,396.1,432.2,453.4,444.4,479.0,484.7,546.7
796,140.3,265.6,294.0,328.5,372.6,396.1,432.2,453.4,444.4,479.0,484.7,546.7
797,134.4,256.0,286.4,321.0,365.3,390.0,425.9,448.5,439.2,474.8,481.3,543.1
798,134.4,256.0,286.4,321.0,365.3,390.0,425.9,448.5,439.2,474.8,481.3,543.1
799,134.4,256.0,286.4,321.0,365.3,390.0,425.9,448.5,439.2,474.8,481.3,543.1
800,134.4,256.0,286.4,321.0,365.3,390.0,425.9,448.5,439.2,474.8,481.3,543.1
801,129.6,248.3,280.7,315.3,360.1,385.2,420.4,444.3,435.4,470.3,476.7,539.2
802,129.6,248.3,280.7,315.3,360.1,385.2,420.4,444.3,435.4,470.3,476.7,539.2
803,129.6,248.3,280.7,315.3,360.1,385.2,420.4,444.3,435.4,470.3,476.7,539.2
804,129.6,248.3,280.7,315.3,360.1,385.2,420.4,444.3,435.4,470.3,476.7,539.2
805,124.7,240.2,274.3,308.9,354.2,380.2,415.5,439.8,432.5,465.1,473.9,536.3
806,124.7,240.2,274.3,308.9,354.2,380.2,415.5,439.8,432.5,465.1,473.9,536.3
807,124.7,240.2,274.3,308.9,354.2,380.2,415.5,439.8,432.5,465.1,473.9,536.3
808,120.4,233.0,268.4,302.7,349.2,375.4,411.4,435.6,428.3,461.0,470.6,533.7
809,120.4,233.0,268.4,302.7,349.2,375.4,411.4,435.6,428.3,461.0,470.6,533.7
810,120.4,233.0,268.4,302.7,349.2,375.4,411.4,435.6,428.3,461.0,470.6,533.7
811,120.4,233.0,268.4,302.7,349.2,375.4,411.4,435.6,428.3,461.0,470.6,533.7
812,117.2,227.4,263.3,297.2,344.8,370.1,406.6,431.5,424.4,458.0,467.5,530.7
813,117.2,227.4,263.3,297.2,344.8,370.1,406.6,431.5,424.4,458.0,467.5,530.7
814,117.2,227.4,263.3,297.2,344.8,370.1,406.6,431.5,424.4,458.0,467.5,530.7
815,117.2,227.4,263.3,297.2,344.8,370.1,406.6,431.5,424.4,458.0,467.5,530.7
816,113.8,221.3,258.5,292.3,340.2,365.7,401.7,427.7,420.2,454.3,463.9,527.8
817,113.8,221.3,258.5,292.3,340.2,365.7,401.7,427.7,420.2,454.3,463.9,527.8
818,113.8,221.3,258.5,292.3,340.2,365.7,401.7,427.7,420.2,454.3,463.9,527.8
819,111.0,215.6,253.5,286.8,335.6,361.4,397.7,424.3,416.6,450.9,460.4,524.2
820,111.0,215.6,253.5,286.8,335.6,361.4,397.7,424.3,416.6,450.9,460.4,524.2
821,111.0,215.6,253.5,286.8,335.6,361.4,397.7,424.3,416.6,450.9,460.4,524.2
822,111.0,215.6,253.5,286.8,335.6,361.4,397.7,424.3,416.6,450.9,460.4,524.2
823,108.8,211.0,249.0,282.7,332.4,358.2,394.6,420.9,412.1,447.5,456.9,520.5
824,108.8,211.0,249.0,282.7,332.4,358.2,394.6,420.9,412.1,447.5,456.9,520.5
825,108.8,211.0,249.0,282.7,332.4,358.2,394.6,420.9,412.1,447.5,456.9,520.5
826,108.8,211.0,249.0,282.7,332.4,358.2,394.6,420.9,412.1,447.5,456.9,520.5
827,106.7,206.1,244.9,278.1,328.0,354.2,390.3,416.2,407.3,444.4,453.0,518.3
828,106.7,206.1,244.9,278.1,328.0,354.2,390.3,416.2,407.3,444.4,453.0,518.3
829,106.7,206.1,244.9,278.1,328.0,354.2,390.3,416.2,407.3,444.4,453.0,518.3
830,105.1,202.5,241.9,274.7,325.4,351.2,386.4,412.8,405.0,441.3,450.0,515.0
831,105.1,202.5,241.9,274.7,325.4,351.2,386.4,412.8,405.0,441.3,450.0,515.0
832,105.1,202.5,241.9,274.7,325.4,351.2,386.4,412.8,405.0,441.3,450.0,515.0
833,105.1,202.5,241.9,274.7,325.4,351.2,386.4,412.8,405.0,441.3,450.0,515.0
834,103.4,198.1,238.1,270.8,321.2,346.8,383.4,409.8,402.4,438.0,447.3,513.1
835,103.4,198.1,238.1,270.8,321.2,346.8,383.4,409.8,402.4,438.0,447.3,513.1
836,103.4,198.1,238.1,270.8,321.2,346.8,383.4,409.8,402.4,438.0,447.3,513.1
837,101.7,194.9,235.3,267.8,318.0,343.8,379.8,406.6,399.0,434.1,443.9,509.9
838,101.7,194.9,235.3,267.8,318.0,343.8,379.8,406.6,399.0,434.1,443.9,509.9
839,101.7,194.9,235.3,267.8,318.0,343.8,379.8,406.6,399.0,434.1,443.9,509.9
840,101.7,194.9,235.3,267.8,318.0,343.8,379.8,406.6,399.0,434.1,443.9,509.9
841,100.4,191.0,232.2,264.3,314.7,340.4,376.8,403.5,396.3,431.4,441.0,507.1
842,100.4,191.0,232.2,264.3,314.7,340.4,376.8,403.5,396.3,431.4,441.0,507.1
843,100.4,191.0,232.2,264.3,314.7,340.4,376.8,403.5,396.3,431.4,441.0,507.1
844,99.2,187.9,229.4,261.5,312.0,338.0,374.1,400.4,393.3,429.0,438.3,505.3
845,99.2,187.9,229.4,261.5,312.0,338.0,374.1,400.4,393.3,429.0,438.3,505.3
846,99.2,187.9,229.4,261.5,312.0,338.0,374.1,400.4,393.3,429.0,438.3,505.3
847,99.2,187.9,229.4,261.5,312.0,338.0,374.1,400.4,393.3,429.0,438.3,505.3
848,98.3,185.2,226.9,258.6,308.6,334.7,371.2,398.2,390.1,427.1,435.5,502.7
849,98.3,185.2,226.9,258.6,308.6,334.7,371.2,398.2,390.1,427.1,435.5,502.7
850,98.3,185.2,226.9,258.6,308.6,334.7,371.2,398.2,390.1,427.1,435.5,502.7
851,98.3,185.2,226.9,258.6,308.6,334.7,371.2,398.2,390.1,427.1,435.5,502.7
852,97.4,182.2,223.8,255.6,305.6,332.5,368.5,395.7,387.6,424.2,433.4,500.4
853,97.4,182.2,223.8,255.6,305.6,332.5,368.5,395.7,387.6,424.2,433.4,500.4
854,97.4,182.2,223.8,255.6,305.6,332.5,368.5,395.7,387.6,424.2,433.4,500.4
855,97.4,182.2,223.8,255.6,305.6,332.5,368.5,395.7,387.6,424.2,433.4,500.4
856,96.3,180.1,221.3,253.1,302.7,329.6,365.8,393.1,384.2,422.2,431.1,497.2
857,96.3,180.1,221.3,253.1,302.7,329.6,365.8,393.1,384.2,422.2,431.1,497.2
858,96.3,180.1,221.3,253.1,302.7,329.6,365.8,393.1,384.2,422.2,431.1,497.2
859,96.3,180.1,221.3,253.1,302.7,329.6,365.8,393.1,384.2,422.2,431.1,497.2
860,95.1,177.1,218.1,250.1,300.5,327.1,362.4,389.1,380.0,418.2,427.3,492.7
861,95.1,177.1,218.1,250.1,300.5,327.1,362.4,389.1,380.0,418.2,427.3,492.7
862,95.1,177.1,218.1,250.1,300.5,327.1,362.4,389.1,380.0,418.2,427.3,492.7
863,94.2,174.2,215.6,246.7,297.3,323.3,358.0,384.8,374.8,418.2,427.3,492.7
864,94.2,174.2,215.6,246.7,297.3,323.3,358.0,384.8,374.8,414.1,423.2,489.6
865,94.2,174.2,215.6,246.7,297.3,323.3,358.0,384.8,374.8,414.1,423.2,489.6
866,94.2,174.2,215.6,246.7,297.3,323.3,358.0,384.8,374.8,414.1,423.2,489.6
867,93.2,171.4,212.8,243.6,294.7,320.8,354.6,381.2,372.4,411.6,419.8,486.6
868,93.2,171.4,212.8,243.6,294.7,320.8,354.6,381.2,372.4,411.6,419.8,486.6
869,93.2,171.4,212.8,243.6,294.7,320.8,354.6,381.2,372.4,411.6,419.8,486.6
870,93.2,171.4,212.8,243.6,294.7,320.8,354.6,381.2,372.4,411.6,419.8,486.6
871,92.3,168.6,210.4,241.3,292.0,318.3,351.8,378.2,369.1,409.5,416.9,483.8
872,92.3,168.6,210.4,241.3,292.0,318.3,351.8,378.2,369.1,409.5,416.9,483.8
873,92.3,168.6,210.4,241.3,292.0,318.3,351.8,378.2,369.1,409.5,416.9,483.8
874,91.4,166.0,208.3,239.1,289.2,315.7,349.0,374.8,365.7,406.0,414.2,480.9
875,91.4,166.0,208.3,239.1,289.2,315.7,349.0,374.8,365.7,406.0,414.2,480.9
876,91.4,166.0,208.3,239.1,289.2,315.7,349.0,374.8,365.7,406.0,414.2,480.9
877,91.4,166.0,208.3,239.1,289.2,315.7,349.0,374.8,365.7,406.0,414.2,480.9
878,90.3,163.1,205.9,236.4,286.9,312.6,345.6,372.4,363.0,403.2,411.5,477.9
879,90.3,163.1,205.9,236.4,286.9,312.6,345.6,372.4,363.0,403.2,411.5,477.9
880,90.3,163.1,205.9,236.4,286.9,312.6,345.6,372.4,363.0,403.2,411.5,477.9
881,90.3,163.1,205.9,236.4,286.9,312.6,345.6,372.4,363.0,403.2,411.5,477.9
882,89.4,160.4,203.6,233.9,284.6,309.2,342.4,368.9,360.0,399.6,409.1,476.1
883,89.4,160.4,203.6,233.9,284.6,309.2,342.4,368.9,360.0,399.6,409.1,476.1
884,89.4,160.4,203.6,233.9,284.6,309.2,342.4,368.9,360.0,399.6,409.1,476.1
885,88.9,158.7,201.8,232.1,282.1,306.5,340.1,366.4,357.0,396.6,406.9,473.4
886,88.9,158.7,201.8,232.1,282.1,306.5,340.1,366.4,357.0,396.6,406.9,473.4
887,88.9,158.7,201.8,232.1,282.1,306.5,340.1,366.4,357.0,396.6,406.9,473.4
888,88.9,158.7,201.8,232.1,282.1,306.5,340.1,366.4,357.0,396.6,406.9,473.4
889,88.2,156.8,199.8,229.4,278.8,303.1,337.4,363.7,354.0,393.6,404.0,470.7
890,88.2,156.8,199.8,229.4,278.8,303.1,337.4,363.7,354.0,393.6,404.0,470.7
891,88.2,156.8,199.8,229.4,278.8,303.1,337.4,363.7,354.0,393.6,404.0,470.7
892,88.2,156.8,199.8,229.4,278.8,303.1,337.4,363.7,354.0,393.6,404.0,470.7
893,87.8,154.8,197.9,227.3,276.4,300.6,334.5,361.3,352.1,391.2,402.9,468.8
894,87.8,154.8,197.9,227.3,276.4,300.6,334.5,361.3,352.1,391.2,402.9,468.8
895,87.8,154.8,197.9,227.3,276.4,300.6,334.5,361.3,352.1,391.2,402.9,468.8
896,89.2,154.3,197.7,226.8,277.3,300.6,334.7,361.8,355.2,393.3,406.2,473.9
897,89.2,154.3,197.7,226.8,277.3,300.6,334.7,361.8,355.2,393.3,406.2,473.9
898,89.2,154.3,197.7,226.8,277.3,300.6,334.7,361.8,355.2,393.3,406.2,473.9
899,89.2,154.3,197.7,226.8,277.3,300.6,334.7,361.8,355.2,393.3,406.2,473.9
900,93.5,155.8,200.3,229.5,281.7,304.5,338.6,366.4,364.3,400.8,415.9,481.6
901,93.5,155.8,200.3,229.5,281.7,304.5,338.6,366.4,364.3,400.8,415.9,481.6
902,93.5,155.8,200.3,229.5,281.7,304.5,338.6,366.4,364.3,400.8,415.9,481.6
903,93.5,155.8,200.3,229.5,281.7,304.5,338.6,366.4,364.3,400.8,415.9,481.6
904,99.2,159.3,204.0,233.6,287.6,311.8,346.6,375.6,377.2,411.8,431.2,492.6
905,99.2,159.3,204.0,233.6,287.6,311.8,346.6,375.6,377.2,411.8,431.2,492.6
906,99.2,159.3,204.0,233.6,287.6,311.8,346.6,375.6,377.2,411.8,431.2,492.6
907,105.4,164.1,208.7,238.6,292.4,318.8,354.7,385.5,389.6,423.1,443.5,501.8
908,105.4,164.1,208.7,238.6,292.4,318.8,354.7,385.5,389.6,423.1,443.5,501.8
909,105.4,164.1,208.7,238.6,292.4,318.8,354.7,385.5,389.6,423.1,443.5,501.8
910,105.4,164.1,208.7,238.6,292.4,318.8,354.7,385.5,389.6,423.1,443.5,501.8
911,111.6,168.9,213.0,243.5,297.4,326.5,363.6,394.2,400.4,433.2,455.8,508.8
912,111.6,168.9,213.0,243.5,297.4,326.5,363.6,394.2,400.4,433.2,455.8,508.8
913,111.6,168.9,213.0,243.5,297.4,326.5,363.6,394.2,400.4,433.2,455.8,508.8
914,117.0,173.0,216.5,247.3,301.6,332.3,370.3,401.4,400.4,433.2,455.8,508.8
915,117.0,173.0,216.5,247.3,301.6,332.3,370.3,401.4,409.7,441.2,465.9,514.1
916,117.0,173.0,216.5,247.3,301.6,332.3,370.3,401.4,409.7,441.2,465.9,514.1
917,117.0,173.0,216.5,247.3,301.6,332.3,370.3,401.4,409.7,441.2,465.9,514.1
918,122.6,177.6,220.2,251.3,305.6,338.2,377.2,407.2,417.3,447.8,474.1,518.3
919,122.6,177.6,220.2,251.3,305.6,338.2,377.2,407.2,417.3,447.8,474.1,518.3
920,122.6,177.6,220.2,251.3,305.6,338.2,377.2,407.2,417.3,447.8,474.1,518.3
921,122.6,177.6,220.2,251.3,305.6,338.2,377.2,407.2,417.3,447.8,474.1,518.3
922,127.3,181.4,223.3,254.7,308.6,342.5,382.1,412.2,423.7,453.0,480.5,521.6
923,127.3,181.4,223.3,254.7,308.6,342.5,382.1,412.2,423.7,453.0,480.5,521.6
924,127.3,181.4,223.3,254.7,308.6,342.5,382.1,412.2,423.7,453.0,480.5,521.6
925,131.7,184.8,226.0,257.5,311.6,346.9,387.0,416.2,429.4,457.6,485.3,522.8
926,131.7,184.8,226.0,257.5,311.6,346.9,387.0,416.2,429.4,457.6,485.3,522.8
927,131.7,184.8,226.0,257.5,311.6,346.9,387.0,416.2,429.4,457.6,485.3,522.8
928,131.7,184.8,226.0,257.5,311.6,346.9,387.0,416.2,429.4,457.6,485.3,522.8
929,136.4,188.6,228.9,260.7,313.4,350.7,391.4,420.2,434.4,461.7,489.3,523.9
930,136.4,188.6,228.9,260.7,313.4,350.7,391.4,420.2,434.4,461.7,489.3,523.9
931,136.4,188.6,228.9,260.7,313.4,350.7,391.4,420.2,434.4,461.7,489.3,523.9
932,136.4,188.6,228.9,260.7,313.4,350.7,391.4,420.2,434.4,461.7,489.3,523.9
933,140.9,192.0,231.7,263.6,315.9,353.9,394.2,422.8,438.0,464.3,492.7,525.8
934,140.9,192.0,231.7,263.6,315.9,353.9,394.2,422.8,438.0,464.3,492.7,525.8
935,140.9,192.0,231.7,263.6,315.9,353.9,394.2,422.8,438.0,464.3,492.7,525.8
936,140.9,192.0,231.7,263.6,315.9,353.9,394.2,422.8,438.0,464.3,492.7,525.8
937,145.1,195.2,234.2,265.7,317.3,356.1,397.3,425.0,441.2,466.1,495.6,527.8
938,145.1,195.2,234.2,265.7,317.3,356.1,397.3,425.0,441.2,466.1,495.6,527.8
939,145.1,195.2,234.2,265.7,317.3,356.1,397.3,425.0,441.2,466.1,495.6,527.8
940,149.0,198.4,236.4,267.7,318.9,358.4,399.4,426.7,443.8,467.8,498.2,528.7
941,149.0,198.4,236.4,267.7,318.9,358.4,399.4,426.7,443.8,467.8,498.2,528.7
942,149.0,198.4,236.4,267.7,318.9,358.4,399.4,426.7,443.8,467.8,498.2,528.7
943,149.0,198.4,236.4,267.7,318.9,358.4,399.4,426.7,443.8,467.8,498.2,528.7
944,152.4,201.3,238.4,269.6,320.3,360.6,401.1,428.4,445.9,468.9,499.0,528.3
945,152.4,201.3,238.4,269.6,320.3,360.6,401.1,428.4,445.9,468.9,499.0,528.3
946,152.4,201.3,238.4,269.6,320.3,360.6,401.1,428.4,445.9,468.9,499.0,528.3
947,152.4,201.3,238.4,269.6,320.3,360.6,401.1,428.4,445.9,468.9,499.0,528.3
948,155.8,203.6,239.8,271.0,321.4,362.1,402.8,429.4,447.3,469.8,500.2,529.0
949,155.8,203.6,239.8,271.0,321.4,362.1,402.8,429.4,447.3,469.8,500.2,529.0
950,155.8,203.6,239.8,271.0,321.4,362.1,402.8,429.4,447.3,469.8,500.2,529.0
951,158.5,206.1,241.8,272.4,322.3,363.2,403.8,430.4,448.7,470.5,501.2,529.4
952,158.5,206.1,241.8,272.4,322.3,363.2,403.8,430.4,448.7,470.5,501.2,529.4
953,158.5,206.1,241.8,272.4,322.3,363.2,403.8,430.4,448.7,470.5,501.2,529.4
954,158.5,206.1,241.8,272.4,322.3,363.2,403.8,430.4,448.7,470.5,501.2,529.4
955,161.0,208.0,243.4,273.9,323.4,364.5,405.0,430.9,449.9,470.7,501.8,528.3
956,161.0,208.0,243.4,273.9,323.4,364.5,405.0,430.9,449.9,470.7,501.8,528.3
957,161.0,208.0,243.4,273.9,323.4,364.5,405.0,430.9,449.9,470.7,501.8,528.3
958,163.8,210.0,244.4,275.0,323.8,365.2,405.7,431.4,450.6,470.8,501.9,528.3
959,163.8,210.0,244.4,275.0,323.8,365.2,405.7,431.4,450.6,470.8,501.9,528.3
960,163.8,210.0,244.4,275.0,323.8,365.2,405.7,431.4,450.6,470.8,501.9,528.3
961,163.8,210.0,244.4,275.0,323.8,365.2,405.7,431.4,450.6,470.8,501.9,528.3
962,165.9,211.6,245.7,275.9,324.3,365.8,406.2,431.5,451.1,470.9,501.9,528.0
963,165.9,211.6,245.7,275.9,324.3,365.8,406.2,431.5,451.1,470.9,501.9,528.0
964,165.9,211.6,245.7,275.9,324.3,365.8,406.2,431.5,451.1,470.9,501.9,528.0
965,167.9,213.2,246.8,276.7,324.5,366.4,406.5,432.0,451.3,470.8,501.6,527.6
966,167.9,213.2,246.8,276.7,324.5,366.4,406.5,432.0,451.3,470.8,501.6,527.6
967,167.9,213.2,246.8,276.7,324.5,366.4,406.5,432.0,451.3,470.8,501.6,527.6
968,167.9,213.2,246.8,276.7,324.5,366.4,406.5,432.0,451.3,470.8,501.6,527.6
969,170.2,214.9,247.7,277.2,324.9,367.0,406.6,432.1,451.5,470.7,501.0,526.8
970,170.2,214.9,247.7,277.2,324.9,367.0,406.6,432.1,451.5,470.7,501.0,526.8
971,170.2,214.9,247.7,277.2,324.9,367.0,406.6,432.1,451.5,470.7,501.0,526.8
972,170.2,214.9,247.7,277.2,324.9,367.0,406.6,432.1,451.5,470.7,501.0,526.8
973,172.1,216.4,248.5,277.9,325.2,367.2,406.6,432.2,451.5,470.5,500.5,525.6
974,172.1,216.4,248.5,277.9,325.2,367.2,406.6,432.2,451.5,470.5,500.5,525.6
975,172.1,216.4,248.5,277.9,325.2,367.2,406.6,432.2,451.5,470.5,500.5,525.6
976,173.8,217.6,249.4,278.7,325.6,367.2,406.6,432.2,451.6,470.1,500.3,524.9
977,173.8,217.6,249.4,278.7,325.6,367.2,406.6,432.2,451.6,470.1,500.3,524.9
978,173.8,217.6,249.4,278.7,325.6,367.2,406.6,432.2,451.6,470.1,500.3,524.9
979,173.8,217.6,249.4,278.7,325.6,367.2,406.6,432.2,451.6,470.1,500.3,524.9
980,175.2,218.8,250.2,279.4,325.8,367.2,406.5,432.1,451.3,469.5,499.2,523.7
981,175.2,218.8,250.2,279.4,325.8,367.2,406.5,432.1,451.3,469.5,499.2,523.7
982,175.2,218.8,250.2,279.4,325.8,367.2,406.5,432.1,451.3,469.5,499.2,523.7
983,175.2,218.8,250.2,279.4,325.8,367.2,406.5,432.1,451.3,469.5,499.2,523.7
984,177.2,219.8,250.9,279.9,325.8,367.3,406.3,431.9,451.2,469.2,498.6,522.8
985,177.2,219.8,250.9,279.9,325.8,367.3,406.3,431.9,451.2,469.2,498.6,522.8
986,177.2,219.8,250.9,279.9,325.8,367.3,406.3,431.9,451.2,469.2,498.6,522.8
987,178.5,220.6,251.5,280.5,325.6,367.2,405.9,431.2,450.7,468.4,498.4,522.3
988,178.5,220.6,251.5,280.5,325.6,367.2,405.9,431.2,450.7,468.4,498.4,522.3
989,178.5,220.6,251.5,280.5,325.6,367.2,405.9,431.2,450.7,468.4,498.4,522.3
990,178.5,220.6,251.5,280.5,325.6,367.2,405.9,431.2,450.7,468.4,498.4,522.3
991,180.3,221.6,251.9,280.9,325.6,367.1,405.6,430.6,450.2,467.5,497.8,521.6
992,180.3,221.6,251.9,280.9,325.6,367.1,405.6,430.6,450.2,467.5,497.8,521.6
993,180.3,221.6,251.9,280.9,325.6,367.1,405.6,430.6,450.2,467.5,497.8,521.6
994,180.3,221.6,251.9,280.9,325.6,367.1,405.6,430.6,450.2,467.5,497.8,521.6
995,181.7,222.2,252.4,280.9,325.6,366.6,405.1,430.5,449.8,467.0,497.6,521.3
996,181.7,222.2,252.4,280.9,325.6,366.6,405.1,430.5,449.8,467.0,497.6,521.3
997,181.7,222.2,252.4,280.9,325.6,366.6,405.1,430.5,449.8,467.0,497.6,521.3
998,182.6,223.2,252.8,280.9,325.4,366.5,404.8,430.0,449.3,466.0,497.1,521.0
999,182.6,223.2,252.8,280.9,325.4,366.5,404.8,430.0,449.3,466.0,497.1,521.0
1000,182.6,223.2,252.8,280.9,325.4,366.5,404.8,430.0,449.3,466.0,497.1,521.0
1001,182.6,223.2,252.8,280.9,325.4,366.5,404.8,430.0,449.3,466.0,497.1,521.0
1002,183.8,223.6,252.9,280.9,325.0,366.3,404.2,429.4,448.7,465.2,496.3,520.9
1003,183.8,223.6,252.9,280.9,325.0,366.3,404.2,429.4,448.7,465.2,496.3,520.9
1004,183.8,223.6,252.9,280.9,325.0,366.3,404.2,429.4,448.7,465.2,496.3,520.9
1005,184.6,224.1,253.2,281.0,324.8,365.8,403.7,428.8,448.0,464.3,496.0,520.3
1006,184.6,224.1,253.2,281.0,324.8,365.8,403.7,428.8,448.0,464.3,496.0,520.3
1007,184.6,224.1,253.2,281.0,324.8,365.8,403.7,428.8,448.0,464.3,496.0,520.3
1008,184.6,224.1,253.2,281.0,324.8,365.8,403.7,428.8,448.0,464.3,496.0,520.3
1009,185.8,224.7,253.5,281.0,324.4,365.5,403.2,428.4,447.7,463.6,495.6,519.7
1010,185.8,224.7,253.5,281.0,324.4,365.5,403.2,428.4,447.7,463.6,495.6,519.7
1011,185.8,224.7,253.5,281.0,324.4,365.5,403.2,428.4,447.7,463.6,495.6,519.7
1012,186.2,225.2,253.6,280.9,324.3,364.9,402.6,427.8,446.8,462.4,494.5,518.6
1013,186.2,225.2,253.6,280.9,324.3,364.9,402.6,427.8,446.8,462.4,494.5,518.6
1014,186.2,225.2,253.6,280.9,324.3,364.9,402.6,427.8,446.8,462.4,494.5,518.6
1015,186.2,225.2,253.6,280.9,324.3,364.9,402.6,427.8,446.8,462.4,494.5,518.6
1016,186.9,225.5,253.7,280.8,324.1,364.6,402.1,427.1,446.4,461.9,493.1,516.9
1017,186.9,225.5,253.7,280.8,324.1,364.6,402.1,427.1,446.4,461.9,493.1,516.9
1018,186.9,225.5,253.7,280.8,324.1,364.6,402.1,427.1,446.4,461.9,493.1,516.9
1019,186.9,225.5,253.7,280.8,324.1,364.6,402.1,427.1,446.4,461.9,493.1,516.9
1020,187.6,225.9,253.8,280.7,323.8,364.2,401.4,426.4,445.6,461.2,492.3,516.2
1021,187.6,225.9,253.8,280.7,323.8,364.2,401.4,426.4,445.6,461.2,492.3,516.2
1022,187.6,225.9,253.8,280.7,323.8,364.2,401.4,426.4,445.6,461.2,492.3,516.2
1023,188.4,226.3,254.0,280.5,323.4,363.7,400.8,425.8,444.9,460.6,491.7,516.1
1024,188.4,226.3,254.0,280.5,323.4,363.7,400.8,425.8,444.9,460.6,491.7,516.1
1025,188.4,226.3,254.0,280.5,323.4,363.7,400.8,425.8,444.9,460.6,491.7,516.1
1026,188.4,226.3,254.0,280.5,323.4,363.7,400.8,425.8,444.9,460.6,491.7,516.1
1027,189.1,226.3,254.0,280.2,323.0,363.2,400.1,425.0,444.2,459.7,491.2,515.7
1028,189.1,226.3,254.0,280.2,323.0,363.2,400.1,425.0,444.2,459.7,491.2,515.7
1029,189.1,226.3,254.0,280.2,323.0,363.2,400.1,425.0,444.2,459.7,491.2,515.7
1030,189.1,226.3,254.0,280.2,323.0,363.2,400.1,425.0,444.2,459.7,491.2,515.7
1031,189.1,226.8,253.9,280.0,322.6,362.8,399.4,424.3,443.1,458.8,490.2,514.4
1032,189.1,226.8,253.9,280.0,322.6,362.8,399.4,424.3,443.1,458.8,490.2,514.4
1033,189.1,226.8,253.9,280.0,322.6,362.8,399.4,424.3,443.1,458.8,490.2,514.4
1034,189.7,227.0,254.0,279.8,322.3,362.3,398.7,423.3,442.4,457.8,489.3,513.8
1035,189.7,227.0,254.0,279.8,322.3,362.3,398.7,423.3,442.4,457.8,489.3,513.8
1036,189.7,227.0,254.0,279.8,322.3,362.3,398.7,423.3,442.4,457.8,489.3,513.8
1037,189.7,227.0,254.0,279.8,322.3,362.3,398.7,423.3,442.4,457.8,489.3,513.8
1038,190.4,227.1,253.9,279.5,322.0,361.8,397.9,422.6,441.6,457.0,488.6,513.1
1039,190.4,227.1,253.9,279.5,322.0,361.8,397.9,422.6,441.6,457.0,488.6,513.1
1040,190.4,227.1,253.9,279.5,322.0,361.8,397.9,422.6,441.6,457.0,488.6,513.1
1041,190.4,227.0,253.8,279.4,321.6,361.3,397.3,421.8,440.8,456.4,487.9,512.4
1042,190.4,227.0,253.8,279.4,321.6,361.3,397.3,421.8,440.8,456.4,487.9,512.4
1043,190.4,227.0,253.8,279.4,321.6,361.3,397.3,421.8,440.8,456.4,487.9,512.4
1044,190.4,227.0,253.8,279.4,321.6,361.3,397.3,421.8,440.8,456.4,487.9,512.4
1045,190.8,227.3,253.8,279.2,321.0,360.7,396.7,421.2,440.1,455.5,487.1,511.7
1046,190.8,227.3,253.8,279.2,321.0,360.7,396.7,421.2,440.1,455.5,487.1,511.7
1047,190.8,227.3,253.8,279.2,321.0,360.7,396.7,421.2,440.1,455.5,487.1,511.7
1048,190.8,227.3,253.8,279.2,321.0,360.7,396.7,421.2,440.1,455.5,487.1,511.7
1049,191.1,227.3,253.8,279.1,321.0,360.3,396.0,420.3,439.2,454.3,486.0,510.4
1050,191.1,227.3,253.8,279.1,321.0,360.3,396.0,420.3,439.2,454.3,486.0,510.4
1051,191.1,227.3,253.8,279.1,321.0,360.3,396.0,420.3,439.2,454.3,486.0,510.4
1052,191.1,227.3,253.8,279.1,321.0,360.3,396.0,420.3,439.2,454.3,486.0,510.4
1053,191.5,227.3,253.7,278.6,320.4,359.7,395.3,419.6,438.5,453.6,485.4,509.3
1054,191.5,227.3,253.7,278.6,320.4,359.7,395.3,419.6,438.5,453.6,485.4,509.3
1055,191.5,227.3,253.7,278.6,320.4,359.7,395.3,419.6,438.5,453.6,485.4,509.3
1056,191.5,227.3,253.7,278.6,320.4,359.7,395.3,419.6,438.5,453.6,485.4,509.3
1057,191.5,227.0,253.6,278.1,320.0,359.2,394.7,418.8,437.7,452.7,484.5,508.6
1058,191.5,227.0,253.6,278.1,320.0,359.2,394.7,418.8,437.7,452.7,484.5,508.6
1059,191.5,227.0,253.6,278.1,320.0,359.2,394.7,418.8,437.7,452.7,484.5,508.6
1060,191.5,227.0,253.6,277.8,319.5,358.6,393.9,418.1,436.8,452.0,483.2,507.6
1061,191.5,227.0,253.6,277.8,319.5,358.6,393.9,418.1,436.8,452.0,483.2,507.6
1062,191.5,227.0,253.6,277.8,319.5,358.6,393.9,418.1,436.8,452.0,483.2,507.6
1063,191.5,227.0,253.6,277.8,319.5,358.6,393.9,418.1,436.8,452.0,483.2,507.6
1064,191.7,227.0,253.7,277.5,319.0,358.2,393.4,417.6,436.2,451.3,482.2,506.1
1065,191.7,227.0,253.7,277.5,319.0,358.2,393.4,417.6,436.2,451.3,482.2,506.1
1066,191.7,227.0,253.7,277.5,319.0,358.2,393.4,417.6,436.2,451.3,482.2,506.1
1067,191.7,227.0,253.7,277.5,319.0,358.2,393.4,417.6,436.2,451.3,482.2,506.1
1068,191.7,227.0,253.7,277.1,318.6,357.6,392.7,416.9,435.4,450.6,481.1,504.3
1069,191.7,227.0,253.7,277.1,318.6,357.6,392.7,416.9,435.4,450.6,481.1,504.3
1070,191.7,227.0,253.7,277.1,318.6,357.6,392.7,416.9,435.4,450.6,481.1,504.3
1071,191.7,227.0,253.7,277.1,318.6,357.6,392.7,416.9,435.4,450.6,481.1,504.3
1072,191.7,226.9,253.3,276.7,318.1,357.0,392.0,416.0,434.6,449.8,480.2,503.3
1073,191.7,226.9,253.3,276.7,318.1,357.0,392.0,416.0,434.6,449.8,480.2,503.3
1074,191.7,226.9,253.3,276.7,318.1,357.0,392.0,416.0,434.6,449.8,480.2,503.3
1075,191.7,226.9,253.3,276.7,318.1,357.0,392.0,416.0,434.6,449.8,480.2,503.3
1076,191.8,227.1,253.2,276.3,317.9,356.5,391.1,415.0,433.6,448.9,478.8,501.8
1077,191.8,227.1,253.2,276.3,317.9,356.5,391.1,415.0,433.6,448.9,478.8,501.8
1078,191.8,227.1,253.2,276.3,317.9,356.5,391.1,415.0,433.6,448.9,478.8,501.8
1079,191.7,226.9,252.8,275.7,317.4,355.8,390.4,414.3,432.8,448.1,477.9,501.2
1080,191.7,226.9,252.8,275.7,317.4,355.8,390.4,414.3,432.8,448.1,477.9,501.2
