Tempo,P2,P3,P4,P5,P6,P7,P8,P9,P11,P13
0,391.0,362.0,264.0,318.0,238.0,204.0,167.0,150.0,86.0,0.0
1,391.0,363.0,266.0,319.0,238.0,205.0,168.0,151.0,88.0,0.0
2,391.0,363.0,266.0,319.0,238.0,205.0,168.0,151.0,88.0,0.0
3,391.0,363.0,266.0,319.0,238.0,205.0,168.0,151.0,88.0,0.0
4,391.0,363.0,266.0,319.0,238.0,205.0,168.0,151.0,88.0,0.0
5,392.0,364.0,265.0,319.0,239.0,205.0,168.0,151.0,87.0,0.0
6,392.0,364.0,265.0,319.0,239.0,205.0,168.0,151.0,87.0,0.0
7,392.0,364.0,265.0,319.0,239.0,205.0,168.0,151.0,87.0,0.0
8,392.0,363.0,266.0,319.0,239.0,205.0,169.0,151.0,87.0,0.0
9,392.0,363.0,266.0,319.0,239.0,205.0,169.0,151.0,87.0,0.0
10,392.0,363.0,266.0,319.0,239.0,205.0,169.0,151.0,87.0,0.0
11,392.0,363.0,266.0,319.0,239.0,205.0,169.0,151.0,87.0,0.0
12,393.0,363.0,266.0,319.0,239.0,205.0,168.0,151.0,87.0,0.0
13,393.0,363.0,266.0,319.0,239.0,205.0,168.0,151.0,87.0,0.0
14,393.0,363.0,266.0,319.0,239.0,205.0,168.0,151.0,87.0,0.0
15,393.0,363.0,266.0,319.0,239.0,205.0,168.0,151.0,87.0,0.0
16,391.0,362.0,263.0,317.0,238.0,204.0,167.0,149.0,86.0,0.0
17,391.0,362.0,263.0,317.0,238.0,204.0,167.0,149.0,86.0,0.0
18,391.0,362.0,263.0,317.0,238.0,204.0,167.0,149.0,86.0,0.0
19,391.0,362.0,263.0,317.0,238.0,204.0,167.0,149.0,86.0,0.0
20,392.0,363.0,265.0,319.0,238.0,204.0,167.0,150.0,86.0,0.0
21,392.0,363.0,265.0,319.0,238.0,204.0,167.0,150.0,86.0,0.0
22,392.0,363.0,265.0,319.0,238.0,204.0,167.0,150.0,86.0,0.0
23,391.0,362.0,262.0,316.0,236.0,203.0,166.0,148.0,84.0,0.0
24,391.0,362.0,262.0,316.0,236.0,203.0,166.0,148.0,84.0,0.0
25,391.0,362.0,262.0,316.0,236.0,203.0,166.0,148.0,84.0,0.0
26,391.0,362.0,262.0,316.0,236.0,203.0,166.0,148.0,84.0,0.0
27,389.0,360.0,261.0,315.0,236.0,201.0,164.0,146.0,83.0,0.0
28,389.0,360.0,261.0,315.0,236.0,201.0,164.0,146.0,83.0,0.0
29,389.0,360.0,261.0,315.0,236.0,201.0,164.0,146.0,83.0,0.0
30,389.0,360.0,261.0,315.0,236.0,201.0,164.0,146.0,83.0,0.0
31,389.0,359.0,262.0,315.0,235.0,202.0,165.0,147.0,82.0,0.0
32,389.0,359.0,262.0,315.0,235.0,202.0,165.0,147.0,82.0,0.0
33,389.0,359.0,262.0,315.0,235.0,202.0,165.0,147.0,82.0,0.0
34,387.0,359.0,261.0,315.0,234.0,201.0,164.0,146.0,81.0,0.0
35,387.0,359.0,261.0,315.0,234.0,201.0,164.0,146.0,81.0,0.0
36,387.0,359.0,261.0,315.0,234.0,201.0,164.0,146.0,81.0,0.0
37,387.0,359.0,261.0,315.0,234.0,201.0,164.0,146.0,81.0,0.0
38,387.0,360.0,260.0,314.0,234.0,200.0,163.0,144.0,80.0,0.0
39,387.0,360.0,260.0,314.0,234.0,200.0,163.0,144.0,80.0,0.0
40,387.0,360.0,260.0,314.0,234.0,200.0,163.0,144.0,80.0,0.0
41,387.0,360.0,260.0,314.0,234.0,200.0,163.0,144.0,80.0,0.0
42,385.0,356.0,258.0,312.0,232.0,197.0,160.0,142.0,78.0,0.0
43,385.0,356.0,258.0,312.0,232.0,197.0,160.0,142.0,78.0,0.0
44,385.0,356.0,258.0,312.0,232.0,197.0,160.0,142.0,78.0,0.0
45,384.0,355.0,257.0,311.0,231.0,196.0,159.0,142.0,77.0,0.0
46,384.0,355.0,257.0,311.0,231.0,196.0,159.0,142.0,77.0,0.0
47,384.0,355.0,257.0,311.0,231.0,196.0,159.0,142.0,77.0,0.0
48,384.0,355.0,257.0,311.0,231.0,196.0,159.0,142.0,77.0,0.0
49,384.0,355.0,257.0,311.0,231.0,197.0,160.0,142.0,77.0,0.0
50,384.0,355.0,257.0,311.0,231.0,197.0,160.0,142.0,77.0,0.0
51,384.0,355.0,257.0,311.0,231.0,197.0,160.0,142.0,77.0,0.0
52,384.0,355.0,257.0,311.0,231.0,197.0,160.0,142.0,77.0,0.0
53,383.0,354.0,256.0,310.0,230.0,196.0,159.0,140.0,76.0,0.0
54,383.0,354.0,256.0,310.0,230.0,196.0,159.0,140.0,76.0,0.0
55,383.0,354.0,256.0,310.0,230.0,196.0,159.0,140.0,76.0,0.0
56,381.0,354.0,255.0,308.0,228.0,194.0,157.0,139.0,74.0,0.0
57,381.0,354.0,255.0,308.0,228.0,194.0,157.0,139.0,74.0,0.0
58,381.0,354.0,255.0,308.0,228.0,194.0,157.0,139.0,74.0,0.0
59,381.0,354.0,255.0,308.0,228.0,194.0,157.0,139.0,74.0,0.0
60,381.0,352.0,254.0,308.0,225.0,191.0,155.0,136.0,72.0,0.0
61,381.0,352.0,254.0,308.0,225.0,191.0,155.0,136.0,72.0,0.0
62,381.0,352.0,254.0,308.0,225.0,191.0,155.0,136.0,72.0,0.0
63,381.0,352.0,254.0,308.0,225.0,191.0,155.0,136.0,72.0,0.0
64,378.0,350.0,252.0,306.0,226.0,191.0,153.0,135.0,70.0,0.0
65,378.0,350.0,252.0,306.0,226.0,191.0,153.0,135.0,70.0,0.0
66,378.0,350.0,252.0,306.0,226.0,191.0,153.0,135.0,70.0,0.0
67,378.0,350.0,252.0,306.0,226.0,191.0,153.0,135.0,70.0,0.0
68,377.0,348.0,250.0,305.0,223.0,189.0,152.0,133.0,68.0,0.0
69,377.0,348.0,250.0,305.0,223.0,189.0,152.0,133.0,68.0,0.0
70,377.0,348.0,250.0,305.0,223.0,189.0,152.0,133.0,68.0,0.0
71,377.0,348.0,248.0,303.0,223.0,188.0,151.0,132.0,67.0,0.0
72,377.0,348.0,248.0,303.0,223.0,188.0,151.0,132.0,67.0,0.0
73,377.0,348.0,248.0,303.0,223.0,188.0,151.0,132.0,67.0,0.0
74,377.0,348.0,248.0,303.0,223.0,188.0,151.0,132.0,67.0,0.0
75,375.0,346.0,247.0,301.0,221.0,187.0,149.0,130.0,65.0,0.0
76,375.0,346.0,247.0,301.0,221.0,187.0,149.0,130.0,65.0,0.0
77,375.0,346.0,247.0,301.0,221.0,187.0,149.0,130.0,65.0,0.0
78,375.0,346.0,247.0,301.0,221.0,187.0,149.0,130.0,65.0,0.0
79,373.0,343.0,245.0,299.0,218.0,183.0,146.0,128.0,62.0,0.0
80,373.0,343.0,245.0,299.0,218.0,183.0,146.0,128.0,62.0,0.0
81,373.0,343.0,245.0,299.0,218.0,183.0,146.0,128.0,62.0,0.0
82,371.0,342.0,243.0,299.0,217.0,182.0,145.0,127.0,61.0,0.0
83,371.0,342.0,243.0,299.0,217.0,182.0,145.0,127.0,61.0,0.0
84,371.0,342.0,243.0,299.0,217.0,182.0,145.0,127.0,61.0,0.0
85,371.0,342.0,243.0,299.0,217.0,182.0,145.0,127.0,61.0,0.0
86,370.0,342.0,242.0,296.0,215.0,180.0,143.0,125.0,58.0,0.0
87,370.0,342.0,242.0,296.0,215.0,180.0,143.0,125.0,58.0,0.0
88,370.0,342.0,242.0,296.0,215.0,180.0,143.0,125.0,58.0,0.0
89,370.0,342.0,242.0,296.0,215.0,180.0,143.0,125.0,58.0,0.0
90,370.0,340.0,239.0,295.0,214.0,179.0,142.0,123.0,57.0,0.0
91,370.0,340.0,239.0,295.0,214.0,179.0,142.0,123.0,57.0,0.0
92,370.0,340.0,239.0,295.0,214.0,179.0,142.0,123.0,57.0,0.0
93,365.0,338.0,239.0,292.0,210.0,175.0,138.0,120.0,53.0,0.0
94,365.0,338.0,239.0,292.0,210.0,175.0,138.0,120.0,53.0,0.0
95,365.0,338.0,239.0,292.0,210.0,175.0,138.0,120.0,53.0,0.0
96,365.0,338.0,239.0,292.0,210.0,175.0,138.0,120.0,53.0,0.0
97,365.0,335.0,234.0,290.0,208.0,174.0,136.0,118.0,51.0,0.0
98,365.0,335.0,234.0,290.0,208.0,174.0,136.0,118.0,51.0,0.0
99,365.0,335.0,234.0,290.0,208.0,174.0,136.0,118.0,51.0,0.0
100,365.0,335.0,234.0,290.0,208.0,174.0,136.0,118.0,51.0,0.0
101,362.0,333.0,232.0,288.0,207.0,172.0,134.0,115.0,48.0,0.0
102,362.0,333.0,232.0,288.0,207.0,172.0,134.0,115.0,48.0,0.0
103,362.0,333.0,232.0,288.0,207.0,172.0,134.0,115.0,48.0,0.0
104,359.0,330.0,231.0,286.0,204.0,169.0,131.0,113.0,45.0,0.0
105,359.0,330.0,231.0,286.0,204.0,169.0,131.0,113.0,45.0,0.0
106,359.0,330.0,231.0,286.0,204.0,169.0,131.0,113.0,45.0,0.0
107,359.0,330.0,231.0,286.0,204.0,169.0,131.0,113.0,45.0,0.0
108,358.0,329.0,229.0,284.0,202.0,167.0,129.0,111.0,43.0,0.0
109,358.0,329.0,229.0,284.0,202.0,167.0,129.0,111.0,43.0,0.0
110,358.0,329.0,229.0,284.0,202.0,167.0,129.0,111.0,43.0,0.0
111,358.0,329.0,229.0,284.0,202.0,167.0,129.0,111.0,43.0,0.0
112,356.0,328.0,228.0,282.0,202.0,166.0,128.0,110.0,42.0,0.0
113,356.0,328.0,228.0,282.0,202.0,166.0,128.0,110.0,42.0,0.0
114,356.0,328.0,228.0,282.0,202.0,166.0,128.0,110.0,42.0,0.0
115,355.0,325.0,227.0,281.0,198.0,163.0,125.0,107.0,39.0,0.0
116,355.0,325.0,227.0,281.0,198.0,163.0,125.0,107.0,39.0,0.0
117,355.0,325.0,227.0,281.0,198.0,163.0,125.0,107.0,39.0,0.0
118,355.0,325.0,227.0,281.0,198.0,163.0,125.0,107.0,39.0,0.0
119,354.0,324.0,224.0,279.0,198.0,163.0,124.0,106.0,39.0,0.0
120,354.0,324.0,224.0,279.0,198.0,163.0,124.0,106.0,39.0,0.0
121,354.0,324.0,224.0,279.0,198.0,163.0,124.0,106.0,39.0,0.0
122,354.0,324.0,224.0,279.0,198.0,163.0,124.0,106.0,39.0,0.0
123,350.0,321.0,223.0,277.0,195.0,160.0,122.0,104.0,36.0,0.0
124,350.0,321.0,223.0,277.0,195.0,160.0,122.0,104.0,36.0,0.0
125,350.0,321.0,223.0,277.0,195.0,160.0,122.0,104.0,36.0,0.0
126,350.0,321.0,223.0,277.0,195.0,160.0,122.0,104.0,36.0,0.0
127,350.0,320.0,220.0,275.0,194.0,158.0,119.0,101.0,34.0,0.0
128,350.0,320.0,220.0,275.0,194.0,158.0,119.0,101.0,34.0,0.0
129,350.0,320.0,220.0,275.0,194.0,158.0,119.0,101.0,34.0,0.0
130,350.0,320.0,220.0,275.0,194.0,158.0,119.0,101.0,34.0,0.0
131,347.0,317.0,217.0,273.0,191.0,155.0,117.0,99.0,31.0,0.0
132,347.0,317.0,217.0,273.0,191.0,155.0,117.0,99.0,31.0,0.0
133,347.0,317.0,217.0,273.0,191.0,155.0,117.0,99.0,31.0,0.0
134,347.0,317.0,217.0,273.0,191.0,155.0,117.0,99.0,31.0,0.0
135,343.0,315.0,215.0,271.0,188.0,152.0,114.0,96.0,28.0,0.0
136,343.0,315.0,215.0,271.0,188.0,152.0,114.0,96.0,28.0,0.0
137,343.0,315.0,215.0,271.0,188.0,152.0,114.0,96.0,28.0,0.0
138,343.0,315.0,215.0,271.0,188.0,152.0,114.0,96.0,28.0,0.0
139,344.0,314.0,213.0,269.0,188.0,153.0,114.0,95.0,29.0,0.0
140,344.0,314.0,213.0,269.0,188.0,153.0,114.0,95.0,29.0,0.0
141,344.0,314.0,213.0,269.0,188.0,153.0,114.0,95.0,29.0,0.0
142,344.0,314.0,213.0,269.0,188.0,153.0,114.0,95.0,29.0,0.0
143,342.0,312.0,214.0,269.0,186.0,150.0,112.0,94.0,27.0,0.0
144,342.0,312.0,214.0,269.0,186.0,150.0,112.0,94.0,27.0,0.0
145,342.0,312.0,214.0,269.0,186.0,150.0,112.0,94.0,27.0,0.0
146,340.0,311.0,210.0,264.0,184.0,148.0,109.0,90.0,24.0,0.0
147,340.0,311.0,210.0,264.0,184.0,148.0,109.0,90.0,24.0,0.0
148,340.0,311.0,210.0,264.0,184.0,148.0,109.0,90.0,24.0,0.0
149,340.0,311.0,210.0,264.0,184.0,148.0,109.0,90.0,24.0,0.0
150,337.0,309.0,209.0,263.0,181.0,146.0,106.0,88.0,22.0,0.0
151,337.0,309.0,209.0,263.0,181.0,146.0,106.0,88.0,22.0,0.0
152,337.0,309.0,209.0,263.0,181.0,146.0,106.0,88.0,22.0,0.0
153,336.0,308.0,207.0,262.0,180.0,144.0,105.0,87.0,21.0,0.0
154,336.0,308.0,207.0,262.0,180.0,144.0,105.0,87.0,21.0,0.0
155,336.0,308.0,207.0,262.0,180.0,144.0,105.0,87.0,21.0,0.0
156,336.0,308.0,207.0,262.0,180.0,144.0,105.0,87.0,21.0,0.0
157,333.0,302.0,203.0,259.0,175.0,140.0,101.0,84.0,16.0,0.0
158,333.0,302.0,203.0,259.0,175.0,140.0,101.0,84.0,16.0,0.0
159,333.0,302.0,203.0,259.0,175.0,140.0,101.0,84.0,16.0,0.0
160,332.0,304.0,202.0,258.0,176.0,139.0,101.0,83.0,16.0,0.0
161,332.0,304.0,202.0,258.0,176.0,139.0,101.0,83.0,16.0,0.0
162,332.0,304.0,202.0,258.0,176.0,139.0,101.0,83.0,16.0,0.0
163,332.0,304.0,202.0,258.0,176.0,139.0,101.0,83.0,16.0,0.0
164,331.0,300.0,200.0,256.0,173.0,137.0,98.0,80.0,14.0,0.0
165,331.0,300.0,200.0,256.0,173.0,137.0,98.0,80.0,14.0,0.0
166,331.0,300.0,200.0,256.0,173.0,137.0,98.0,80.0,14.0,0.0
167,331.0,300.0,200.0,256.0,173.0,137.0,98.0,80.0,14.0,0.0
168,330.0,300.0,200.0,256.0,173.0,137.0,98.0,80.0,14.0,0.0
169,330.0,300.0,200.0,256.0,173.0,137.0,98.0,80.0,14.0,0.0
170,330.0,300.0,200.0,256.0,173.0,137.0,98.0,80.0,14.0,0.0
171,327.0,298.0,197.0,252.0,171.0,135.0,96.0,78.0,12.0,0.0
172,327.0,298.0,197.0,252.0,171.0,135.0,96.0,78.0,12.0,0.0
173,327.0,298.0,197.0,252.0,171.0,135.0,96.0,78.0,12.0,0.0
174,327.0,298.0,197.0,252.0,171.0,135.0,96.0,78.0,12.0,0.0
175,327.0,298.0,197.0,253.0,171.0,134.0,95.0,77.0,13.0,0.0
176,327.0,298.0,197.0,253.0,171.0,134.0,95.0,77.0,13.0,0.0
177,327.0,298.0,197.0,253.0,171.0,134.0,95.0,77.0,13.0,0.0
178,327.0,298.0,197.0,253.0,171.0,134.0,95.0,77.0,13.0,0.0
179,325.0,296.0,195.0,251.0,171.0,133.0,93.0,75.0,11.0,0.0
180,325.0,296.0,195.0,251.0,171.0,133.0,93.0,75.0,11.0,0.0
181,325.0,296.0,195.0,251.0,171.0,133.0,93.0,75.0,11.0,0.0
182,324.0,296.0,194.0,249.0,167.0,131.0,92.0,74.0,10.0,0.0
183,324.0,296.0,194.0,249.0,167.0,131.0,92.0,74.0,10.0,0.0
184,324.0,296.0,194.0,249.0,167.0,131.0,92.0,74.0,10.0,0.0
185,324.0,296.0,194.0,249.0,167.0,131.0,92.0,74.0,10.0,0.0
186,322.0,292.0,192.0,247.0,164.0,127.0,89.0,71.0,6.0,0.0
187,322.0,292.0,192.0,247.0,164.0,127.0,89.0,71.0,6.0,0.0
188,322.0,292.0,192.0,247.0,164.0,127.0,89.0,71.0,6.0,0.0
189,322.0,292.0,192.0,247.0,164.0,127.0,89.0,71.0,6.0,0.0
190,320.0,291.0,190.0,246.0,163.0,126.0,88.0,70.0,6.0,0.0
191,320.0,291.0,190.0,246.0,163.0,126.0,88.0,70.0,6.0,0.0
192,320.0,291.0,190.0,246.0,163.0,126.0,88.0,70.0,6.0,0.0
193,320.0,289.0,189.0,245.0,163.0,126.0,86.0,68.0,6.0,0.0
194,320.0,289.0,189.0,245.0,163.0,126.0,86.0,68.0,6.0,0.0
195,320.0,289.0,189.0,245.0,163.0,126.0,86.0,68.0,6.0,0.0
196,320.0,289.0,189.0,245.0,163.0,126.0,86.0,68.0,6.0,0.0
197,318.0,289.0,189.0,245.0,162.0,124.0,86.0,68.0,5.0,0.0
198,318.0,289.0,189.0,245.0,162.0,124.0,86.0,68.0,5.0,0.0
199,318.0,289.0,189.0,245.0,162.0,124.0,86.0,68.0,5.0,0.0
200,318.0,289.0,189.0,245.0,162.0,124.0,86.0,68.0,5.0,0.0
201,314.0,285.0,185.0,241.0,157.0,120.0,82.0,64.0,1.0,0.0
202,314.0,285.0,185.0,241.0,157.0,120.0,82.0,64.0,1.0,0.0
203,314.0,285.0,185.0,241.0,157.0,120.0,82.0,64.0,1.0,0.0
204,315.0,286.0,185.0,239.0,157.0,121.0,82.0,63.0,2.0,0.0
205,315.0,286.0,185.0,239.0,157.0,121.0,82.0,63.0,2.0,0.0
206,315.0,286.0,185.0,239.0,157.0,121.0,82.0,63.0,2.0,0.0
207,315.0,286.0,185.0,239.0,157.0,121.0,82.0,63.0,2.0,0.0
208,314.0,283.0,182.0,239.0,156.0,119.0,81.0,62.0,2.0,0.0
209,314.0,283.0,182.0,239.0,156.0,119.0,81.0,62.0,2.0,0.0
210,314.0,283.0,182.0,239.0,156.0,119.0,81.0,62.0,2.0,0.0
211,314.0,283.0,182.0,239.0,156.0,119.0,81.0,62.0,2.0,0.0
212,313.0,285.0,183.0,238.0,155.0,118.0,79.0,61.0,1.0,0.0
213,313.0,285.0,183.0,238.0,155.0,118.0,79.0,61.0,1.0,0.0
214,313.0,285.0,183.0,238.0,155.0,118.0,79.0,61.0,1.0,0.0
215,312.0,283.0,180.0,237.0,155.0,117.0,78.0,60.0,2.0,0.0
216,312.0,283.0,180.0,237.0,155.0,117.0,78.0,60.0,2.0,0.0
217,312.0,283.0,180.0,237.0,155.0,117.0,78.0,60.0,2.0,0.0
218,312.0,283.0,180.0,237.0,155.0,117.0,78.0,60.0,2.0,0.0
219,310.0,279.0,177.0,233.0,154.0,114.0,76.0,57.0,1.0,0.0
220,310.0,279.0,177.0,233.0,154.0,114.0,76.0,57.0,1.0,0.0
221,310.0,279.0,177.0,233.0,154.0,114.0,76.0,57.0,1.0,0.0
222,306.0,277.0,176.0,232.0,149.0,110.0,72.0,54.0,-3.0,0.0
223,306.0,277.0,176.0,232.0,149.0,110.0,72.0,54.0,-3.0,0.0
224,306.0,277.0,176.0,232.0,149.0,110.0,72.0,54.0,-3.0,0.0
225,306.0,277.0,176.0,232.0,149.0,110.0,72.0,54.0,-3.0,0.0
226,304.0,276.0,174.0,230.0,147.0,108.0,70.0,52.0,-2.0,0.0
227,304.0,276.0,174.0,230.0,147.0,108.0,70.0,52.0,-2.0,0.0
228,304.0,276.0,174.0,230.0,147.0,108.0,70.0,52.0,-2.0,0.0
229,304.0,276.0,174.0,230.0,147.0,108.0,70.0,52.0,-2.0,0.0
230,301.0,272.0,172.0,227.0,145.0,106.0,68.0,50.0,-3.0,0.0
231,301.0,272.0,172.0,227.0,145.0,106.0,68.0,50.0,-3.0,0.0
232,301.0,272.0,172.0,227.0,145.0,106.0,68.0,50.0,-3.0,0.0
233,301.0,272.0,172.0,227.0,145.0,106.0,68.0,50.0,-3.0,0.0
234,302.0,273.0,172.0,227.0,145.0,106.0,67.0,50.0,1.0,0.0
235,302.0,273.0,172.0,227.0,145.0,106.0,67.0,50.0,1.0,0.0
236,302.0,273.0,172.0,227.0,145.0,106.0,67.0,50.0,1.0,0.0
237,299.0,270.0,169.0,222.0,141.0,102.0,63.0,46.0,-3.0,0.0
238,299.0,270.0,169.0,222.0,141.0,102.0,63.0,46.0,-3.0,0.0
239,299.0,270.0,169.0,222.0,141.0,102.0,63.0,46.0,-3.0,0.0
240,299.0,270.0,169.0,222.0,141.0,102.0,63.0,46.0,-3.0,0.0
241,297.0,267.0,167.0,223.0,141.0,102.0,63.0,46.0,-1.0,0.0
242,297.0,267.0,167.0,223.0,141.0,102.0,63.0,46.0,-1.0,0.0
243,297.0,267.0,167.0,223.0,141.0,102.0,63.0,46.0,-1.0,0.0
244,295.0,264.0,163.0,221.0,139.0,100.0,60.0,44.0,-1.0,0.0
245,295.0,264.0,163.0,221.0,139.0,100.0,60.0,44.0,-1.0,0.0
246,295.0,264.0,163.0,221.0,139.0,100.0,60.0,44.0,-1.0,0.0
247,295.0,264.0,163.0,221.0,139.0,100.0,60.0,44.0,-1.0,0.0
248,295.0,262.0,161.0,217.0,138.0,97.0,58.0,42.0,0.0,0.0
249,295.0,262.0,161.0,217.0,138.0,97.0,58.0,42.0,0.0,0.0
250,295.0,262.0,161.0,217.0,138.0,97.0,58.0,42.0,0.0,0.0
251,295.0,262.0,161.0,217.0,138.0,97.0,58.0,42.0,0.0,0.0
252,290.0,261.0,159.0,215.0,134.0,93.0,54.0,39.0,-1.0,0.0
253,290.0,261.0,159.0,215.0,134.0,93.0,54.0,39.0,-1.0,0.0
254,290.0,261.0,159.0,215.0,134.0,93.0,54.0,39.0,-1.0,0.0
255,288.0,257.0,154.0,210.0,130.0,89.0,50.0,34.0,-4.0,0.0
256,288.0,257.0,154.0,210.0,130.0,89.0,50.0,34.0,-4.0,0.0
257,288.0,257.0,154.0,210.0,130.0,89.0,50.0,34.0,-4.0,0.0
258,288.0,257.0,154.0,210.0,130.0,89.0,50.0,34.0,-4.0,0.0
259,285.0,254.0,153.0,211.0,130.0,89.0,49.0,33.0,1.0,0.0
260,285.0,254.0,153.0,211.0,130.0,89.0,49.0,33.0,1.0,0.0
261,285.0,254.0,153.0,211.0,130.0,89.0,49.0,33.0,1.0,0.0
262,281.0,252.0,150.0,207.0,127.0,85.0,46.0,33.0,-2.0,0.0
263,281.0,252.0,150.0,207.0,127.0,85.0,46.0,33.0,-2.0,0.0
264,281.0,252.0,150.0,207.0,127.0,85.0,46.0,33.0,-2.0,0.0
265,281.0,252.0,150.0,207.0,127.0,85.0,46.0,33.0,-2.0,0.0
266,275.0,245.0,140.0,197.0,123.0,80.0,39.0,28.0,-1.0,0.0
267,275.0,245.0,140.0,197.0,123.0,80.0,39.0,28.0,-1.0,0.0
268,275.0,245.0,140.0,197.0,123.0,80.0,39.0,28.0,-1.0,0.0
269,275.0,245.0,140.0,197.0,123.0,80.0,39.0,28.0,-1.0,0.0
270,276.0,246.0,144.0,200.0,119.0,76.0,38.0,27.0,-1.0,0.0
271,276.0,246.0,144.0,200.0,119.0,76.0,38.0,27.0,-1.0,0.0
272,276.0,246.0,144.0,200.0,119.0,76.0,38.0,27.0,-1.0,0.0
273,275.0,245.0,143.0,199.0,116.0,74.0,34.0,24.0,-3.0,0.0
274,275.0,245.0,143.0,199.0,116.0,74.0,34.0,24.0,-3.0,0.0
275,275.0,245.0,143.0,199.0,116.0,74.0,34.0,24.0,-3.0,0.0
276,275.0,245.0,143.0,199.0,116.0,74.0,34.0,24.0,-3.0,0.0
277,268.0,238.0,136.0,193.0,115.0,73.0,34.0,21.0,-1.0,0.0
278,268.0,238.0,136.0,193.0,115.0,73.0,34.0,21.0,-1.0,0.0
279,268.0,238.0,136.0,193.0,115.0,73.0,34.0,21.0,-1.0,0.0
280,268.0,238.0,136.0,193.0,115.0,73.0,34.0,21.0,-1.0,0.0
281,264.0,234.0,132.0,190.0,110.0,67.0,30.0,20.0,-2.0,0.0
282,264.0,234.0,132.0,190.0,110.0,67.0,30.0,20.0,-2.0,0.0
283,264.0,234.0,132.0,190.0,110.0,67.0,30.0,20.0,-2.0,0.0
284,260.0,232.0,129.0,187.0,108.0,65.0,28.0,19.0,0.0,0.0
285,260.0,232.0,129.0,187.0,108.0,65.0,28.0,19.0,0.0,0.0
286,260.0,232.0,129.0,187.0,108.0,65.0,28.0,19.0,0.0,0.0
287,260.0,232.0,129.0,187.0,108.0,65.0,28.0,19.0,0.0,0.0
288,259.0,231.0,128.0,185.0,107.0,64.0,27.0,20.0,0.0,0.0
289,259.0,231.0,128.0,185.0,107.0,64.0,27.0,20.0,0.0,0.0
290,259.0,231.0,128.0,185.0,107.0,64.0,27.0,20.0,0.0,0.0
291,259.0,231.0,128.0,185.0,107.0,64.0,27.0,20.0,0.0,0.0
292,256.0,226.0,123.0,182.0,104.0,59.0,26.0,17.0,0.0,0.0
293,256.0,226.0,123.0,182.0,104.0,59.0,26.0,17.0,0.0,0.0
294,256.0,226.0,123.0,182.0,104.0,59.0,26.0,17.0,0.0,0.0
295,253.0,224.0,120.0,178.0,100.0,54.0,24.0,17.0,0.0,0.0
296,253.0,224.0,120.0,178.0,100.0,54.0,24.0,17.0,0.0,0.0
297,253.0,224.0,120.0,178.0,100.0,54.0,24.0,17.0,0.0,0.0
298,253.0,224.0,120.0,178.0,100.0,54.0,24.0,17.0,0.0,0.0
299,251.0,223.0,118.0,177.0,98.0,50.0,22.0,15.0,0.0,0.0
300,251.0,223.0,118.0,177.0,98.0,50.0,22.0,15.0,0.0,0.0
301,251.0,223.0,118.0,177.0,98.0,50.0,22.0,15.0,0.0,0.0
302,251.0,223.0,118.0,177.0,98.0,50.0,22.0,15.0,0.0,0.0
303,250.0,219.0,114.0,175.0,95.0,47.0,19.0,14.0,0.0,0.0
304,250.0,219.0,114.0,175.0,95.0,47.0,19.0,14.0,0.0,0.0
305,250.0,219.0,114.0,175.0,95.0,47.0,19.0,14.0,0.0,0.0
306,248.0,220.0,115.0,173.0,92.0,45.0,18.0,12.0,0.0,0.0
307,248.0,220.0,115.0,173.0,92.0,45.0,18.0,12.0,0.0,0.0
308,248.0,220.0,115.0,173.0,92.0,45.0,18.0,12.0,0.0,0.0
309,248.0,220.0,115.0,173.0,92.0,45.0,18.0,12.0,0.0,0.0
310,245.0,218.0,111.0,170.0,92.0,41.0,16.0,11.0,0.0,0.0
311,245.0,218.0,111.0,170.0,92.0,41.0,16.0,11.0,0.0,0.0
312,245.0,218.0,111.0,170.0,92.0,41.0,16.0,11.0,0.0,0.0
313,244.0,215.0,110.0,169.0,88.0,39.0,14.0,10.0,0.0,0.0
314,244.0,215.0,110.0,169.0,88.0,39.0,14.0,10.0,0.0,0.0
315,244.0,215.0,110.0,169.0,88.0,39.0,14.0,10.0,0.0,0.0
316,244.0,215.0,110.0,169.0,88.0,39.0,14.0,10.0,0.0,0.0
317,242.0,212.0,107.0,166.0,87.0,37.0,11.0,8.0,0.0,0.0
318,242.0,212.0,107.0,166.0,87.0,37.0,11.0,8.0,0.0,0.0
319,242.0,212.0,107.0,166.0,87.0,37.0,11.0,8.0,0.0,0.0
320,242.0,212.0,107.0,166.0,87.0,37.0,11.0,8.0,0.0,0.0
321,239.0,212.0,106.0,164.0,84.0,36.0,8.0,7.0,0.0,0.0
322,239.0,212.0,106.0,164.0,84.0,36.0,8.0,7.0,0.0,0.0
323,239.0,212.0,106.0,164.0,84.0,36.0,8.0,7.0,0.0,0.0
324,239.0,212.0,106.0,164.0,84.0,36.0,8.0,7.0,0.0,0.0
325,236.0,210.0,104.0,163.0,82.0,31.0,4.0,4.0,0.0,0.0
326,236.0,210.0,104.0,163.0,82.0,31.0,4.0,4.0,0.0,0.0
327,236.0,210.0,104.0,163.0,82.0,31.0,4.0,4.0,0.0,0.0
328,236.0,208.0,102.0,160.0,82.0,32.0,3.0,5.0,0.0,0.0
329,236.0,208.0,102.0,160.0,82.0,32.0,3.0,5.0,0.0,0.0
330,236.0,208.0,102.0,160.0,82.0,32.0,3.0,5.0,0.0,0.0
331,236.0,208.0,102.0,160.0,82.0,32.0,3.0,5.0,0.0,0.0
332,235.0,207.0,100.0,159.0,82.0,30.0,2.0,4.0,0.0,0.0
333,235.0,207.0,100.0,159.0,82.0,30.0,2.0,4.0,0.0,0.0
334,235.0,207.0,100.0,159.0,82.0,30.0,2.0,4.0,0.0,0.0
335,235.0,207.0,100.0,159.0,82.0,30.0,2.0,4.0,0.0,0.0
336,232.0,205.0,100.0,158.0,80.0,26.0,0.0,1.0,0.0,0.0
337,232.0,205.0,100.0,158.0,80.0,26.0,0.0,1.0,0.0,0.0
338,232.0,205.0,100.0,158.0,80.0,26.0,0.0,1.0,0.0,0.0
339,232.0,205.0,100.0,158.0,80.0,26.0,0.0,1.0,0.0,0.0
340,229.0,201.0,95.0,154.0,76.0,24.0,0.0,0.0,0.0,0.0
341,229.0,201.0,95.0,154.0,76.0,24.0,0.0,0.0,0.0,0.0
342,229.0,201.0,95.0,154.0,76.0,24.0,0.0,0.0,0.0,0.0
343,227.0,199.0,93.0,151.0,75.0,19.0,0.0,0.0,0.0,0.0
344,227.0,199.0,93.0,151.0,75.0,19.0,0.0,0.0,0.0,0.0
345,227.0,199.0,93.0,151.0,75.0,19.0,0.0,0.0,0.0,0.0
346,227.0,199.0,93.0,151.0,75.0,19.0,0.0,0.0,0.0,0.0
347,223.0,196.0,92.0,149.0,71.0,18.0,0.0,0.0,0.0,0.0
348,223.0,196.0,92.0,149.0,71.0,18.0,0.0,0.0,0.0,0.0
349,223.0,196.0,92.0,149.0,71.0,18.0,0.0,0.0,0.0,0.0
350,221.0,195.0,89.0,146.0,71.0,17.0,0.0,0.0,0.0,0.0
351,221.0,195.0,89.0,146.0,71.0,17.0,0.0,0.0,0.0,0.0
352,221.0,195.0,89.0,146.0,71.0,17.0,0.0,0.0,0.0,0.0
353,221.0,195.0,89.0,146.0,71.0,17.0,0.0,0.0,0.0,0.0
354,219.0,190.0,85.0,143.0,70.0,16.0,0.0,0.0,0.0,0.0
355,219.0,190.0,85.0,143.0,70.0,16.0,0.0,0.0,0.0,0.0
356,219.0,190.0,85.0,143.0,70.0,16.0,0.0,0.0,0.0,0.0
357,216.0,190.0,84.0,141.0,69.0,14.0,0.0,0.0,0.0,0.0
358,216.0,190.0,84.0,141.0,69.0,14.0,0.0,0.0,0.0,0.0
359,216.0,190.0,84.0,141.0,69.0,14.0,0.0,0.0,0.0,0.0
360,216.0,190.0,84.0,141.0,69.0,14.0,0.0,0.0,0.0,0.0
361,214.0,187.0,82.0,138.0,66.0,14.0,0.0,0.0,0.0,0.0
362,214.0,187.0,82.0,138.0,66.0,14.0,0.0,0.0,0.0,0.0
363,214.0,187.0,82.0,138.0,66.0,14.0,0.0,0.0,0.0,0.0
364,210.0,184.0,79.0,135.0,65.0,13.0,0.0,0.0,0.0,0.0
365,210.0,184.0,79.0,135.0,65.0,13.0,0.0,0.0,0.0,0.0
366,210.0,184.0,79.0,135.0,65.0,13.0,0.0,0.0,0.0,0.0
367,210.0,184.0,79.0,135.0,65.0,13.0,0.0,0.0,0.0,0.0
368,210.0,183.0,78.0,132.0,64.0,11.0,0.0,0.0,0.0,0.0
369,210.0,183.0,78.0,132.0,64.0,11.0,0.0,0.0,0.0,0.0
370,210.0,183.0,78.0,132.0,64.0,11.0,0.0,0.0,0.0,0.0
371,210.0,183.0,78.0,132.0,64.0,11.0,0.0,0.0,0.0,0.0
372,207.0,182.0,79.0,130.0,60.0,9.0,0.0,0.0,0.0,0.0
373,207.0,182.0,79.0,130.0,60.0,9.0,0.0,0.0,0.0,0.0
374,207.0,182.0,79.0,130.0,60.0,9.0,0.0,0.0,0.0,0.0
375,204.0,182.0,79.0,130.0,62.0,10.0,0.0,0.0,0.0,0.0
376,204.0,178.0,75.0,126.0,62.0,10.0,0.0,0.0,0.0,0.0
377,204.0,178.0,75.0,126.0,62.0,10.0,0.0,0.0,0.0,0.0
378,204.0,178.0,75.0,126.0,62.0,10.0,0.0,0.0,0.0,0.0
379,204.0,178.0,75.0,126.0,62.0,10.0,0.0,0.0,0.0,0.0
380,202.0,177.0,72.0,124.0,57.0,6.0,0.0,0.0,0.0,0.0
381,202.0,177.0,72.0,124.0,57.0,6.0,0.0,0.0,0.0,0.0
382,202.0,177.0,72.0,124.0,57.0,6.0,0.0,0.0,0.0,0.0
383,202.0,177.0,72.0,124.0,57.0,6.0,0.0,0.0,0.0,0.0
384,197.0,171.0,69.0,119.0,58.0,7.0,0.0,0.0,0.0,0.0
385,197.0,171.0,69.0,119.0,58.0,7.0,0.0,0.0,0.0,0.0
386,197.0,171.0,69.0,119.0,58.0,7.0,0.0,0.0,0.0,0.0
387,194.0,168.0,65.0,115.0,55.0,5.0,0.0,0.0,0.0,0.0
388,194.0,168.0,65.0,115.0,55.0,5.0,0.0,0.0,0.0,0.0
389,194.0,168.0,65.0,115.0,55.0,5.0,0.0,0.0,0.0,0.0
390,194.0,168.0,65.0,115.0,55.0,5.0,0.0,0.0,0.0,0.0
391,193.0,168.0,65.0,111.0,52.0,3.0,0.0,0.0,0.0,0.0
392,193.0,168.0,65.0,111.0,52.0,3.0,0.0,0.0,0.0,0.0
393,193.0,168.0,65.0,111.0,52.0,3.0,0.0,0.0,0.0,0.0
394,188.0,162.0,61.0,106.0,51.0,0.0,0.0,0.0,0.0,0.0
395,188.0,162.0,61.0,106.0,51.0,0.0,0.0,0.0,0.0,0.0
396,188.0,162.0,61.0,106.0,51.0,0.0,0.0,0.0,0.0,0.0
397,188.0,162.0,61.0,106.0,51.0,0.0,0.0,0.0,0.0,0.0
398,184.0,161.0,61.0,100.0,50.0,1.0,0.0,0.0,0.0,0.0
399,184.0,161.0,61.0,100.0,50.0,1.0,0.0,0.0,0.0,0.0
400,184.0,161.0,61.0,100.0,50.0,1.0,0.0,0.0,0.0,0.0
401,184.0,161.0,61.0,100.0,50.0,1.0,0.0,0.0,0.0,0.0
402,181.0,158.0,60.0,98.0,48.0,0.0,0.0,0.0,0.0,0.0
403,181.0,158.0,60.0,98.0,48.0,0.0,0.0,0.0,0.0,0.0
404,181.0,158.0,60.0,98.0,48.0,0.0,0.0,0.0,0.0,0.0
405,177.0,153.0,55.0,92.0,52.0,1.0,0.0,0.0,0.0,0.0
406,177.0,153.0,55.0,92.0,52.0,1.0,0.0,0.0,0.0,0.0
407,177.0,153.0,55.0,92.0,52.0,1.0,0.0,0.0,0.0,0.0
408,177.0,153.0,55.0,92.0,52.0,1.0,0.0,0.0,0.0,0.0
409,173.0,149.0,53.0,88.0,47.0,0.0,0.0,0.0,0.0,0.0
410,173.0,149.0,53.0,88.0,47.0,0.0,0.0,0.0,0.0,0.0
411,173.0,149.0,53.0,88.0,47.0,0.0,0.0,0.0,0.0,0.0
412,173.0,149.0,53.0,88.0,47.0,0.0,0.0,0.0,0.0,0.0
413,170.0,145.0,49.0,83.0,47.0,0.0,0.0,0.0,0.0,0.0
414,170.0,145.0,49.0,83.0,47.0,0.0,0.0,0.0,0.0,0.0
415,170.0,145.0,49.0,83.0,47.0,0.0,0.0,0.0,0.0,0.0
416,167.0,145.0,50.0,81.0,44.0,0.0,0.0,0.0,0.0,0.0
417,167.0,145.0,50.0,81.0,44.0,0.0,0.0,0.0,0.0,0.0
418,167.0,145.0,50.0,81.0,44.0,0.0,0.0,0.0,0.0,0.0
419,167.0,145.0,50.0,81.0,44.0,0.0,0.0,0.0,0.0,0.0
420,163.0,141.0,47.0,76.0,41.0,0.0,0.0,0.0,0.0,0.0
421,163.0,141.0,47.0,76.0,41.0,0.0,0.0,0.0,0.0,0.0
422,163.0,141.0,47.0,76.0,41.0,0.0,0.0,0.0,0.0,0.0
423,163.0,141.0,47.0,76.0,41.0,0.0,0.0,0.0,0.0,0.0
424,161.0,140.0,46.0,73.0,42.0,0.0,0.0,0.0,0.0,0.0
425,161.0,140.0,46.0,73.0,42.0,0.0,0.0,0.0,0.0,0.0
426,161.0,140.0,46.0,73.0,42.0,0.0,0.0,0.0,0.0,0.0
427,161.0,140.0,46.0,73.0,42.0,0.0,0.0,0.0,0.0,0.0
428,159.0,137.0,43.0,70.0,42.0,0.0,0.0,0.0,0.0,0.0
429,159.0,137.0,43.0,70.0,42.0,0.0,0.0,0.0,0.0,0.0
430,159.0,137.0,43.0,70.0,42.0,0.0,0.0,0.0,0.0,0.0
431,159.0,137.0,43.0,70.0,42.0,0.0,0.0,0.0,0.0,0.0
432,156.0,133.0,41.0,69.0,40.0,0.0,0.0,0.0,0.0,0.0
433,156.0,133.0,41.0,69.0,40.0,0.0,0.0,0.0,0.0,0.0
434,156.0,133.0,41.0,69.0,40.0,0.0,0.0,0.0,0.0,0.0
435,153.0,133.0,41.0,67.0,39.0,0.0,0.0,0.0,0.0,0.0
436,153.0,133.0,41.0,67.0,39.0,0.0,0.0,0.0,0.0,0.0
437,153.0,133.0,41.0,67.0,39.0,0.0,0.0,0.0,0.0,0.0
438,153.0,133.0,41.0,67.0,39.0,0.0,0.0,0.0,0.0,0.0
439,153.0,131.0,37.0,64.0,40.0,0.0,0.0,0.0,0.0,0.0
440,153.0,131.0,37.0,64.0,40.0,0.0,0.0,0.0,0.0,0.0
441,153.0,131.0,37.0,64.0,40.0,0.0,0.0,0.0,0.0,0.0
442,153.0,131.0,37.0,64.0,40.0,0.0,0.0,0.0,0.0,0.0
443,148.0,127.0,36.0,62.0,39.0,0.0,0.0,0.0,0.0,0.0
444,148.0,127.0,36.0,62.0,39.0,0.0,0.0,0.0,0.0,0.0
445,148.0,127.0,36.0,62.0,39.0,0.0,0.0,0.0,0.0,0.0
446,148.0,128.0,36.0,60.0,38.0,0.0,0.0,0.0,0.0,0.0
447,148.0,128.0,36.0,60.0,38.0,0.0,0.0,0.0,0.0,0.0
448,148.0,128.0,36.0,60.0,38.0,0.0,0.0,0.0,0.0,0.0
449,148.0,128.0,36.0,60.0,38.0,0.0,0.0,0.0,0.0,0.0
450,146.0,126.0,35.0,58.0,37.0,0.0,0.0,0.0,0.0,0.0
451,146.0,126.0,35.0,58.0,37.0,0.0,0.0,0.0,0.0,0.0
452,146.0,126.0,35.0,58.0,37.0,0.0,0.0,0.0,0.0,0.0
453,146.0,126.0,35.0,58.0,37.0,0.0,0.0,0.0,0.0,0.0
454,144.0,123.0,31.0,55.0,35.0,0.0,0.0,0.0,0.0,0.0
455,144.0,123.0,31.0,55.0,35.0,0.0,0.0,0.0,0.0,0.0
456,144.0,123.0,31.0,55.0,35.0,0.0,0.0,0.0,0.0,0.0
457,142.0,121.0,30.0,54.0,32.0,0.0,0.0,0.0,0.0,0.0
458,142.0,121.0,30.0,54.0,32.0,0.0,0.0,0.0,0.0,0.0
459,142.0,121.0,30.0,54.0,32.0,0.0,0.0,0.0,0.0,0.0
460,142.0,121.0,30.0,54.0,32.0,0.0,0.0,0.0,0.0,0.0
461,140.0,121.0,31.0,53.0,32.0,0.0,0.0,0.0,0.0,0.0
462,140.0,121.0,31.0,53.0,32.0,0.0,0.0,0.0,0.0,0.0
463,140.0,121.0,31.0,53.0,32.0,0.0,0.0,0.0,0.0,0.0
464,140.0,121.0,31.0,53.0,32.0,0.0,0.0,0.0,0.0,0.0
465,140.0,120.0,30.0,51.0,31.0,0.0,0.0,0.0,0.0,0.0
466,140.0,120.0,30.0,51.0,31.0,0.0,0.0,0.0,0.0,0.0
467,140.0,120.0,30.0,51.0,31.0,0.0,0.0,0.0,0.0,0.0
468,138.0,117.0,27.0,48.0,26.0,0.0,0.0,0.0,0.0,0.0
469,138.0,117.0,27.0,48.0,26.0,0.0,0.0,0.0,0.0,0.0
470,138.0,117.0,27.0,48.0,26.0,0.0,0.0,0.0,0.0,0.0
471,138.0,117.0,27.0,48.0,26.0,0.0,0.0,0.0,0.0,0.0
472,136.0,116.0,29.0,46.0,26.0,0.0,0.0,0.0,0.0,0.0
473,136.0,116.0,29.0,46.0,26.0,0.0,0.0,0.0,0.0,0.0
474,136.0,116.0,29.0,46.0,26.0,0.0,0.0,0.0,0.0,0.0
475,136.0,116.0,29.0,46.0,26.0,0.0,0.0,0.0,0.0,0.0
476,135.0,116.0,29.0,43.0,18.0,0.0,0.0,0.0,0.0,0.0
477,135.0,116.0,29.0,43.0,18.0,0.0,0.0,0.0,0.0,0.0
478,135.0,116.0,29.0,43.0,18.0,0.0,0.0,0.0,0.0,0.0
479,131.0,112.0,25.0,42.0,14.0,0.0,0.0,0.0,0.0,0.0
480,131.0,112.0,25.0,42.0,14.0,0.0,0.0,0.0,0.0,0.0
481,131.0,112.0,25.0,42.0,14.0,0.0,0.0,0.0,0.0,0.0
482,131.0,112.0,25.0,42.0,14.0,0.0,0.0,0.0,0.0,0.0
483,131.0,113.0,27.0,40.0,16.0,0.0,0.0,0.0,0.0,0.0
484,131.0,113.0,27.0,40.0,16.0,0.0,0.0,0.0,0.0,0.0
485,131.0,113.0,27.0,40.0,16.0,0.0,0.0,0.0,0.0,0.0
486,128.0,110.0,26.0,38.0,14.0,0.0,0.0,0.0,0.0,0.0
487,128.0,110.0,26.0,38.0,14.0,0.0,0.0,0.0,0.0,0.0
488,128.0,110.0,26.0,38.0,14.0,0.0,0.0,0.0,0.0,0.0
489,128.0,110.0,26.0,38.0,14.0,0.0,0.0,0.0,0.0,0.0
490,127.0,109.0,24.0,33.0,14.0,0.0,0.0,0.0,0.0,0.0
491,127.0,109.0,24.0,33.0,14.0,0.0,0.0,0.0,0.0,0.0
492,127.0,109.0,24.0,33.0,14.0,0.0,0.0,0.0,0.0,0.0
493,127.0,109.0,24.0,33.0,14.0,0.0,0.0,0.0,0.0,0.0
494,125.0,106.0,24.0,30.0,11.0,0.0,0.0,0.0,0.0,0.0
495,125.0,106.0,24.0,30.0,11.0,0.0,0.0,0.0,0.0,0.0
496,125.0,106.0,24.0,30.0,11.0,0.0,0.0,0.0,0.0,0.0
497,125.0,106.0,24.0,30.0,11.0,0.0,0.0,0.0,0.0,0.0
498,124.0,107.0,24.0,21.0,12.0,0.0,0.0,0.0,0.0,0.0
499,124.0,107.0,24.0,21.0,12.0,0.0,0.0,0.0,0.0,0.0
500,124.0,107.0,24.0,21.0,12.0,0.0,0.0,0.0,0.0,0.0
501,122.0,104.0,22.0,19.0,10.0,0.0,0.0,0.0,0.0,0.0
502,122.0,104.0,22.0,19.0,10.0,0.0,0.0,0.0,0.0,0.0
503,122.0,104.0,22.0,19.0,10.0,0.0,0.0,0.0,0.0,0.0
504,122.0,104.0,22.0,19.0,10.0,0.0,0.0,0.0,0.0,0.0
505,120.0,102.0,21.0,19.0,11.0,0.0,0.0,0.0,0.0,0.0
506,120.0,102.0,21.0,19.0,11.0,0.0,0.0,0.0,0.0,0.0
507,120.0,102.0,21.0,19.0,11.0,0.0,0.0,0.0,0.0,0.0
508,118.0,99.0,20.0,16.0,7.0,0.0,0.0,0.0,0.0,0.0
509,118.0,99.0,20.0,16.0,7.0,0.0,0.0,0.0,0.0,0.0
510,118.0,99.0,20.0,16.0,7.0,0.0,0.0,0.0,0.0,0.0
511,118.0,99.0,20.0,16.0,7.0,0.0,0.0,0.0,0.0,0.0
512,118.0,99.0,22.0,15.0,3.0,0.0,0.0,0.0,0.0,0.0
513,118.0,99.0,22.0,15.0,3.0,0.0,0.0,0.0,0.0,0.0
514,118.0,99.0,22.0,15.0,3.0,0.0,0.0,0.0,0.0,0.0
515,118.0,99.0,22.0,15.0,3.0,0.0,0.0,0.0,0.0,0.0
516,118.0,99.0,21.0,13.0,0.0,0.0,0.0,0.0,0.0,0.0
517,118.0,99.0,21.0,13.0,0.0,0.0,0.0,0.0,0.0,0.0
518,118.0,99.0,21.0,13.0,0.0,0.0,0.0,0.0,0.0,0.0
519,116.0,98.0,21.0,11.0,0.0,0.0,0.0,0.0,0.0,0.0
520,116.0,98.0,21.0,11.0,0.0,0.0,0.0,0.0,0.0,0.0
521,116.0,98.0,21.0,11.0,0.0,0.0,0.0,0.0,0.0,0.0
522,116.0,98.0,21.0,11.0,0.0,0.0,0.0,0.0,0.0,0.0
523,116.0,98.0,21.0,10.0,0.0,0.0,0.0,0.0,0.0,0.0
524,116.0,98.0,21.0,10.0,0.0,0.0,0.0,0.0,0.0,0.0
525,116.0,98.0,21.0,10.0,0.0,0.0,0.0,0.0,0.0,0.0
526,116.0,98.0,21.0,10.0,0.0,0.0,0.0,0.0,0.0,0.0
527,114.0,94.0,19.0,9.0,0.0,0.0,0.0,0.0,0.0,0.0
528,114.0,94.0,19.0,9.0,0.0,0.0,0.0,0.0,0.0,0.0
529,114.0,94.0,19.0,9.0,0.0,0.0,0.0,0.0,0.0,0.0
530,112.0,92.0,18.0,9.0,1.0,0.0,0.0,0.0,0.0,0.0
531,112.0,92.0,18.0,9.0,1.0,0.0,0.0,0.0,0.0,0.0
532,112.0,92.0,18.0,9.0,1.0,0.0,0.0,0.0,0.0,0.0
533,112.0,92.0,18.0,9.0,1.0,0.0,0.0,0.0,0.0,0.0
534,112.0,93.0,18.0,6.0,0.0,0.0,0.0,0.0,0.0,0.0
535,112.0,93.0,18.0,6.0,0.0,0.0,0.0,0.0,0.0,0.0
536,112.0,93.0,18.0,6.0,0.0,0.0,0.0,0.0,0.0,0.0
537,112.0,93.0,18.0,6.0,0.0,0.0,0.0,0.0,0.0,0.0
538,109.0,90.0,17.0,5.0,0.0,0.0,0.0,0.0,0.0,0.0
539,109.0,90.0,17.0,5.0,0.0,0.0,0.0,0.0,0.0,0.0
540,109.0,90.0,17.0,5.0,0.0,0.0,0.0,0.0,0.0,0.0
541,108.0,88.0,16.0,6.0,0.0,0.0,0.0,0.0,0.0,0.0
542,108.0,88.0,16.0,6.0,0.0,0.0,0.0,0.0,0.0,0.0
543,108.0,88.0,16.0,6.0,0.0,0.0,0.0,0.0,0.0,0.0
544,108.0,88.0,16.0,6.0,0.0,0.0,0.0,0.0,0.0,0.0
545,107.0,86.0,15.0,5.0,0.0,0.0,0.0,0.0,0.0,0.0
546,107.0,86.0,15.0,5.0,0.0,0.0,0.0,0.0,0.0,0.0
547,107.0,86.0,15.0,5.0,0.0,0.0,0.0,0.0,0.0,0.0
548,107.0,86.0,15.0,5.0,0.0,0.0,0.0,0.0,0.0,0.0
549,107.0,87.0,17.0,7.0,0.0,0.0,0.0,0.0,0.0,0.0
550,107.0,87.0,17.0,7.0,0.0,0.0,0.0,0.0,0.0,0.0
551,107.0,87.0,17.0,7.0,0.0,0.0,0.0,0.0,0.0,0.0
552,105.0,84.0,16.0,7.0,0.0,0.0,0.0,0.0,0.0,0.0
553,105.0,84.0,16.0,7.0,0.0,0.0,0.0,0.0,0.0,0.0
554,105.0,84.0,16.0,7.0,0.0,0.0,0.0,0.0,0.0,0.0
555,105.0,84.0,16.0,7.0,0.0,0.0,0.0,0.0,0.0,0.0
556,105.0,84.0,15.0,5.0,0.0,0.0,0.0,0.0,0.0,0.0
557,105.0,84.0,15.0,5.0,0.0,0.0,0.0,0.0,0.0,0.0
558,105.0,84.0,15.0,5.0,0.0,0.0,0.0,0.0,0.0,0.0
559,105.0,84.0,15.0,5.0,0.0,0.0,0.0,0.0,0.0,0.0
560,103.0,80.0,11.0,4.0,0.0,0.0,0.0,0.0,0.0,0.0
561,103.0,80.0,11.0,4.0,0.0,0.0,0.0,0.0,0.0,0.0
562,103.0,80.0,11.0,4.0,0.0,0.0,0.0,0.0,0.0,0.0
563,103.0,80.0,11.0,4.0,0.0,0.0,0.0,0.0,0.0,0.0
564,100.0,79.0,12.0,5.0,0.0,0.0,0.0,0.0,0.0,0.0
565,100.0,79.0,12.0,5.0,0.0,0.0,0.0,0.0,0.0,0.0
566,100.0,79.0,12.0,5.0,0.0,0.0,0.0,0.0,0.0,0.0
567,100.0,78.0,12.0,4.0,0.0,0.0,0.0,0.0,0.0,0.0
568,100.0,78.0,12.0,4.0,0.0,0.0,0.0,0.0,0.0,0.0
569,100.0,78.0,12.0,4.0,0.0,0.0,0.0,0.0,0.0,0.0
570,100.0,78.0,12.0,4.0,0.0,0.0,0.0,0.0,0.0,0.0
571,98.0,76.0,12.0,4.0,0.0,0.0,0.0,0.0,0.0,0.0
572,98.0,76.0,12.0,4.0,0.0,0.0,0.0,0.0,0.0,0.0
573,98.0,76.0,12.0,4.0,0.0,0.0,0.0,0.0,0.0,0.0
574,98.0,76.0,12.0,4.0,0.0,0.0,0.0,0.0,0.0,0.0
575,96.0,72.0,8.0,2.0,0.0,0.0,0.0,0.0,0.0,0.0
576,96.0,72.0,8.0,2.0,0.0,0.0,0.0,0.0,0.0,0.0
577,96.0,72.0,8.0,2.0,0.0,0.0,0.0,0.0,0.0,0.0
578,93.0,70.0,10.0,3.0,0.0,0.0,0.0,0.0,0.0,0.0
579,93.0,70.0,10.0,3.0,0.0,0.0,0.0,0.0,0.0,0.0
580,93.0,70.0,10.0,3.0,0.0,0.0,0.0,0.0,0.0,0.0
581,93.0,70.0,10.0,3.0,0.0,0.0,0.0,0.0,0.0,0.0
582,91.0,68.0,9.0,2.0,0.0,0.0,0.0,0.0,0.0,0.0
583,91.0,68.0,9.0,2.0,0.0,0.0,0.0,0.0,0.0,0.0
584,91.0,68.0,9.0,2.0,0.0,0.0,0.0,0.0,0.0,0.0
585,87.0,62.0,6.0,1.0,0.0,0.0,0.0,0.0,0.0,0.0
586,87.0,62.0,6.0,1.0,0.0,0.0,0.0,0.0,0.0,0.0
587,87.0,62.0,6.0,1.0,0.0,0.0,0.0,0.0,0.0,0.0
588,87.0,62.0,6.0,1.0,0.0,0.0,0.0,0.0,0.0,0.0
589,86.0,62.0,8.0,2.0,0.0,0.0,0.0,0.0,0.0,0.0
590,86.0,62.0,8.0,2.0,0.0,0.0,0.0,0.0,0.0,0.0
591,86.0,62.0,8.0,2.0,0.0,0.0,0.0,0.0,0.0,0.0
592,86.0,62.0,8.0,2.0,0.0,0.0,0.0,0.0,0.0,0.0
593,82.0,58.0,6.0,1.0,0.0,0.0,0.0,0.0,0.0,0.0
594,82.0,58.0,6.0,1.0,0.0,0.0,0.0,0.0,0.0,0.0
595,82.0,58.0,6.0,1.0,0.0,0.0,0.0,0.0,0.0,0.0
596,79.0,53.0,2.0,0.0,0.0,0.0,0.0,0.0,0.0,0.0
597,79.0,53.0,2.0,0.0,0.0,0.0,0.0,0.0,0.0,0.0
598,79.0,53.0,2.0,0.0,0.0,0.0,0.0,0.0,0.0,0.0
599,79.0,53.0,2.0,0.0,0.0,0.0,0.0,0.0,0.0,0.0
600,75.0,51.0,3.0,1.0,0.0,0.0,0.0,0.0,0.0,0.0
601,75.0,51.0,3.0,1.0,0.0,0.0,0.0,0.0,0.0,0.0
602,75.0,51.0,3.0,1.0,0.0,0.0,0.0,0.0,0.0,0.0
603,75.0,51.0,3.0,1.0,0.0,0.0,0.0,0.0,0.0,0.0
604,74.0,48.0,1.0,0.0,0.0,0.0,0.0,0.0,0.0,0.0
605,74.0,48.0,1.0,0.0,0.0,0.0,0.0,0.0,0.0,0.0
606,74.0,48.0,1.0,0.0,0.0,0.0,0.0,0.0,0.0,0.0
607,71.0,47.0,2.0,1.0,0.0,0.0,0.0,0.0,0.0,0.0
608,71.0,47.0,2.0,1.0,0.0,0.0,0.0,0.0,0.0,0.0
609,71.0,47.0,2.0,1.0,0.0,0.0,0.0,0.0,0.0,0.0
610,71.0,47.0,2.0,1.0,0.0,0.0,0.0,0.0,0.0,0.0
611,69.0,44.0,0.0,0.0,0.0,0.0,0.0,0.0,0.0,0.0
612,69.0,44.0,0.0,0.0,0.0,0.0,0.0,0.0,0.0,0.0
613,69.0,44.0,0.0,0.0,0.0,0.0,0.0,0.0,0.0,0.0
614,69.0,44.0,0.0,0.0,0.0,0.0,0.0,0.0,0.0,0.0
615,64.0,38.0,0.0,0.0,0.0,0.0,0.0,0.0,0.0,0.0
616,64.0,38.0,0.0,0.0,0.0,0.0,0.0,0.0,0.0,0.0
617,64.0,38.0,0.0,0.0,0.0,0.0,0.0,0.0,0.0,0.0
618,62.0,37.0,0.0,0.0,0.0,0.0,0.0,0.0,0.0,0.0
619,62.0,37.0,0.0,0.0,0.0,0.0,0.0,0.0,0.0,0.0
620,62.0,37.0,0.0,0.0,0.0,0.0,0.0,0.0,0.0,0.0
621,62.0,37.0,0.0,0.0,0.0,0.0,0.0,0.0,0.0,0.0
622,60.0,35.0,0.0,0.0,0.0,0.0,0.0,0.0,0.0,0.0
623,60.0,35.0,0.0,0.0,0.0,0.0,0.0,0.0,0.0,0.0
624,60.0,35.0,0.0,0.0,0.0,0.0,0.0,0.0,0.0,0.0
625,60.0,35.0,0.0,0.0,0.0,0.0,0.0,0.0,0.0,0.0
626,56.0,29.0,0.0,0.0,0.0,0.0,0.0,0.0,0.0,0.0
627,56.0,29.0,0.0,0.0,0.0,0.0,0.0,0.0,0.0,0.0
628,56.0,29.0,0.0,0.0,0.0,0.0,0.0,0.0,0.0,0.0
629,56.0,29.0,0.0,0.0,0.0,0.0,0.0,0.0,0.0,0.0
630,55.0,27.0,0.0,0.0,0.0,0.0,0.0,0.0,0.0,0.0
631,55.0,27.0,0.0,0.0,0.0,0.0,0.0,0.0,0.0,0.0
632,55.0,27.0,0.0,0.0,0.0,0.0,0.0,0.0,0.0,0.0
633,50.0,22.0,0.0,0.0,0.0,0.0,0.0,0.0,0.0,0.0
634,50.0,22.0,0.0,0.0,0.0,0.0,0.0,0.0,0.0,0.0
635,50.0,22.0,0.0,0.0,0.0,0.0,0.0,0.0,0.0,0.0
636,50.0,22.0,0.0,0.0,0.0,0.0,0.0,0.0,0.0,0.0
637,46.0,18.0,0.0,0.0,0.0,0.0,0.0,0.0,0.0,0.0
638,46.0,18.0,0.0,0.0,0.0,0.0,0.0,0.0,0.0,0.0
639,46.0,18.0,0.0,0.0,0.0,0.0,0.0,0.0,0.0,0.0
640,46.0,18.0,0.0,0.0,0.0,0.0,0.0,0.0,0.0,0.0
641,43.0,15.0,0.0,0.0,0.0,0.0,0.0,0.0,0.0,0.0
642,43.0,15.0,0.0,0.0,0.0,0.0,0.0,0.0,0.0,0.0
643,43.0,15.0,0.0,0.0,0.0,0.0,0.0,0.0,0.0,0.0
644,43.0,15.0,0.0,0.0,0.0,0.0,0.0,0.0,0.0,0.0
645,40.0,13.0,0.0,0.0,0.0,0.0,0.0,0.0,0.0,0.0
646,40.0,13.0,0.0,0.0,0.0,0.0,0.0,0.0,0.0,0.0
647,40.0,13.0,0.0,0.0,0.0,0.0,0.0,0.0,0.0,0.0
648,36.0,10.0,0.0,0.0,0.0,0.0,0.0,0.0,0.0,0.0
649,36.0,10.0,0.0,0.0,0.0,0.0,0.0,0.0,0.0,0.0
650,36.0,10.0,0.0,0.0,0.0,0.0,0.0,0.0,0.0,0.0
651,36.0,10.0,0.0,0.0,0.0,0.0,0.0,0.0,0.0,0.0
652,29.0,8.0,0.0,0.0,0.0,0.0,0.0,0.0,0.0,0.0
653,29.0,8.0,0.0,0.0,0.0,0.0,0.0,0.0,0.0,0.0
654,29.0,8.0,0.0,0.0,0.0,0.0,0.0,0.0,0.0,0.0
655,28.0,5.0,0.0,0.0,0.0,0.0,0.0,0.0,0.0,0.0
656,28.0,5.0,0.0,0.0,0.0,0.0,0.0,0.0,0.0,0.0
657,28.0,5.0,0.0,0.0,0.0,0.0,0.0,0.0,0.0,0.0
658,28.0,5.0,0.0,0.0,0.0,0.0,0.0,0.0,0.0,0.0
659,23.0,4.0,0.0,0.0,0.0,0.0,0.0,0.0,0.0,0.0
660,23.0,4.0,0.0,0.0,0.0,0.0,0.0,0.0,0.0,0.0
661,23.0,4.0,0.0,0.0,0.0,0.0,0.0,0.0,0.0,0.0
662,23.0,4.0,0.0,0.0,0.0,0.0,0.0,0.0,0.0,0.0
663,18.0,3.0,0.0,0.0,0.0,0.0,0.0,0.0,0.0,0.0
664,18.0,3.0,0.0,0.0,0.0,0.0,0.0,0.0,0.0,0.0
665,18.0,3.0,0.0,0.0,0.0,0.0,0.0,0.0,0.0,0.0
666,13.0,0.0,0.0,0.0,0.0,0.0,0.0,0.0,0.0,0.0
667,13.0,0.0,0.0,0.0,0.0,0.0,0.0,0.0,0.0,0.0
668,13.0,0.0,0.0,0.0,0.0,0.0,0.0,0.0,0.0,0.0
669,13.0,0.0,0.0,0.0,0.0,0.0,0.0,0.0,0.0,0.0
670,8.0,1.0,0.0,0.0,0.0,0.0,0.0,0.0,0.0,0.0
671,8.0,1.0,0.0,0.0,0.0,0.0,0.0,0.0,0.0,0.0
672,8.0,1.0,0.0,0.0,0.0,0.0,0.0,0.0,0.0,0.0
673,7.0,0.0,0.0,0.0,0.0,0.0,0.0,0.0,0.0,0.0
674,7.0,0.0,0.0,0.0,0.0,0.0,0.0,0.0,0.0,0.0
675,7.0,0.0,0.0,0.0,0.0,0.0,0.0,0.0,0.0,0.0
676,7.0,0.0,0.0,0.0,0.0,0.0,0.0,0.0,0.0,0.0
677,3.0,0.0,0.0,0.0,0.0,0.0,0.0,0.0,0.0,0.0
678,3.0,0.0,0.0,0.0,0.0,0.0,0.0,0.0,0.0,0.0
679,3.0,0.0,0.0,0.0,0.0,0.0,0.0,0.0,0.0,0.0
680,3.0,0.0,0.0,0.0,0.0,0.0,0.0,0.0,0.0,0.0
681,3.0,0.0,0.0,0.0,0.0,0.0,0.0,0.0,0.0,0.0
682,3.0,0.0,0.0,0.0,0.0,0.0,0.0,0.0,0.0,0.0
683,3.0,0.0,0.0,0.0,0.0,0.0,0.0,0.0,0.0,0.0
684,2.0,0.0,0.0,0.0,0.0,0.0,0.0,0.0,0.0,0.0
685,2.0,0.0,0.0,0.0,0.0,0.0,0.0,0.0,0.0,0.0
686,2.0,0.0,0.0,0.0,0.0,0.0,0.0,0.0,0.0,0.0
687,2.0,0.0,0.0,0.0,0.0,0.0,0.0,0.0,0.0,0.0
688,0.0,0.0,0.0,0.0,0.0,0.0,0.0,0.0,0.0,0.0
689,0.0,0.0,0.0,0.0,0.0,0.0,0.0,0.0,0.0,0.0
690,0.0,0.0,0.0,0.0,0.0,0.0,0.0,0.0,0.0,0.0
691,0.0,0.0,0.0,0.0,0.0,0.0,0.0,0.0,0.0,0.0
692,0.0,0.0,0.0,0.0,0.0,0.0,0.0,0.0,0.0,0.0
693,0.0,0.0,0.0,0.0,0.0,0.0,0.0,0.0,0.0,0.0
694,0.0,0.0,0.0,0.0,0.0,0.0,0.0,0.0,0.0,0.0
695,0.0,0.0,0.0,0.0,0.0,0.0,0.0,0.0,0.0,0.0
696,0.0,0.0,0.0,0.0,0.0,0.0,0.0,0.0,0.0,0.0
697,0.0,0.0,0.0,0.0,0.0,0.0,0.0,0.0,0.0,0.0
698,0.0,0.0,0.0,0.0,0.0,0.0,0.0,0.0,0.0,0.0
699,0.0,0.0,0.0,0.0,0.0,0.0,0.0,0.0,0.0,0.0
700,0.0,0.0,0.0,0.0,0.0,0.0,0.0,0.0,0.0,0.0
701,0.0,0.0,0.0,0.0,0.0,0.0,0.0,0.0,0.0,0.0
702,0.0,0.0,0.0,0.0,0.0,0.0,0.0,0.0,0.0,0.0
703,0.0,0.0,0.0,0.0,0.0,0.0,0.0,0.0,0.0,0.0
704,0.0,0.0,0.0,0.0,0.0,0.0,0.0,0.0,0.0,0.0
705,0.0,0.0,0.0,0.0,0.0,0.0,0.0,0.0,0.0,0.0
706,0.0,0.0,0.0,0.0,0.0,0.0,0.0,0.0,0.0,0.0
707,0.0,0.0,0.0,0.0,0.0,0.0,0.0,0.0,0.0,0.0
708,0.0,0.0,0.0,0.0,0.0,0.0,0.0,0.0,0.0,0.0
709,0.0,0.0,0.0,0.0,0.0,0.0,0.0,0.0,0.0,0.0
710,0.0,0.0,0.0,0.0,0.0,0.0,0.0,0.0,0.0,0.0
711,0.0,0.0,0.0,0.0,0.0,0.0,0.0,0.0,0.0,0.0
712,0.0,0.0,0.0,0.0,0.0,0.0,0.0,0.0,0.0,0.0
713,0.0,0.0,0.0,0.0,0.0,0.0,0.0,0.0,0.0,0.0
714,0.0,0.0,0.0,1.0,0.0,0.0,0.0,0.0,0.0,0.0
715,0.0,0.0,0.0,1.0,0.0,0.0,0.0,0.0,0.0,0.0
716,0.0,0.0,0.0,1.0,0.0,0.0,0.0,0.0,0.0,0.0
717,0.0,0.0,0.0,0.0,0.0,0.0,0.0,0.0,0.0,0.0
718,0.0,0.0,0.0,0.0,0.0,0.0,0.0,0.0,0.0,0.0
719,0.0,0.0,0.0,0.0,0.0,0.0,0.0,0.0,0.0,0.0
720,0.0,0.0,0.0,0.0,0.0,0.0,0.0,0.0,0.0,0.0
721,0.0,0.0,0.0,0.0,0.0,0.0,0.0,0.0,0.0,0.0
722,0.0,0.0,0.0,0.0,0.0,0.0,0.0,0.0,0.0,0.0
723,0.0,0.0,0.0,0.0,0.0,0.0,0.0,0.0,0.0,0.0
724,0.0,0.0,0.0,0.0,0.0,0.0,0.0,0.0,0.0,0.0
725,0.0,0.0,0.0,0.0,0.0,0.0,0.0,0.0,0.0,0.0
726,0.0,0.0,0.0,0.0,0.0,0.0,0.0,0.0,0.0,0.0
727,0.0,0.0,0.0,0.0,0.0,0.0,0.0,0.0,0.0,0.0
728,0.0,0.0,0.0,0.0,0.0,0.0,0.0,0.0,0.0,0.0
729,0.0,0.0,0.0,0.0,0.0,0.0,0.0,0.0,0.0,0.0
730,0.0,0.0,0.0,0.0,0.0,0.0,0.0,0.0,0.0,0.0
731,0.0,0.0,0.0,0.0,0.0,0.0,0.0,0.0,0.0,0.0
732,0.0,0.0,0.0,0.0,0.0,0.0,0.0,0.0,0.0,0.0
733,0.0,0.0,0.0,0.0,0.0,0.0,0.0,0.0,0.0,0.0
734,0.0,0.0,0.0,0.0,0.0,0.0,0.0,0.0,0.0,0.0
735,0.0,0.0,0.0,0.0,0.0,0.0,0.0,0.0,0.0,0.0
736,0.0,0.0,0.0,0.0,0.0,0.0,0.0,0.0,0.0,0.0
737,0.0,0.0,0.0,0.0,0.0,0.0,0.0,0.0,0.0,0.0
738,0.0,0.0,0.0,0.0,0.0,0.0,0.0,0.0,0.0,0.0
739,0.0,0.0,0.0,0.0,0.0,0.0,0.0,0.0,0.0,0.0
740,0.0,0.0,0.0,0.0,0.0,0.0,0.0,0.0,0.0,0.0
741,0.0,0.0,0.0,0.0,0.0,0.0,0.0,0.0,0.0,0.0
742,0.0,0.0,0.0,0.0,0.0,0.0,0.0,0.0,0.0,0.0
743,0.0,0.0,0.0,0.0,0.0,0.0,0.0,0.0,0.0,0.0
744,0.0,0.0,0.0,0.0,0.0,0.0,0.0,0.0,0.0,0.0
745,0.0,0.0,0.0,0.0,0.0,0.0,0.0,0.0,0.0,0.0
746,0.0,0.0,0.0,0.0,0.0,0.0,0.0,0.0,0.0,0.0
747,0.0,0.0,0.0,0.0,0.0,0.0,0.0,0.0,0.0,0.0
748,0.0,0.0,0.0,0.0,0.0,0.0,0.0,0.0,0.0,0.0
749,0.0,0.0,0.0,0.0,0.0,0.0,0.0,0.0,0.0,0.0
750,0.0,0.0,0.0,0.0,0.0,0.0,0.0,0.0,0.0,0.0
751,0.0,0.0,0.0,0.0,0.0,0.0,0.0,0.0,0.0,0.0
752,0.0,0.0,0.0,0.0,0.0,0.0,0.0,0.0,0.0,0.0
753,0.0,0.0,0.0,0.0,0.0,0.0,0.0,0.0,0.0,0.0
754,0.0,0.0,0.0,0.0,0.0,0.0,0.0,0.0,0.0,0.0
755,0.0,0.0,0.0,0.0,0.0,0.0,0.0,0.0,0.0,0.0
756,0.0,0.0,0.0,0.0,0.0,0.0,0.0,0.0,0.0,0.0
757,0.0,0.0,0.0,0.0,0.0,0.0,0.0,0.0,0.0,0.0
758,0.0,0.0,0.0,0.0,0.0,0.0,0.0,0.0,0.0,0.0
759,0.0,0.0,0.0,0.0,0.0,0.0,0.0,0.0,0.0,0.0
760,0.0,0.0,0.0,0.0,0.0,0.0,0.0,0.0,0.0,0.0
761,0.0,0.0,0.0,0.0,0.0,0.0,0.0,0.0,0.0,0.0
762,0.0,0.0,0.0,0.0,0.0,0.0,0.0,0.0,0.0,0.0
763,0.0,0.0,0.0,0.0,0.0,0.0,0.0,0.0,0.0,0.0
764,0.0,0.0,0.0,0.0,0.0,0.0,0.0,0.0,0.0,0.0
765,0.0,0.0,0.0,0.0,0.0,0.0,0.0,0.0,0.0,0.0
766,0.0,0.0,0.0,0.0,0.0,0.0,0.0,0.0,0.0,0.0
767,0.0,0.0,0.0,0.0,0.0,0.0,0.0,0.0,0.0,0.0
768,0.0,0.0,0.0,0.0,0.0,0.0,0.0,0.0,0.0,0.0
769,0.0,0.0,0.0,0.0,0.0,0.0,0.0,0.0,0.0,0.0
770,0.0,0.0,0.0,0.0,0.0,0.0,0.0,0.0,0.0,0.0
771,0.0,0.0,0.0,0.0,0.0,0.0,0.0,0.0,0.0,0.0
772,0.0,0.0,0.0,0.0,0.0,0.0,0.0,0.0,0.0,0.0
773,0.0,0.0,0.0,0.0,0.0,0.0,0.0,0.0,0.0,0.0
774,0.0,0.0,0.0,0.0,0.0,0.0,0.0,0.0,0.0,0.0
775,0.0,0.0,0.0,0.0,0.0,0.0,0.0,0.0,0.0,0.0
776,0.0,0.0,0.0,0.0,0.0,0.0,0.0,0.0,0.0,0.0
777,0.0,0.0,0.0,0.0,0.0,0.0,0.0,0.0,0.0,0.0
778,0.0,0.0,0.0,0.0,0.0,0.0,0.0,0.0,0.0,0.0
779,0.0,0.0,0.0,0.0,0.0,0.0,0.0,0.0,0.0,0.0
780,0.0,0.0,0.0,0.0,0.0,0.0,0.0,0.0,0.0,0.0
781,0.0,0.0,0.0,0.0,0.0,0.0,0.0,0.0,0.0,0.0
782,0.0,0.0,0.0,0.0,0.0,0.0,0.0,0.0,0.0,0.0
783,0.0,0.0,0.0,0.0,0.0,0.0,0.0,0.0,0.0,0.0
784,0.0,0.0,0.0,0.0,0.0,0.0,0.0,0.0,0.0,0.0
785,0.0,0.0,0.0,0.0,0.0,0.0,0.0,0.0,0.0,0.0
786,0.0,0.0,0.0,0.0,0.0,0.0,0.0,0.0,0.0,0.0
787,0.0,0.0,0.0,0.0,0.0,0.0,0.0,0.0,0.0,0.0
788,0.0,0.0,0.0,0.0,0.0,0.0,0.0,0.0,0.0,0.0
789,0.0,0.0,0.0,0.0,0.0,0.0,0.0,0.0,0.0,0.0
790,0.0,0.0,0.0,0.0,0.0,0.0,0.0,0.0,0.0,0.0
791,0.0,0.0,0.0,0.0,0.0,0.0,0.0,0.0,0.0,0.0
792,0.0,0.0,0.0,0.0,0.0,0.0,0.0,0.0,0.0,0.0
793,0.0,0.0,0.0,0.0,0.0,0.0,0.0,0.0,0.0,0.0
794,0.0,0.0,0.0,0.0,0.0,0.0,0.0,0.0,0.0,0.0
795,0.0,0.0,0.0,0.0,0.0,0.0,0.0,0.0,0.0,0.0
796,0.0,0.0,0.0,0.0,0.0,0.0,0.0,0.0,0.0,0.0
797,0.0,0.0,0.0,0.0,0.0,0.0,0.0,0.0,0.0,0.0
798,0.0,0.0,0.0,0.0,0.0,0.0,0.0,0.0,0.0,0.0
799,0.0,0.0,0.0,0.0,0.0,0.0,0.0,0.0,0.0,0.0
800,0.0,0.0,0.0,0.0,0.0,0.0,0.0,0.0,0.0,0.0
801,0.0,0.0,0.0,0.0,0.0,0.0,0.0,0.0,0.0,0.0
802,0.0,0.0,0.0,0.0,0.0,0.0,0.0,0.0,0.0,0.0
803,0.0,0.0,0.0,0.0,0.0,0.0,0.0,0.0,0.0,0.0
804,0.0,0.0,0.0,0.0,0.0,0.0,0.0,0.0,0.0,0.0
805,0.0,0.0,0.0,0.0,0.0,0.0,0.0,0.0,0.0,0.0
806,0.0,0.0,0.0,0.0,0.0,0.0,0.0,0.0,0.0,0.0
807,0.0,0.0,0.0,0.0,0.0,0.0,0.0,0.0,0.0,0.0
808,0.0,0.0,0.0,0.0,0.0,0.0,0.0,0.0,0.0,0.0
809,0.0,0.0,0.0,0.0,0.0,0.0,0.0,0.0,0.0,0.0
810,0.0,0.0,0.0,0.0,0.0,0.0,0.0,0.0,0.0,0.0
811,0.0,0.0,0.0,0.0,0.0,0.0,0.0,0.0,0.0,0.0
812,0.0,0.0,0.0,0.0,0.0,0.0,0.0,0.0,0.0,0.0
813,0.0,0.0,0.0,0.0,0.0,0.0,0.0,0.0,0.0,0.0
814,0.0,0.0,0.0,0.0,0.0,0.0,0.0,0.0,0.0,0.0
815,0.0,0.0,0.0,0.0,0.0,0.0,0.0,0.0,0.0,0.0
816,0.0,0.0,0.0,0.0,0.0,0.0,0.0,0.0,0.0,0.0
817,0.0,0.0,0.0,0.0,0.0,0.0,0.0,0.0,0.0,0.0
818,0.0,0.0,0.0,0.0,0.0,0.0,0.0,0.0,0.0,0.0
819,0.0,0.0,0.0,0.0,0.0,0.0,0.0,0.0,0.0,0.0
820,0.0,0.0,0.0,0.0,0.0,0.0,0.0,0.0,0.0,0.0
821,0.0,0.0,0.0,0.0,0.0,0.0,0.0,0.0,0.0,0.0
822,0.0,0.0,0.0,0.0,0.0,0.0,0.0,0.0,0.0,0.0
823,0.0,0.0,0.0,0.0,0.0,0.0,0.0,0.0,0.0,0.0
824,0.0,0.0,0.0,0.0,0.0,0.0,0.0,0.0,0.0,0.0
825,0.0,0.0,0.0,0.0,0.0,0.0,0.0,0.0,0.0,0.0
826,0.0,0.0,0.0,0.0,0.0,0.0,0.0,0.0,0.0,0.0
827,0.0,0.0,0.0,1.0,0.0,0.0,0.0,0.0,0.0,0.0
828,0.0,0.0,0.0,1.0,0.0,0.0,0.0,0.0,0.0,0.0
829,0.0,0.0,0.0,1.0,0.0,0.0,0.0,0.0,0.0,0.0
830,0.0,0.0,0.0,0.0,0.0,0.0,0.0,0.0,0.0,0.0
831,0.0,0.0,0.0,0.0,0.0,0.0,0.0,0.0,0.0,0.0
832,0.0,0.0,0.0,0.0,0.0,0.0,0.0,0.0,0.0,0.0
833,0.0,0.0,0.0,0.0,0.0,0.0,0.0,0.0,0.0,0.0
834,0.0,0.0,0.0,0.0,0.0,0.0,0.0,0.0,0.0,0.0
835,0.0,0.0,0.0,0.0,0.0,0.0,0.0,0.0,0.0,0.0
836,0.0,0.0,0.0,0.0,0.0,0.0,0.0,0.0,0.0,0.0
837,0.0,0.0,0.0,0.0,0.0,0.0,0.0,0.0,0.0,0.0
838,0.0,0.0,0.0,0.0,0.0,0.0,0.0,0.0,0.0,0.0
839,0.0,0.0,0.0,0.0,0.0,0.0,0.0,0.0,0.0,0.0
840,0.0,0.0,0.0,0.0,0.0,0.0,0.0,0.0,0.0,0.0
841,0.0,0.0,0.0,0.0,0.0,0.0,0.0,0.0,0.0,0.0
842,0.0,0.0,0.0,0.0,0.0,0.0,0.0,0.0,0.0,0.0
843,0.0,0.0,0.0,0.0,0.0,0.0,0.0,0.0,0.0,0.0
844,0.0,0.0,0.0,0.0,0.0,0.0,0.0,0.0,0.0,0.0
845,0.0,0.0,0.0,0.0,0.0,0.0,0.0,0.0,0.0,0.0
846,0.0,0.0,0.0,0.0,0.0,0.0,0.0,0.0,0.0,0.0
